time,Unnamed: 0,Tair_[°C],sol_[W/m2],vap_[mbar],cloud_[-],lw_[W/m2],U10_[m/s],Temp_[C],Adir,H_sw,H_lw_in,H_lw_out,H_le,H_c,H_net_atm
2025-07-01 00:00:00,0,23.214865782685933,0.0,21.136947134788315,1.0,461.1141628142023,0.8918859662474815,22.650608,0.074,0.0,460.7172629964924,-422.50586,-40.37857652465267,2.4007163562662153,0.2335434531059657
2025-07-01 01:00:00,1,23.27892243112456,0.0,20.138312880556363,1.0,458.31855814322086,1.1743625171393517,22.6382,0.074,0.0,457.92425812760933,-422.43512,-50.560962067169726,2.9548720943979667,-12.116951474068674
2025-07-01 02:00:00,2,22.58168129475564,0.0,21.668436016016614,0.5919290030293294,415.6339965418588,0.9593434412515782,22.622814,0.074,0.0,415.2745017301061,-422.3471,-38.411373002388636,-0.18328303892393816,-45.6672612448002
2025-07-01 03:00:00,3,21.596565609756112,0.0,22.254685312772303,1.0,454.82165077795247,2.438336858358109,22.640053,0.074,0.0,454.4252684280541,-422.44556,-51.24750535737988,-6.873013694019221,-26.140807263970004
2025-07-01 04:00:00,4,22.432182819213097,2.6085599558092163,20.176948003787896,0.9941381760485508,452.6477240161269,3.8624820488166662,22.614044,0.074,2.4353612757205916,452.2557650265925,-422.29712,-89.99696328857779,-1.5092036008820289,-59.11215972777174
2025-07-01 05:00:00,5,23.269689301029075,59.97598673658956,18.90744076677748,0.1558569028327781,389.768092118492,1.5637847298206184,22.583618,0.074,54.15072871954763,389.4327436358173,-422.12338,-64.86592854480702,3.5094666247874837,-39.89637213301395
2025-07-01 06:00:00,6,22.731273956148076,141.2950708904864,20.345660451653178,0.7876047253412009,430.58905808059455,0.8226339031757413,22.51892,0.074,130.2863930442694,430.2170556299435,-421.75424,-43.78454236211749,0.8980465047166161,95.86271087345266
2025-07-01 07:00:00,7,23.29725013104013,207.41810734805733,19.21993366069322,0.6675186369818914,418.69718681355687,2.3720826512858038,22.541222,0.074,190.20916807316976,418.3370243601083,-421.88153,-74.62241070072649,4.660864924112802,116.70311589494563
2025-07-01 08:00:00,8,23.83612047242485,463.3069182879799,19.1118041227562,0.4725203802514808,406.4977171160079,1.3589646369258632,22.554976,0.074,421.8491861927547,406.14948716275524,-421.95987,-58.25259399532655,6.066750906195664,353.8529608816134
2025-07-01 09:00:00,9,24.21085597279682,630.0940043379336,19.107649146267608,0.5866020508745692,416.54858788114615,1.1032400464402605,22.599827,0.074,575.9758654233618,416.1927675132779,-422.21588,-53.87538557343417,6.988477503546757,523.065843519096
2025-07-01 10:00:00,10,23.69461537193172,741.1114188332531,18.59990160849577,0.1306798955289161,390.53116651050806,0.2409665299531284,22.66987,0.074,668.7617967275894,390.19625235687545,-422.61584,-44.2651905080651,3.3952927791042127,595.4723066289415
2025-07-01 11:00:00,11,24.01657458262912,854.0022086100515,17.710796099524536,0.2093041546685905,391.19608830848887,0.17003344483092878,22.756613,0.074,771.9958478331163,390.86142832323725,-423.11172,-47.38131251673506,4.002046616858329,696.3662854029611
2025-07-01 12:00:00,12,24.29388298907503,838.0772767367233,17.519843898296568,0.3465126677324071,397.04187842445606,0.779446608729046,22.868547,0.074,760.2410186757087,396.7029356957641,-423.75208,-61.125500512912154,5.625434228189245,677.6918128914373
2025-07-01 13:00:00,13,26.012986849740685,850.8989991444464,19.938935005076587,0.0,405.2573821208561,0.904092454202288,23.152853,0.074,765.8090992300018,404.9159190855949,-425.3818,-48.319187071480435,10.993971215785391,708.0179970399798
2025-07-01 14:00:00,14,26.969387565580803,743.8668354352087,18.843770015265044,1.0,476.16144596249217,1.5639032068911576,23.166605,0.074,694.7716242964849,475.7631329308429,-425.46066,-64.66267046806438,17.249566180611374,697.6609900980781
2025-07-01 15:00:00,15,27.219718933907984,585.9987428460283,19.79693980076883,0.5806778759060418,434.7429105592224,2.533834144294669,23.28876,0.074,535.5502254543412,434.37993101786816,-426.16245,-76.01888196055513,22.749752055910758,490.49858149920556
2025-07-01 16:00:00,16,27.635699094411223,482.09347627407226,17.58008449949815,0.3017501927978617,412.70955103312497,1.6101673355903519,23.263527,0.074,436.79656305946,412.36604672816975,-426.0174,-73.69217984889518,19.63544213015364,369.088477049357
2025-07-01 17:00:00,17,26.17455374599001,329.2152339441569,22.064803025264027,1.0,482.0653580283146,1.639440553433309,23.308176,0.074,307.48702850384257,481.6596748297354,-426.27405,-46.9887138917858,13.785643386099885,329.6695849763296
2025-07-01 18:00:00,18,25.912981059522792,115.8287352147297,19.906622804991933,1.0,473.4308672308471,3.45449337755888,23.210829,0.074,108.18403869055754,473.031659832609,-425.7146,-92.26734139673854,19.526075181261277,82.7598326983143
2025-07-01 19:00:00,19,23.635457067845323,14.533183782325196,19.712142565687568,1.0,459.04186464279206,3.823565446000371,23.0048,0.074,13.573993652691732,458.648018519098,-424.5324,-101.4682713977552,5.106065435820079,-48.67260345811413
2025-07-01 20:00:00,20,24.048470361819117,1.2506205720784358,19.64121836464582,1.0,461.27109624499326,3.1747423390815417,22.69692,0.074,1.168079614321259,460.87658467730483,-422.7705,-84.31368814795634,9.608757216393306,-35.43077445243696
2025-07-01 21:00:00,21,24.580928892575287,0.0,20.325474567702447,1.0,466.74192498850647,2.9449387987508255,22.477297,0.074,0.0,466.34435253904246,-421.51688,-68.54372518841586,14.02597674752082,-9.690272122555706
2025-07-01 22:00:00,22,24.669833163565272,0.0,19.26516287364211,1.0,463.716473212578,2.6599892458709733,22.35362,0.074,0.0,463.32174533267465,-420.81213,-72.35838395396928,14.484146443424581,-15.364625966932547
2025-07-01 23:00:00,23,24.300531518142407,0.0,20.33301618886141,0.0017947348587927,397.5000366332414,2.0450662249917495,22.207716,0.074,0.0,397.16071999967033,-419.98193,-52.69365948134127,11.482229634300602,-64.03264344112034
2025-07-02 00:00:00,24,23.47669105402269,0.0,21.570194291278813,0.3991536605358323,407.3482264967498,1.2764900936738317,22.087807,0.074,0.0,406.9983074146235,-419.3006,-34.31415491286844,6.39853238501878,-40.21791325775738
2025-07-02 01:00:00,25,23.201260373416744,0.0,20.95827607458785,0.6099730013797418,418.4610619229927,0.5987372999744197,21.99075,0.074,0.0,418.10083783013005,-418.74973,-30.497105514692123,4.5383418953536685,-26.607651131005284
2025-07-02 02:00:00,26,22.542262341939026,0.0,20.907321245370444,0.0692174731417683,390.3872672065948,0.2322941256527728,21.913847,0.074,0.0,390.04950684462153,-418.3136,-27.090880356573276,2.1212698424367216,-53.23370230232752
2025-07-02 03:00:00,27,22.13413943660447,0.0,20.99049292251553,0.0,388.2189063460934,0.1926825316359396,21.88763,0.074,0.0,387.88196671718873,-418.165,-26.603243971868714,0.8367772768624923,-56.049508522739366
2025-07-02 04:00:00,28,22.158815721050587,2.846728124659834,20.583889746358324,0.0,387.2602718504939,0.1508780972309726,21.867344,0.074,2.5620553121938507,386.92422802222274,-418.05002,-27.984470965389526,0.9709489353699658,-55.57725700614982
2025-07-02 05:00:00,29,21.83407280119377,65.20555061796324,20.40008764787253,0.0,385.1278386904715,0.25054846603598446,21.852942,0.074,58.68499555616692,384.7928089547586,-417.9684,-30.422525581710545,-0.06641635991296824,-4.979551737338615
2025-07-02 06:00:00,30,21.6448896898263,198.4347963880052,20.22341401045617,0.0052300495922375,383.7015302005984,0.2095505751686629,21.914516,0.074,178.60900601210668,383.3672543902268,-418.3174,-31.814609320196194,-0.9471019475454413,110.89713580451365
2025-07-02 07:00:00,31,21.685246892236933,346.7247765676332,19.625872457382204,0.9364681988622344,439.2503638062561,0.06411728928194099,21.985493,0.074,322.4325138763637,438.86781356384404,-418.71997,-33.69896161654686,-0.9989596703635211,307.88243545017235
2025-07-02 08:00:00,32,21.33258774225601,504.0652354545799,19.350527604147025,0.0649001484773029,380.00643567319344,0.3267253300779305,22.050722,0.074,454.233500281058,379.6745807279508,-419.09006,-40.130496910977485,-2.6930517220460914,371.9944750029383
2025-07-02 09:00:00,33,21.716616160544504,665.136626989857,19.011228038927374,0.5606884026373388,401.0281841819081,0.2003832386132244,22.197485,0.074,607.4325711769687,400.67900666259715,-419.9238,-40.956042872831254,-1.7022087222271094,545.5295286370856
2025-07-02 10:00:00,34,22.394276930201784,775.613976367418,17.570744477163394,0.0405675025834412,379.87333154833465,0.2829845332112531,22.271484,0.074,698.5985534193026,379.5442938997075,-420.3447,-49.22737010476313,0.4342222264090782,609.0050033957342
2025-07-02 11:00:00,35,23.373071629468317,856.6706117421975,16.625584265666493,0.2842584547904174,386.8529018460993,0.30689545179670114,22.347115,0.074,775.8291837825464,386.52032492036466,-420.77515,-52.799963110375344,3.4880007622978257,692.2623998704585
2025-07-02 12:00:00,36,24.475545290030027,883.5287101650098,18.16515901717631,0.105608794822581,392.78006753765135,0.26721789439678434,22.446398,0.074,796.8505120822547,392.4452272086729,-421.34085,-42.53956296127,6.4143136587590535,731.8296391583384
2025-07-02 13:00:00,37,25.68459075904389,852.9251090218893,18.04957122312036,0.7005226151662023,431.0372611850547,0.5879907243953165,22.671934,0.074,783.265631357626,430.6731707887319,-422.62772,-48.25835434156366,10.242874463679485,753.2956062040206
2025-07-02 14:00:00,38,26.35907365288972,769.0753021603697,17.65276423920907,0.5863498723181704,423.428047400744,1.1527931267045863,22.867144,0.074,703.0135991242059,423.07220809092513,-423.74408,-61.950930414313824,14.154059795436778,654.5448570064103
2025-07-02 15:00:00,39,26.871624719479712,614.4571045543153,18.49304527476461,1.0,474.2892672092353,7.739579668861611,22.826286,0.074,573.9029356537304,473.8922271878917,-423.5102,-175.46296002252421,51.01088369930647,499.8328936473107
2025-07-02 16:00:00,40,26.49487361770321,317.77757874511894,17.511488816281354,1.0,468.3349252370929,7.601536014212268,22.617046,0.074,296.80425854794106,467.9417514667562,-422.31418,-185.2316615528457,48.31562175248885,205.51579174754355
2025-07-02 17:00:00,41,27.989631933665574,160.99356167210607,15.92166208951723,1.0,470.9559158173519,2.611841120445364,22.26185,0.074,150.36798660174705,470.5649752160659,-420.28983,-91.00961990318467,31.822594217946563,141.45611069312173
2025-07-02 18:00:00,42,27.109314775545958,87.51953899419155,17.580403293595666,1.0,472.3118580392223,2.812105646552532,21.540956,0.074,81.7432494205749,471.91718239652334,-416.20374,-71.04205887762102,32.56792651601376,98.9825641039285
2025-07-02 19:00:00,43,26.81055827302316,37.41096811868028,16.297169973963598,1.0,465.4363164026625,2.2877230437890548,20.504473,0.074,34.94184422284738,465.04650760386664,-410.3811,-58.74906599077789,31.67053764834621,62.52871996865737
2025-07-02 20:00:00,44,26.33968991209736,1.3206169407125046,16.63252392592709,0.8775528040051569,448.4761090068814,2.307249769021049,19.860584,0.074,1.2236597731776684,448.0991645703998,-406.7948,-49.04928439632657,32.4973981915223,25.976138334085682
2025-07-02 21:00:00,45,25.48444373536495,0.0,17.672223699525972,0.8440714896593638,443.5424424527018,1.6463130365332876,21.02777,0.074,0.0,443.16721942498185,-413.31308,-48.90319468014572,20.156705716390743,1.1076506272425028
2025-07-02 22:00:00,46,25.27580111892212,0.0,17.800798155632666,0.9992119103354165,462.0089672608496,0.9060343551536344,21.662603,0.074,0.0,461.61750207981476,-416.8911,-44.858394276630015,13.392016787312528,13.260011309247268
2025-07-02 23:00:00,47,25.16009309397384,0.0,17.794148621455385,0.9585867482742348,455.96219133499454,2.228016899153015,21.95277,0.074,0.0,455.57550966009575,-418.53424,-70.69887598168098,17.70383395193663,-15.953773092304857
2025-07-03 00:00:00,48,23.1815551000326,0.0,18.596369030274023,0.9836452808378258,450.42599201472143,2.951681737533693,21.23428,0.074,0.0,450.0381929909696,-414.4745,-66.3697567300147,13.057334128453766,-17.748716915278827
2025-07-03 01:00:00,49,23.451266496426115,0.0,19.18814427758481,1.0,456.1857103897937,3.653412887150458,21.149746,0.074,0.0,455.79376281697364,-413.9988,-66.62707841174496,17.40435238333964,-7.427773025884807
2025-07-03 02:00:00,50,23.182636453177,0.0,20.377147059403946,0.6129476428572673,416.9248623562208,3.140471484106558,21.137161,0.074,0.0,416.5659094583937,-413.92792,-48.48371239675338,14.186134717771427,-31.659585701056987
2025-07-03 03:00:00,51,23.390081830417955,0.0,20.159517815345144,0.0,392.3506668360365,1.6800709407824785,21.482544,0.074,0.0,392.0134074114053,-415.87393,-40.95571353015454,9.616094584271462,-55.2001434192434
2025-07-03 04:00:00,52,22.91343467893625,2.636744723465526,21.22898365900912,0.3276239085495935,399.9836679127099,1.110405832290894,21.771116,0.074,2.3906328442242133,399.6385892394501,-417.50507,-31.921146342592486,5.065559482418747,-42.331430694468175
2025-07-03 05:00:00,53,21.741110126040557,61.84966250101609,20.25903850363263,0.4006668231365302,394.7665030084262,3.9709140170260215,21.835274,0.074,56.191514350435334,394.42284242926775,-417.86832,-74.24836996056978,-0.7933185554870034,-42.29564838674432
2025-07-03 06:00:00,54,22.165758170990728,115.8993098854842,18.97203467238554,0.8690558151178408,431.960396595275,2.054552924742942,21.913778,0.074,107.3374513689447,431.5855843955205,-418.31326,-63.90339093192721,1.47186483204997,58.178246725134855
2025-07-03 07:00:00,55,21.853125348575247,179.30992388238025,19.42271952457369,0.9784854523500816,444.79356245098097,2.210462110728661,22.03269,0.074,167.2186654275206,444.4066851814369,-418.9877,-64.62610732625487,-1.100084194758903,126.91145767192803
2025-07-03 08:00:00,56,22.226611032118456,258.4842298188877,19.70187735247265,0.9298166517096847,441.7982461369165,1.200776367385751,22.103188,0.074,240.2715638407994,441.41507699372505,-419.38794,-48.84797655558241,0.5853584247318045,214.03608325054887
2025-07-03 09:00:00,57,22.89034896116289,375.7248290710985,20.68487547483238,0.8201690838325183,435.98462532272873,1.4753451870574814,22.152237,0.074,347.0327442589418,435.6084208691987,-419.66656,-44.598482097303815,3.682712651204778,322.05883074063524
2025-07-03 10:00:00,58,23.37572580297251,559.540810933839,19.65956855389519,0.4731904092706666,405.7511001818008,0.6855212876803624,22.217827,0.074,509.48278773520553,405.40228358811356,-420.03952,-41.22125836995773,4.484524216310388,458.1088169059999
2025-07-03 11:00:00,59,23.32663465203143,779.4852878130171,17.840407950588624,0.5930730435585151,408.27796918938657,0.39183013266087274,22.29143,0.074,712.7085673035072,407.9268483429433,-420.45825,-47.604579729311276,3.633252377794052,656.2058363418082
2025-07-03 12:00:00,60,24.55905615513086,646.8078213380904,18.44294087997732,1.0,460.17579760887816,2.981307507147617,22.397394,0.074,604.1185051297764,459.7837528647526,-421.06158,-86.60607977248942,14.49292431059397,570.7275180599772
2025-07-03 13:00:00,61,24.96720459123469,336.5276287700481,19.12645955022696,0.9183334962750708,454.4378219786177,2.0856414419413887,22.423616,0.074,312.5890579819619,454.05186717809073,-421.21094,-65.21594570126157,13.877913036696858,294.0919549954878
2025-07-03 14:00:00,62,24.610003303778623,730.2265974764283,20.485468990660888,0.3083040129737399,405.9779085293966,0.8538665886649575,22.467867,0.074,661.7286755845798,405.63217169592434,-421.46313,-39.17530713193742,8.378579923080327,615.1009853060222
2025-07-03 15:00:00,63,24.652382135278742,550.4333531526597,21.25992098908496,0.4206362740304122,413.9537275536304,0.7151015606701148,22.564219,0.074,500.3743642883179,413.6013122054088,-422.01263,-33.98399178692697,7.807489710430994,465.786540139887
2025-07-03 16:00:00,64,25.12850872337725,510.85684752132295,22.27023798844284,0.1187804404623893,408.01487087492217,1.510870089090309,22.623018,0.074,460.8678520077443,407.6687681171745,-422.34833,-36.31607290502717,11.794590390958845,421.66680997413175
2025-07-03 17:00:00,65,27.54117709158612,334.5113349341857,19.59522220709874,0.6130092299574017,438.6053949758617,3.3689425373616473,22.63965,0.074,306.08690411907463,438.24007709964525,-422.4433,-79.01572378062797,32.863581804901536,275.73154090314966
2025-07-03 18:00:00,66,26.23885927717481,182.3457393079038,22.146573770072088,0.7784801213179441,455.087162311432,3.6368895759241546,22.668056,0.074,168.0622972538923,454.7043691550493,-422.6056,-58.53475994508877,26.08262792126144,167.7089435648017
2025-07-03 19:00:00,67,24.96432150947669,55.865193260699584,22.483624109751457,0.9161544307698074,464.7647524396725,4.818265910417941,22.67479,0.074,51.884215311258046,464.37001829990527,-422.6441,-68.42592403255466,20.824925507273438,46.009131081975795
2025-07-03 20:00:00,68,23.94099917794176,1.9334865816894151,22.66428086335657,0.7092285266651964,436.19545299178793,2.1074358347315876,22.849787,0.074,1.7762586865769527,435.8220815301336,-423.64465,-44.26505334978611,6.279601094730812,-24.031765358657257
2025-07-03 21:00:00,69,23.018913220940703,0.0,22.28282136241616,0.8601462907845607,445.9051859490148,4.174543634268485,22.935617,0.074,0.0,445.5208003320191,-424.13602,-73.47155128531146,0.7213084837745292,-51.36545931522094
2025-07-03 22:00:00,70,22.391575139976,0.0,22.131248401067943,0.5957814452461799,416.1641811203584,1.6936079816128329,22.967676,0.074,0.0,415.80370167799447,-424.31976,-48.55021153320542,-3.180442102795506,-60.246715141600205
2025-07-03 23:00:00,71,22.175009382842973,0.0,22.302055371514594,0.6674892066475596,421.4798480394536,2.4011413004052495,22.984734,0.074,0.0,421.114155837068,-424.4175,-55.72409065433295,-5.258530153276475,-64.28597595686956
2025-07-04 00:00:00,72,21.766826363593623,0.0,22.204760787892624,1.0,455.6887780400861,2.4689531615988014,23.02089,0.074,0.0,455.29216068038255,-424.62463,-58.79011075788683,-8.359557874294698,-36.48214174086148
2025-07-04 01:00:00,73,21.44644660674942,0.0,22.39058475924915,0.9289910596789006,445.2823570368049,1.850971745819529,23.022194,0.074,0.0,444.89383884205944,-424.63214,-50.51712646627043,-9.317953295998539,-39.57338203349079
2025-07-04 02:00:00,74,20.52906927743368,0.0,22.8618600098813,0.9518314068727332,444.0836765103134,2.8564085262996235,23.031536,0.074,0.0,443.6934479993331,-424.6857,-58.20012229680393,-18.536868856311997,-57.72924261667345
2025-07-04 03:00:00,75,20.274529804948145,0.0,22.438217271755857,0.9954685205043482,446.9466855990837,3.210763556506051,23.034334,0.074,0.0,446.55316636334237,-424.70178,-67.34699669391179,-21.86077661446517,-67.35638917159709
2025-07-04 04:00:00,76,20.388876467198315,0.9084057284311416,20.69327066438597,0.990612542690767,441.8504183207463,1.9462263240813336,23.005838,0.074,0.8478764651503493,441.4617305787135,-424.53836,-68.91161457452634,-16.30930889766294,-67.44967702402853
2025-07-04 05:00:00,77,20.139089054376427,28.744410373309627,20.338403982307888,0.9867392515942768,438.8260178489792,2.249412470757554,22.945955,0.074,26.82169878253305,438.43924278431916,-424.19528,-76.25418299552035,-18.71068891906502,-53.89921233015501
2025-07-04 06:00:00,78,20.321048793060584,66.23181281548719,18.9573366494714,0.7904082002372761,413.3174237705222,1.4655555283518484,22.89588,0.074,61.08012440549328,412.9536449212777,-423.90848,-74.89307574887624,-14.399503984813096,-39.16728819012147
2025-07-04 07:00:00,79,20.489937686567487,118.03734496290022,18.81302358041916,0.90097541999161,425.6748528998928,1.2161631426854491,22.856813,0.074,109.52367098496755,425.30068740687364,-423.68484,-70.60261100111912,-12.369015733178735,28.167886686840227
2025-07-04 08:00:00,80,20.633444812358107,166.86793855229143,19.13027092637741,0.9875686638766876,437.9408220355853,1.3540492670539115,22.819897,0.074,155.71532800625573,437.55630212933465,-423.47354,-69.52878475011025,-11.749144787453371,88.52015933826114
2025-07-04 09:00:00,81,20.87220195071876,247.3376936287675,19.63670590175539,0.9178790171562936,432.41832366109503,1.9795122077330773,22.823769,0.074,229.73703305217504,432.03935299307955,-423.4957,-74.97062829422694,-12.006446584436448,151.30361414510688
2025-07-04 10:00:00,82,21.104688056882537,372.6574046203695,20.52771457071501,0.8295605193228569,426.4785380446703,2.43601909677352,22.841972,0.074,344.37190086184506,426.10544378129873,-423.59998,-73.09991605455114,-11.661553102230341,262.11589990042484
2025-07-04 11:00:00,83,21.678124161190567,691.9189677898394,20.284511246007387,0.663548605499815,412.7769009761902,1.946085937940082,22.911388,0.074,634.4073636985636,412.41738716864796,-423.99725,-68.30576549977695,-7.368415715678471,547.1533162337875
2025-07-04 12:00:00,84,22.43986364259604,758.5272425260507,20.131798246560923,0.6503301293147312,415.3083734043341,3.167175933361837,22.959011,0.074,695.1012356765603,414.94876871558796,-424.2701,-87.75581591196237,-3.866230937379844,594.1578464588217
2025-07-04 13:00:00,85,23.18016224485757,763.2680635954658,20.51210583065713,0.5268994412899408,410.7644240623141,2.394483975321299,23.013912,0.074,696.2234664320872,410.41076831114736,-424.58472,-71.5564638026047,1.0480449899485267,611.5410991337035
2025-07-04 14:00:00,86,23.6589619666762,710.2785153347763,20.43008795174102,0.414039955862418,405.9702149121416,2.145351642353914,23.034273,0.074,645.555264810444,405.621965508209,-424.70145,-67.90575015731322,3.6802156894608817,562.2502493175975
2025-07-04 15:00:00,87,24.712755846885443,592.1485852606156,20.049276948788343,0.9039781391523636,454.23044074845313,2.9279170370821563,23.05207,0.074,549.5390878510877,453.8439140343549,-424.80344,-81.70902249522392,11.172218931402563,508.04276204232434
2025-07-04 16:00:00,88,25.29326084594254,300.929832622876,18.618371610308927,0.8108096041334778,442.0373871137368,2.8242869478922024,23.106962,0.074,277.81293256518404,441.6628937664979,-425.11838,-93.77556557768887,14.19677681129869,214.77865987974485
2025-07-04 17:00:00,89,25.1278381799591,247.15895627861815,18.94835479804324,0.7599639154070164,436.8018858920173,2.2811562395213496,23.116734,0.074,227.5931399719594,436.4313623670011,-425.1744,-81.19168830760609,11.68867113372419,169.3470772060942
2025-07-04 18:00:00,90,24.674276990570547,171.83793523280485,19.50652926349584,0.6446689494112661,425.1207555111389,0.7116138378470247,23.120428,0.074,157.43314670489582,424.7588935901538,-425.19562,-50.36810391622006,5.956952565446779,112.585271268495
2025-07-04 19:00:00,91,24.32150467209715,56.08141813397016,19.96152532821873,1.0,463.9773662802998,1.1757526778147258,23.104515,0.074,52.38004453712813,463.5813661880565,-425.10437,-55.93528998922572,5.4843404160675,40.40609103483885
2025-07-04 20:00:00,92,23.71874241084754,2.235380847323917,20.553808114950343,0.8944480900475688,448.8599780571156,1.0961060732449739,23.087774,0.074,2.0733330388854077,448.475112923721,-425.00824,-51.77042782535497,2.8461211088517517,-23.384100499990605
2025-07-04 21:00:00,93,23.28820907397153,0.0,21.099571398775243,0.9656945425793648,456.91620790316193,1.0151174078856522,23.076675,0.074,0.0,456.5231423123578,-424.94452,-47.63151576565996,0.9481417091570096,-15.104750787113925
2025-07-04 22:00:00,94,22.60164626928008,0.0,20.49344050135073,0.6264513719539192,415.22746575801983,0.821400284387566,23.050837,0.074,0.0,414.8683776230319,-424.79645,-49.91401063276864,-1.9541535473070468,-61.79623431095003
2025-07-04 23:00:00,95,22.19654719781988,0.0,20.36838733434396,0.4141992984032703,398.15207066069337,0.5501884580014004,23.003891,0.074,0.0,397.8066757568769,-424.52737,-46.86450678829911,-3.2781606616144714,-76.86336596061477
2025-07-05 00:00:00,96,21.66822902936036,0.0,20.786936390686247,0.2784332154162626,390.4050727369022,1.530589532492767,22.95375,0.074,0.0,390.06501805665164,-424.23987,-58.64305387272405,-6.9909349116125155,-99.80883889174743
2025-07-05 01:00:00,97,21.30326845025957,0.0,19.628966150059764,0.3499536372606873,388.2833490154124,0.8095782231625299,22.887455,0.074,0.0,387.94418921885205,-423.86023,-56.182203856400285,-7.201484837926803,-99.29972896766255
2025-07-05 02:00:00,98,21.05900221472569,0.0,19.97826598822564,0.4232287139911159,391.68092129434655,0.5247803759507772,22.82326,0.074,0.0,391.33814794037346,-423.49292,-49.072530537355384,-7.418567561402245,-88.64587008025917
2025-07-05 03:00:00,99,20.284563336478527,0.0,19.62528453153822,0.4610781794569294,388.8718535031648,2.3158255162758006,22.744928,0.074,0.0,388.52949352124404,-423.0449,-80.29511513496078,-16.45721952971686,-131.2677325008555
2025-07-05 04:00:00,100,19.835954982178293,2.3321340294030244,19.08367682758421,0.3436816724441894,379.0747981965359,1.6436569236416825,22.677008,0.074,2.1153736223323314,378.739900517279,-422.65665,-74.32678180670347,-16.69414411790396,-132.82229851351167
2025-07-05 05:00:00,101,20.03987020782449,61.88331503500447,18.725078267692727,0.2689884825566445,376.17302019457344,1.6612564271230297,22.623573,0.074,56.02193720022859,375.84121144367674,-422.35144,-76.39086144208332,-15.118112393263422,-81.9972656211289
2025-07-05 06:00:00,102,20.045405667687877,186.50854110655288,17.82804285288269,0.5205578053510225,386.03219485178863,1.5793580444311657,22.578375,0.074,170.08893889909427,385.69170429222,-422.09344,-81.96136458412781,-14.524641659945242,37.20119212302251
2025-07-05 07:00:00,103,20.36388213700684,317.2610365462799,17.32250386071975,0.7100496646680378,400.69129081881175,0.818835490042953,22.61508,0.074,291.4725391226966,400.3387417715423,-422.30304,-70.91619057897856,-10.54017702775469,188.05187373672447
2025-07-05 08:00:00,104,20.938135284600094,448.04361064459926,17.28473981141427,0.5320794434972709,389.62510256479015,1.025941963636489,22.650526,0.074,408.7609537313481,389.28380976621315,-422.50534,-74.22986264802836,-8.312173411170187,292.9973868621908
2025-07-05 09:00:00,105,21.469408212613928,603.3410615588166,16.809225271882173,0.8476861663571063,418.3851123354335,1.9481147664185745,22.736568,0.074,558.0975419450574,418.0201271917682,-422.9971,-97.08186640706803,-7.582299949535567,448.45640195014386
2025-07-05 10:00:00,106,22.590936788363138,590.7090772506139,17.11828561298783,0.7392668855903466,414.5678034131296,2.2765276694777543,22.816097,0.074,543.4150604983407,414.20925626914186,-423.45187,-99.29609062834832,-1.4008863738537312,433.47546598598365
2025-07-05 11:00:00,107,23.28003667793473,556.3396791658149,17.77461189914407,0.6707755978659988,414.2396329656466,2.1101391997671275,22.834955,0.074,510.25119411167327,413.8832579138237,-423.5598,-88.28606298870366,2.6163566759018297,414.9049312595702
2025-07-05 12:00:00,108,24.14589962927585,744.5060427515264,17.772308392708428,1.0,455.30385929134286,1.6329805887237565,22.896505,0.074,695.3686439299256,454.9147408791713,-423.91214,-77.43278428629779,6.373848596519178,655.3123092267401
2025-07-05 13:00:00,109,24.13407539084585,822.3140207516185,19.359071141970357,0.5065039586470487,411.04950961106687,0.9132714024574718,22.94737,0.074,749.5645188876338,410.6981807856895,-424.2033,-53.828954464281374,4.945046999326008,687.1754841028992
2025-07-05 14:00:00,110,25.00491782555332,730.2591565753455,18.3138021174324,0.5608805536860744,416.32544073074257,0.8855493722868854,22.97211,0.074,666.9099897646114,415.9719562892506,-424.3451,-57.831726399506145,8.076945617499996,608.7820724984184
2025-07-05 15:00:00,111,25.248612259033848,632.0029594873298,18.48817925869192,0.7755376826530299,437.5638722258909,0.47141302030051735,23.010216,0.074,582.4125815616765,437.19304300908055,-424.56357,-48.79020755718471,7.589577528969429,553.8414264273075
2025-07-05 16:00:00,112,25.944266618873144,404.54321884830966,18.44524923242695,0.3251331676528741,407.6155544449625,1.4125166895395678,23.041954,0.074,366.75898041866225,407.2719254955711,-424.74554,-65.47411483707606,13.073246954461833,296.88449359802536
2025-07-05 17:00:00,113,26.067047078675955,343.74749529651314,19.03140016388434,0.7446848249818564,440.8282723315623,2.0145378367890814,23.034855,0.074,316.30601690695664,440.4569900098615,-424.70477,-71.87761211266688,15.984883415212506,276.16550527014493
2025-07-05 18:00:00,114,26.004924001736185,169.5019634808962,18.14923415039912,0.7014637476862988,433.2509717110706,2.251344538645801,23.057913,0.074,155.66495122703256,432.8858994396469,-424.83704,-84.10744747748345,16.499958431406565,96.1063254877901
2025-07-05 19:00:00,115,25.762275535854315,56.95934234532142,15.847572858242872,0.1923491668227838,393.370914244465,2.8910317799161573,23.086226,0.074,51.469480424436114,393.0388358198202,-424.99933,-120.46690690026921,17.368147168135863,-83.58977210115827
2025-07-05 20:00:00,116,25.2582621115115,2.6203564904693906,13.33182734035687,0.250045451307324,382.931962559897,1.615540024631746,23.086412,0.074,2.371050931777649,382.6074569204489,-425.00055,-109.6780127935212,10.65754669192555,-139.04250756577537
2025-07-05 21:00:00,117,24.087562712755695,0.0,15.30574430599524,0.5920397431339459,403.32363206693134,1.255220920458698,23.056692,0.074,0.0,402.9787842073196,-424.83005,-89.66694249218693,4.788966231342221,-106.72923966094697
2025-07-05 22:00:00,118,23.288219120907115,0.0,16.237739501759147,0.9207506723715956,434.6602895462944,1.0350840958484633,23.022787,0.074,0.0,434.2863698047559,-424.63562,-80.12300227079497,1.194034068564336,-69.27821851466223
2025-07-05 23:00:00,119,22.65768593217041,0.0,16.8534652765635,0.7322210163542127,413.3377174018609,1.209104727327731,22.97217,0.074,0.0,412.98041728352416,-424.34546,-81.00956611938719,-1.5205435381205255,-93.89515135835855
2025-07-06 00:00:00,120,22.25038862176757,0.0,16.089154574019478,0.0385425959545534,374.4093144420728,0.39990010384555946,22.975218,0.074,0.0,374.0846507064846,-424.36295,-68.92266331641157,-2.7887878504687897,-121.98974601703641
2025-07-06 01:00:00,121,21.791682511789872,0.0,16.405512650514446,0.0193885750654417,373.1400040718301,1.1447012997826789,22.94731,0.074,0.0,372.8152967771012,-424.20297,-85.21067154055079,-5.670375532686913,-142.26872270824586
2025-07-06 02:00:00,122,20.621568617098436,0.0,17.091991859699302,0.0,369.6018042535829,1.430508412593865,22.90189,0.074,0.0,369.2772574113699,-423.9429,-89.05469776927579,-12.522567424687596,-156.24290939392162
2025-07-06 03:00:00,123,20.140629342634497,0.0,16.18889005019759,0.4618937522527257,377.6558985316501,1.256425391565951,22.837399,0.074,0.0,377.32304192200354,-423.5738,-92.98917624622385,-14.401136455171326,-153.64106228329788
2025-07-06 04:00:00,124,19.915281067282763,2.240016050080343,16.33911398836431,0.5479602484279492,382.411951989868,0.5228301462205759,22.79074,0.074,2.0447553603940105,382.0743139643642,-423.30682,-75.25634713844016,-12.677732449156517,-127.12183399330725
2025-07-06 05:00:00,125,20.7549388131269,63.100039571541785,16.884110584364805,0.7917861882721658,408.9934064819039,0.565613085893751,22.74473,0.074,58.19599467322725,408.6346402470964,-423.04367,-69.37694734661001,-8.557164534750493,-34.14714761533374
2025-07-06 06:00:00,126,20.99229680944057,177.10967344564375,16.233480208554735,0.9986359407914064,431.1827685007574,0.5972852991024068,22.712671,0.074,165.40402938694874,430.8052312283261,-422.8605,-73.10023651281014,-7.383992669245583,92.86452728282849
2025-07-06 07:00:00,127,20.56298267735042,324.3219637791648,17.48218279808462,1.0,433.4974592720119,1.535977750885182,22.686893,0.074,302.91671416973986,433.1166331321384,-422.71313,-84.49878560718248,-11.896358782031738,216.92506814703907
2025-07-06 08:00:00,128,20.998195007444565,435.8247818858952,17.24121150855394,1.0,435.1145616816137,1.5469572552791924,22.70074,0.074,407.0603462814261,434.7335991502316,-422.79233,-85.73700617929714,-9.427431483711485,323.83717988778966
2025-07-06 09:00:00,129,22.602631629845632,572.6335883517894,14.97362252944652,1.0,435.47114694116414,0.3271786524518507,22.742443,0.074,534.8397715205713,435.0945549482095,-423.03058,-69.23364014968882,-0.5093536112237207,477.160754094587
2025-07-06 10:00:00,130,23.39730418360176,742.0108494236592,14.949754390353206,1.0,439.8975874394491,1.6954057414445056,22.789623,0.074,693.0381333616976,439.51947821910517,-423.30035,-101.59720414522933,3.222482789710056,610.8825362213773
2025-07-06 11:00:00,131,24.48134359853748,778.6815801106208,14.268013433287775,1.0,443.1625005590399,4.68528731019928,22.866165,0.074,727.2885958233197,442.784726505717,-423.73828,-184.35510427230278,14.611326244223756,576.5912630509577
2025-07-06 12:00:00,132,22.617170670688893,690.6299989109469,15.558035321697686,1.0,437.94247910881177,6.637346891122263,22.901413,0.074,645.0484189828244,437.5637922048108,-423.94028,-221.6718330283188,-3.4011456962521467,433.5989553634549
2025-07-06 13:00:00,133,22.774151885989227,448.4620485029951,15.571992401377992,1.0,438.895179275964,5.8360307974929935,22.92352,0.074,418.8635533017974,438.51612559641654,-424.0668,-202.07423498148506,-1.626180999392539,229.6124599388208
2025-07-06 14:00:00,134,23.401656115832395,322.70492242527087,12.429884664928544,1.0,428.4732559798171,1.2810819113637388,22.95487,0.074,301.406397545203,428.10497868945623,-424.2463,-111.91305219192384,2.1392736409276796,195.4912903106162
2025-07-06 15:00:00,135,22.55605257313067,326.73865855701536,13.8034267178027,0.9965726193247588,429.7492939062846,5.550992954436395,22.91048,0.074,305.0980168689719,429.3775171685199,-423.99216,-223.5798292711166,-3.7394025809842644,83.16414520296905
2025-07-06 16:00:00,136,21.967627258227598,197.87910977734504,14.684916699707216,1.0,430.6793147964125,3.8942620222870743,22.850487,0.074,184.81908853204024,430.30504405190385,-423.6487,-166.9712947206802,-7.478482680511052,17.025643024549694
2025-07-06 17:00:00,137,21.992057047767844,81.69895825721147,15.677366547533124,1.0,434.8604712995686,4.2312458460123255,22.794,0.074,76.30682701223552,434.48263808151466,-423.3255,-160.8347562051422,-7.13627390880114,-80.5070655084744
2025-07-06 18:00:00,138,21.29861739837884,41.06885203227254,15.588879258000352,1.0,430.5878155004848,4.159971052858187,22.747715,0.074,38.35830779814255,430.21168987451324,-423.06076,-161.463272942485,-12.933680401373389,-128.88771616924944
2025-07-06 19:00:00,139,19.3265502740187,17.784660397478028,16.532150492795,1.0,423.1159444577192,6.017493700746352,22.709198,0.074,16.610872811244477,422.74065593119406,-422.84064,-194.34626442802167,-39.6676051243607,-217.5029780169751
2025-07-06 20:00:00,140,19.222484052241043,0.8200297795186842,16.077294351106502,0.8636453572508637,405.3161388359141,3.6913002460744737,22.5335,0.074,0.7592167594359222,404.95634698873573,-421.83746,-145.56771946003883,-28.657993888387853,-190.3476129791613
2025-07-06 21:00:00,141,18.295243542238158,1.1102230246251563e-16,16.55629297470744,1.0,417.48213864999127,4.609882632176449,22.398172,0.074,1.0369483049998959e-16,417.10885949157284,-421.06592,-157.77023755546125,-41.07107280956373,-202.79836884220214
2025-07-06 22:00:00,142,17.64830691160006,0.0,16.193139794581086,1.0,412.6127283937856,4.022432162112698,22.396605,0.074,0.0,412.24193253426665,-421.05704,-152.5711781684405,-44.43396688712198,-205.82024987481145
2025-07-06 23:00:00,143,17.613138853591806,0.0,15.669422402597398,1.0,410.4880098152114,2.4491738402271457,22.397783,0.074,0.0,410.1190217756041,-421.06384,-124.73634413786743,-34.91042714106598,-170.59159227676682
2025-07-07 00:00:00,144,17.80392240708943,0.0,16.08523105965413,1.0,413.0695616623925,1.095907084804052,22.396505,0.074,0.0,412.698807008019,-421.05652,-90.26124469024819,-25.174563632769896,-123.79351986968658
2025-07-07 01:00:00,145,17.768804082424822,0.0,16.509383353722765,0.9855242850025664,412.6848017888705,2.3638858788755797,22.368883,0.074,0.0,412.31429070064445,-420.8992,-112.67720971018399,-32.89015541718858,-154.15227486618124
2025-07-07 02:00:00,146,17.639509333366846,0.0,14.622890895355733,0.89537775978225,394.8814683605359,2.653949296262714,22.262,0.074,0.0,394.5265823215905,-420.2907,-138.17950925955378,-34.8323512341355,-198.7759886213175
2025-07-07 03:00:00,147,17.495786096584084,0.0,14.259779223189817,0.9919562749110667,403.4260964086018,3.3663122846285227,22.212763,0.074,0.0,403.0631229451831,-420.0107,-159.29263217418094,-40.044692238702964,-216.28491313762265
2025-07-07 04:00:00,148,17.15670221968611,0.6126071482999522,13.96454596909951,0.9399995119437804,394.56311582087886,0.3705185959628242,22.21346,0.074,0.5698170988278765,394.2071719617538,-420.01474,-88.63891356107133,-23.33306330158094,-137.20972779230502
2025-07-07 05:00:00,149,17.405754458241404,11.5087797541456,14.436631259750964,0.8681345099896903,390.1149255580119,0.11923159446168523,22.18953,0.074,10.658025551971992,389.7636808875369,-419.8785,-78.0602477394437,-20.25033344627721,-117.76738426769637
2025-07-07 06:00:00,150,17.47897308130365,40.53240461038858,14.702937841223225,1.0,406.0487560483506,1.4288377370514886,22.166489,0.074,37.85726590610293,405.68337479450213,-419.74774,-106.76290115164228,-27.829338056056173,-110.79934020631212
2025-07-07 07:00:00,151,17.606914252541856,67.51315812566935,14.621021925834864,0.9308499037300086,398.5290805434482,1.0025653260562581,22.123476,0.074,62.76036148891813,398.17082493882634,-419.50323,-96.2123087851943,-24.13978033768735,-78.92413755841841
2025-07-07 08:00:00,152,18.015205586813977,140.56702740175115,15.033401033523017,1.0,410.2441603828919,0.7627110446441466,22.062878,0.074,131.28960359323557,409.87654952956353,-419.159,-85.16865301576992,-20.004523675134195,16.83397984986371
2025-07-07 09:00:00,153,18.269737746730527,373.2807634177671,14.928098978918849,0.7721351119075883,387.0876741889157,1.4920707485825389,22.036615,0.074,343.9336859238347,386.7415023980202,-419.01004,-101.34756315814843,-22.03201204337106,188.28557283713226
2025-07-07 10:00:00,154,18.920117402729037,344.6956927371466,15.238654601115464,0.86856590628829,401.14044818914925,2.9443674776633126,22.01907,0.074,319.2229281083294,400.78352394453003,-418.91043,-128.3835864576808,-23.657296897888138,149.0551377890874
2025-07-07 11:00:00,155,17.467995413128847,252.80062796354207,16.91386325945473,1.0,414.1962924689026,7.745878039192442,21.99938,0.074,236.11578651794827,413.8235476397242,-418.79874,-202.48207614110555,-64.40263516174579,-35.74411371744455
2025-07-07 12:00:00,156,18.125011263589045,163.67335622246776,15.301212031494204,1.0,411.8783709170357,3.0515497145406703,21.982279,0.074,152.87091471178488,411.50961224185977,-418.70163,-131.67333688723673,-30.533557913184065,-16.527997485447994
2025-07-07 13:00:00,157,18.06764780643653,282.1168217754856,15.27209563134326,0.784248807172005,388.4398486758258,0.9346679198531396,21.959892,0.074,260.09266595780144,388.0919188212128,-418.57474,-85.43668401777263,-20.003788771668038,124.16937444074546
2025-07-07 14:00:00,158,18.179658334119893,518.4700806437762,15.501248106917425,0.9628726336308756,408.5691666454031,0.7187525292550979,22.010038,0.074,482.9889527197561,408.2035268583803,-418.8592,-79.44252729730931,-18.554523878573626,374.33623650772233
2025-07-07 15:00:00,159,16.188987294928893,171.82069948677486,15.186742647887153,1.0,400.9974139933586,10.234379313873989,21.94102,0.074,160.4805333206477,400.6329045045484,-418.46762,-295.89528302067987,-101.87429293557453,-255.12375898066767
2025-07-07 16:00:00,160,16.214263738018076,93.9909103722429,14.982747988405286,1.0,400.358222386086,5.210996589243612,21.894442,0.074,87.78751028767486,399.9943663322658,-418.20358,-187.5032192144627,-63.01398795583915,-180.93891331403302
2025-07-07 17:00:00,161,16.26862311500281,44.84223654002788,14.517784063595377,1.0,398.8478498704218,3.7587452069262652,21.8017,0.074,41.88264892838604,398.48552153683846,-417.6782,-159.1453180819157,-50.667030566244726,-187.12237032160778
2025-07-07 18:00:00,162,16.193897230849416,38.38388113384816,13.351383126019552,1.0,393.7121127846251,1.5272024301147344,21.814726,0.074,35.85054497901418,393.35423951907507,-417.75198,-119.59910708912442,-35.07247041754852,-143.21877665116185
2025-07-07 19:00:00,163,16.53931822591096,17.798618408351377,13.47716852416644,1.0,396.05671682968426,1.2021863373410522,21.73793,0.074,16.623909593400185,395.69768932163595,-417.31717,-107.76508790329844,-29.808615822489607,-142.56927400020504
2025-07-07 20:00:00,164,15.67391438648326,0.7698221248052164,12.901577697776272,1.0,389.0828815433978,1.7918817770500595,21.716675,0.074,0.719013864568072,388.7277639705791,-417.197,-130.72543591052917,-40.28185655868027,-198.75750560085916
2025-07-07 21:00:00,165,15.494730987331875,0.0,14.455750260879526,1.0,394.5120890882488,2.869405365328713,21.676275,0.074,0.0,394.1515067684112,-416.9684,-139.25057995061988,-50.12306434390949,-212.19055183275879
2025-07-07 22:00:00,166,16.58176423669522,0.0,13.708610724614616,1.0,397.2455052025863,3.751421220576717,21.630499,0.074,0.0,396.8855201846402,-416.7096,-164.75393826329872,-45.72862645314719,-230.30663925836822
2025-07-07 23:00:00,167,16.35296504318461,0.0,14.181528995599626,1.0,397.9614664820891,5.714959099815649,21.52227,0.074,0.0,397.6001832173266,-416.09824,-200.82351180910072,-60.28041629801833,-279.6019809737768
2025-07-08 00:00:00,168,16.09128685932626,0.0,13.808030850447734,1.0,395.0678044211215,4.791428529621961,21.453281,0.074,0.0,394.7084086205569,-415.7088,-184.72507667749503,-56.20939305003376,-261.93486237650313
2025-07-08 01:00:00,169,15.841746820765708,0.0,14.313267811600683,1.0,395.78257052099127,5.654239034911606,21.411871,0.074,0.0,395.4218158805634,-415.47516,-195.3918821812945,-64.92488180497519,-280.37010679711256
2025-07-08 02:00:00,170,15.480018861217502,0.0,13.897896345707649,1.0,392.2232696100932,3.919533140655804,21.334002,0.074,0.0,391.8647376240021,-415.0363,-162.2267410027998,-55.192255753005774,-240.59054453219412
2025-07-08 03:00:00,171,16.148581465030702,0.0,13.171932754112175,1.0,392.7146464889909,2.6293226709857227,21.271118,0.074,0.0,392.3575525162531,-414.68192,-137.89283064458704,-38.91077521297783,-199.12796862451486
2025-07-08 04:00:00,172,15.725731782709431,0.2988848994808174,13.478576404086397,1.0,391.7931343044052,4.492272217925388,21.193405,0.074,0.2791584961150835,391.43568919383864,-414.2445,-177.02327662448573,-55.274280798604096,-254.82721656907358
2025-07-08 05:00:00,173,15.078100627214326,5.334412340754565,14.198778701815478,1.0,391.3181726189104,4.926842446876802,21.133707,0.074,4.982341126264764,390.95933032283244,-413.9085,-175.7466778727111,-65.33937208267533,-259.0528868070705
2025-07-08 06:00:00,174,15.171342040124046,18.330559543632283,14.34440023952624,1.0,392.37778345297386,5.500240753271457,21.05334,0.074,17.12074261375255,392.0182346101581,-413.4568,-182.8409955223521,-67.71027587158262,-254.86908127939904
2025-07-08 07:00:00,175,15.171789603069216,23.48686822046558,14.080129697098386,1.0,391.3391798529302,6.301259037669227,20.988707,0.074,21.93673491791485,390.9805839857579,-413.0937,-202.50737171616524,-73.01626089494543,-275.70000267228164
2025-07-08 08:00:00,176,15.289300728290868,86.30525533335131,11.527163906182142,0.9991262113475388,380.8141260939084,6.967753615694523,20.878521,0.074,80.60398490468573,380.4654985318194,-412.4752,-264.0587279093836,-74.81883496111438,-290.28326864297725
2025-07-08 09:00:00,177,15.05355332854839,124.65783483533517,11.129569241675664,1.0,377.81317303750586,6.773889499419729,20.831205,0.074,116.43041773620304,377.4666476931659,-412.20993,-266.18834431313803,-76.07112200292362,-260.5723313066146
2025-07-08 10:00:00,178,15.235172383733754,124.11021927576914,11.8456417843593,0.943925195872641,376.0680976142734,6.736101581394549,20.69631,0.074,115.47082974372152,375.723667671691,-411.45413,-245.92110308441266,-71.31110524962828,-237.49184299870655
2025-07-08 11:00:00,179,15.17368043571281,160.89739906530033,11.17091636788884,1.0,378.62092555771466,5.471243589581682,20.462204,0.074,150.2781707269905,378.27398899469534,-410.14496,-219.58042697810467,-60.09341728487548,-161.26664303738806
2025-07-08 12:00:00,180,15.741928647628356,137.24167156499442,11.243261922351936,0.9631807753931996,377.846201552223,3.992808732575594,20.286873,0.074,127.85231055492639,377.5015246942873,-409.16638,-174.72912607835661,-42.18218763098881,-120.7238602960692
2025-07-08 13:00:00,181,15.383152244700966,319.54165077887126,10.77206601010409,0.4648715100124294,334.6937085173143,2.4969199292070625,20.17246,0.074,290.87747579827027,334.38753031571406,-408.52884,-141.93093738366005,-35.24923095966733,39.55599865932882
2025-07-08 14:00:00,182,14.661176182910822,309.5864030894305,11.958833935653942,0.850565495339847,364.4559349839088,9.053688709603954,20.039612,0.074,286.4168098133598,364.1206211267383,-407.78952,-276.8382655696523,-86.53559068823122,-120.62594558145727
2025-07-08 15:00:00,183,15.10776190300163,157.39512393433893,11.264047848417924,0.9912801265951592,377.7808560289293,2.5367803529243935,19.880785,0.074,146.91452486734062,377.4345088073354,-406.90698,-132.68826317474304,-35.36503948364733,-50.61125140558928
2025-07-08 16:00:00,184,16.038529169807475,157.1834124104956,10.921734311654134,0.9659272306353458,378.0681891954212,1.3852004368500368,19.807713,0.074,146.4571212973322,377.72411511458057,-406.50128,-104.2785667636269,-21.5175549331968,-8.116167023192169
2025-07-08 17:00:00,185,15.292523667651494,124.71305281412668,12.471820194536107,1.0,385.2376817355111,10.391122778601618,19.87609,0.074,116.48199132839432,384.8850134782462,-406.8809,-284.59623951021956,-81.1283896327484,-271.23851422890556
2025-07-08 18:00:00,186,15.278243330200326,59.42765439776228,10.849571800404826,0.9090119754006196,368.0434920496045,0.20722881723923917,20.017017,0.074,55.168404489030166,367.706526306841,-407.66394,-81.72090281057406,-20.568401017806806,-87.07831346219723
2025-07-08 19:00:00,187,15.666166164267452,38.90346649895186,10.539781834080578,0.8983512867614013,367.3687510753855,2.0650308456643782,20.208742,0.074,36.091744348990396,367.033431585688,-408.73096,-132.99491990404871,-30.64572077496126,-169.24642177558158
2025-07-08 20:00:00,188,15.81008892902662,1.5651603318218932,10.526947394156906,1.0,378.6264746103108,1.923153420823415,20.207272,0.074,1.4618597499216481,378.2812715562108,-408.7228,-128.89023074311962,-28.7258346271557,-186.5957429020335
2025-07-08 21:00:00,189,15.629629447816797,0.0,11.162074993970602,1.0,380.89044057846365,0.97476367879613,20.123888,0.074,0.0,380.542678806564,-408.2585,-98.60348876485057,-23.83767833557904,-150.15700269816244
2025-07-08 22:00:00,190,15.731514706749522,0.0,11.06695927602142,1.0,380.9425715476081,0.7701093209906749,20.079502,0.074,0.0,380.59504159465973,-408.0114,-93.32782827198803,-21.77379526854282,-142.51799552008987
2025-07-08 23:00:00,191,15.565831606566462,0.0,11.298963987308651,0.9804458704125424,379.0844064558166,0.35643348704391953,20.076735,0.074,0.0,378.7381193547881,-407.99594,-82.15944500167743,-20.273062580519788,-131.69032938951847
2025-07-09 00:00:00,192,15.683993066885478,0.0,11.358996372584748,0.9177389443241428,373.3614589765304,1.2638507121384555,20.137918,0.074,0.0,373.02071750259773,-408.3365,-104.02013524217708,-25.283058923575727,-164.61896347956133
2025-07-09 01:00:00,193,15.15282224735165,0.0,12.47467870870779,0.9344225529434858,377.4441013805557,2.440274869938158,20.06804,0.074,0.0,377.0981861352344,-407.94772,-120.53400739427359,-35.92495555264194,-187.308500200353
2025-07-09 02:00:00,194,14.543573374677637,0.0,11.482266015363606,1.0,376.919447050882,3.7315637391605865,19.99499,0.074,0.0,376.57234305068346,-407.54144,-162.3358774676059,-49.641684040416024,-242.94666132843224
2025-07-09 03:00:00,195,14.18206990000226,0.0,11.512536595656238,0.9551635599091364,370.4591065616973,2.7729244854788537,19.905947,0.074,0.0,370.1169725575852,-407.04663,-138.88765788907065,-45.19904303020592,-221.01635922106638
2025-07-09 04:00:00,196,14.022798262816195,1.3579602845979004,11.965705711352182,0.6250895283338029,343.1780215320831,2.064120710799362,19.8783,0.074,1.2431552880807692,342.8606817832902,-406.8931,-117.74081946419521,-40.92539026449446,-221.45546958114687
2025-07-09 05:00:00,197,14.033740423974052,52.86754233642385,11.836076560846452,0.8970075349928632,365.3050392174042,1.1781761703797597,19.858374,0.074,49.04260031043663,364.96726776631016,-406.78244,-98.9092302148627,-33.89223141823199,-125.57403374189478
2025-07-09 06:00:00,198,14.019723634379432,161.0838882253993,12.089049820550468,0.6648039854127664,346.4734434844261,1.5416726240344343,19.776913,0.074,147.7024646799229,346.1530486082315,-406.33047,-103.32297362765213,-36.17879247647067,-51.97672766948404
2025-07-09 07:00:00,199,14.21881847848408,336.64502598389873,11.691369685816545,0.2780740381143904,325.80953051390105,1.024654057192044,19.75042,0.074,304.82892818989103,325.508719926007,-406.18356,-94.47323811010871,-30.769364605328757,98.91148216803866
2025-07-09 08:00:00,200,14.848661567774457,530.4675708921084,11.533460053370876,0.7203248191450768,352.2283497953678,1.3185135049777204,19.743067,0.074,487.573159284457,351.90476645781087,-406.1428,-100.31732135611644,-28.536002030243747,304.4818106078608
2025-07-09 09:00:00,201,15.193515702225284,686.5538592747856,11.486736318067065,0.0780709663574799,325.32193425186034,0.8314802422631101,19.76461,0.074,618.8466859808649,325.023883157694,-406.26227,-88.86444724278786,-23.449469416010817,425.29438441335407
2025-07-09 10:00:00,202,15.99264986932866,794.603879358494,11.19377561161786,0.9534670733817204,377.8368815415723,0.7940952446109315,19.800926,0.074,739.7575030286891,377.4928936674785,-406.4637,-88.12100111842959,-18.80901019773128,603.8566707803974
2025-07-09 11:00:00,203,17.012205422291686,860.4987017085575,10.299350127411556,1.0,383.53333191751534,1.0536063526747623,19.844162,0.074,803.7057873957926,383.1869458458547,-406.7037,-98.31258694974339,-14.439129857241266,667.4373116006784
2025-07-09 12:00:00,204,17.467551615721277,867.9961170030832,10.66881649560808,0.4193948975168852,341.3689647050272,1.0303206999505408,19.909918,0.074,789.0271309452993,341.06175780559863,-407.06866,-94.25523329776014,-12.201084134809397,616.5639067675471
2025-07-09 13:00:00,205,18.52243536045802,884.044932947205,9.512902119393878,0.3329373807450527,336.8878497725326,0.693759150445237,19.946424,0.074,801.6433782555404,336.58716518485346,-407.27142,-90.2769552216993,-6.214022006118894,634.468142872732
2025-07-09 14:00:00,206,19.33245627287056,811.3919223251039,9.993979739029797,0.0,336.5736068116672,1.1062668533450708,19.93378,0.074,730.2527300925935,336.27509191597693,-407.20123,-94.75777128432279,-2.858199627844582,561.7106181862468
2025-07-09 15:00:00,207,19.791813999774888,700.8404867489809,11.483089842140052,0.0,345.40115732431093,2.1931856040623376,19.968798,0.074,630.7564380740828,345.0959044191524,-407.3959,-108.4468182624952,-1.080167200307091,458.9294524894174
2025-07-09 16:00:00,208,20.294374708226144,553.5558899666889,11.19143081441718,0.0,346.4148438336615,2.8486200748886326,19.96679,0.074,498.20030097002007,346.1098858789335,-407.3847,-125.07913962672977,2.2508607580607127,314.0972033904407
2025-07-09 17:00:00,209,20.43257460788084,385.5084801354976,11.563431112074104,0.0,348.6689522781491,3.654226777781484,19.95791,0.074,346.9576321219479,348.36233834097413,-407.33533,-139.28086702602212,3.7511805508209624,152.45495683928337
2025-07-09 18:00:00,210,20.422841204512796,215.10494340325988,11.610982525251645,0.0091821535957421,348.83384798129833,3.296722453094389,19.913977,0.074,193.6281810819257,348.527065916892,-407.09122,-129.64690109135094,3.77906220742274,9.196191073873862
2025-07-09 19:00:00,211,20.1459781424432,69.60034314332594,11.902681054351776,0.0,348.7969045832401,2.6370850636411785,19.874392,0.074,62.64030882899335,348.48949632640114,-406.8714,-111.81203095806205,1.793389600767062,-105.76023512768177
2025-07-09 20:00:00,212,19.29565883419008,2.338732251064002,13.2856264720137,0.0,350.37478430878366,1.399851992298624,19.848364,0.074,2.1048590259576017,350.06393989096273,-406.7269,-75.89223216515286,-2.8354304439275757,-133.2857618855195
2025-07-09 21:00:00,213,18.74761606786797,0.0,14.275116801974756,0.187991610230368,353.5506456765996,0.2780291648656795,19.81464,0.074,0.0,353.2356425091653,-406.53973,-49.626843180598776,-4.00231116693432,-106.93324572508654
2025-07-09 22:00:00,214,18.023293689545767,0.0,14.023998418563544,0.0181755947301587,347.2283912900811,1.3190574650119762,19.784351,0.074,0.0,346.917267163335,-406.37177,-71.08442550273458,-9.242955710347337,-139.78187918646566
2025-07-09 23:00:00,215,16.98704343968234,0.0,14.113064616888083,0.232420427313445,345.92874799155646,2.2800029480691686,19.725204,0.074,0.0,345.61626260290114,-406.0438,-88.90742336802687,-18.327839912517973,-167.66279340225304
2025-07-10 00:00:00,216,16.12848788820662,0.0,14.10147330723917,0.8646984782006248,381.9195091515212,2.074566693404871,19.676012,0.074,0.0,381.5721762083583,-405.77115,-86.74186499397904,-23.320987821376022,-134.26182528863737
2025-07-10 01:00:00,217,15.74742151972049,0.0,14.294921556668353,0.4428286357594582,349.0492012408682,1.48360988649573,19.654543,0.074,0.0,348.7308072221239,-405.65213,-75.39567068041882,-22.910691077041662,-155.22768466228973
2025-07-10 02:00:00,218,15.220391193149169,0.0,14.747257759801771,0.1626340299622127,338.4309477880145,1.6538416728519114,19.614729,0.074,0.0,338.12095242066965,-405.43155,-74.70464321054598,-27.149107653787553,-169.1643475159295
2025-07-10 03:00:00,219,14.798597229337702,0.0,14.764375594200931,0.5080650731191962,349.78025093251085,1.6196374925268697,19.576895,0.074,0.0,349.4587892474643,-405.22223,-74.36486001699656,-29.647509926528926,-159.7758096999674
2025-07-10 04:00:00,220,14.57800186750262,1.313304628771505,14.985187465855724,0.6063777570564232,355.7249950854105,1.6564941121926322,19.53204,0.074,1.2014028141176376,355.39749833979926,-404.97397,-72.64849785977073,-31.13980930004984,-152.16337451176307
2025-07-10 05:00:00,221,14.585251190606698,40.935957129827415,15.574653698206085,0.8064600061578235,373.9054288640641,2.1071790119208953,19.495827,0.074,37.78279845449481,373.5612141468708,-404.77356,-72.77698413606694,-33.73641890016257,-99.94295000517641
2025-07-10 06:00:00,222,14.797147519857615,109.70645682269505,14.87416432023763,0.7564711445946092,368.0555742230471,2.6144435030603006,19.488531,0.074,101.00487963243971,367.7173129218647,-404.73325,-87.20267172431477,-35.16792866836378,-58.38165368798352
2025-07-10 07:00:00,223,15.072242158194854,287.4113967900847,14.375412237610975,0.4566769098311904,346.9029980442043,2.2538715160286182,19.481949,0.074,261.56183637834954,346.58487012784656,-404.69678,-86.21788416694045,-30.735163837635064,86.49688115787058
2025-07-10 08:00:00,224,15.807739648677623,502.8691715905335,14.255013081255996,0.0,337.9253860435286,1.9011958305746206,19.492287,0.074,452.5822544314801,337.6172854647066,-404.754,-80.10949707635302,-23.47583031337642,281.8602147037229
2025-07-10 09:00:00,225,16.72684808821083,662.6482475773106,13.00859992467216,0.1281785133241756,338.5871614464007,1.8893043003399392,19.469652,0.074,597.9262339831557,338.28068239195767,-404.62894,-89.01856552463556,-16.95249445496035,425.6069196279394
2025-07-10 10:00:00,226,17.830155281093425,794.7135505260051,13.707916672114852,0.0895415731850734,345.6666701043972,2.274792876148475,19.556488,0.074,716.5086122760899,345.35647723727027,-405.1092,-87.94597668946355,-11.218619370112568,557.5913015592527
2025-07-10 11:00:00,227,18.838554608590016,868.5723420356265,13.761351103307746,0.2329876823304957,353.2537972902422,1.8069726377178876,19.6396,0.074,785.608949581804,352.9392815625922,-405.56927,-77.84471713527908,-4.575164612364569,650.5590744944087
2025-07-10 12:00:00,228,19.906450357864745,890.8963394656766,12.803778207415476,0.0652974934982721,351.59889346067206,2.3649419404019025,19.68971,0.074,802.8290291699574,351.2884395393349,-405.84692,-94.9547905269013,1.3558814217928103,654.6716357760588
2025-07-10 13:00:00,229,21.02749621725673,882.408870388934,12.26856738076741,0.0127572996887153,354.393645421754,3.2540505294122397,19.722551,0.074,794.3605835039102,354.0834279459045,-406.02908,-115.95508107544094,9.424784575563768,635.8846316979844
2025-07-10 14:00:00,230,21.605479028608613,816.8257872064744,11.994520195209548,0.0,355.9241970001753,2.7295811258620835,19.749561,0.074,735.143208485827,355.6140262410505,-406.17883,-106.26701171261254,11.934362848830824,590.2457528552832
2025-07-10 15:00:00,231,22.603432105262986,704.240157860307,9.892788185044491,0.0,350.80243607905373,3.247236016664761,19.80497,0.074,633.8161420742763,350.49906678017544,-406.48605,-137.39747304902386,19.409417375067964,459.84109971369895
2025-07-10 16:00:00,232,22.62209858741596,560.3196657874041,12.447529168950584,0.0,362.5937358931112,3.6469518372255516,19.850847,0.074,504.2876992086637,362.2802145734351,-406.74078,-119.91714512337269,20.690962482844935,360.6009474501648
2025-07-10 17:00:00,233,22.680399021806352,386.4638560344943,12.084224344146246,0.0,361.3369776591589,3.5656807698340196,19.850698,0.074,347.8174704310449,361.02468281988536,-406.73993,-122.04521683736645,20.794279193646666,200.85128640799178
2025-07-10 18:00:00,234,22.483671854727334,214.82640273707608,11.410965543679836,0.0,357.4722963609201,2.6247216845404626,19.854824,0.074,193.34376246336848,357.16287458129085,-406.76282,-108.41041849318775,16.164492265535543,51.49789343419462
2025-07-10 19:00:00,235,21.72699624088773,68.91446593331744,13.122804332544328,0.0,361.0979840301272,0.881469356395194,19.82501,0.074,62.0230193399857,360.7835991068159,-406.59732,-59.83767024782423,7.5932107013160515,-36.03516165634718
2025-07-10 20:00:00,236,20.894512490461125,2.200060190993497,14.13635637225794,0.0,361.00156588527705,1.3620729114075902,19.830233,0.074,1.9800541718941476,360.68523929524116,-406.62625,-64.39929225287679,5.0870630089027715,-103.27318699754183
2025-07-10 21:00:00,237,20.237351628224246,0.0,14.232879542092071,0.0,358.2502747730602,1.2724053823787118,19.80161,0.074,0.0,357.9347584122107,-406.46744,-63.39635539587162,2.0823120614836728,-109.84672266631785
2025-07-10 22:00:00,238,19.90290269735016,0.0,14.519536915276008,0.6037793941084615,379.8641392142703,1.6194456180209476,19.796028,0.074,0.0,379.5287184835015,-406.43643,-67.90982659373556,0.5660251032914677,-94.25151489170821
2025-07-10 23:00:00,239,19.41805861454418,0.0,15.279656587811417,0.0059304223796662,358.0236636300639,1.1512591670110872,19.784584,0.074,0.0,357.70633545108984,-406.37296,-55.56955977623719,-1.7478395106210505,-105.98401915803402
2025-07-11 00:00:00,240,18.65138767305609,0.0,15.499360683344085,0.0,355.1429954612369,0.6744601282613052,19.756737,0.074,0.0,354.8263361099691,-406.2186,-48.19391781064512,-4.73001311310819,-104.3161922258936
2025-07-11 01:00:00,241,18.109655525320363,0.0,15.561962686264623,0.0,352.8119203194313,1.337407908985658,19.715147,0.074,0.0,352.4960065072221,-405.98798,-58.095073328735054,-8.418761352770614,-120.00580424850233
2025-07-11 02:00:00,242,17.48657642590399,0.0,15.44759324426136,0.0,349.54359735179446,0.9003988429977494,19.677559,0.074,0.0,349.22908075667215,-405.77963,-53.37498615736209,-10.46865301253151,-120.39419098158082
2025-07-11 03:00:00,243,17.22447934805257,0.0,15.3656393268317,0.0,348.0657765962016,0.8915814454901513,19.652483,0.074,0.0,347.7519458209927,-405.6408,-54.074014432546754,-11.67999928380144,-123.64287600082423
2025-07-11 04:00:00,244,16.944778496458753,1.3066755053060717,15.64445746862974,0.0,347.6675025992998,0.9587379182109361,19.618732,0.074,1.1760079547754645,347.35334236098436,-405.45386,-53.148363174651344,-13.221493686170765,-123.29436396693728
2025-07-11 05:00:00,245,16.691369135529044,57.44417453338715,15.501276672914637,0.2075069619500132,348.5768117721954,1.4948056310378872,19.595476,0.074,51.92585684173676,348.26120242459683,-405.3251,-62.12929522955886,-16.530400372437548,-83.79774009542848
2025-07-11 06:00:00,246,16.64509420558261,185.6749765592047,15.292329684682002,0.3714013424233349,353.2549681523303,1.5146717739967577,19.563864,0.074,168.54714471520265,352.9350067772275,-405.1501,-63.86021792403904,-16.698046493725297,35.773801625447064
2025-07-11 07:00:00,247,16.984819757998594,323.0529892987509,14.890998880387732,0.2973823282928896,350.6011787332888,1.2173606960833177,19.514084,0.074,292.6661413272714,350.2844671037231,-404.8747,-61.31199279525332,-13.297977814785629,163.4659429967368
2025-07-11 08:00:00,248,17.63222724756531,513.156057576061,14.5574119397883,0.0,347.26219996468404,1.2210757181100242,19.469582,0.074,461.84045181845494,346.95009230303,-404.62842,-61.965182370343825,-9.432789838302375,332.7641539440887
2025-07-11 09:00:00,249,18.64273883892793,673.3474379608238,13.485733125694452,0.0,348.11238195208176,1.308340594011585,19.508938,0.074,606.0126941647414,347.801970438455,-404.84616,-69.7725512031896,-4.389959919012059,474.80599259232287
2025-07-11 10:00:00,250,19.911322732012536,791.4232940284,12.578121487898295,0.2075124166287719,353.0409624536964,1.7360771885397517,19.587618,0.074,715.3960910580583,352.7292470020497,-405.2815,-82.76547140725421,1.7509784311432885,581.8293509433722
2025-07-11 11:00:00,251,21.310693867946725,796.0215838082547,14.029599820532733,0.5218899751348668,379.3703377931595,3.465745660995868,19.622713,0.074,725.975421285739,379.0389823685567,-405.47583,-97.99091846505564,12.540780476457957,614.0884355875729
2025-07-11 12:00:00,252,22.600773594486554,866.2770752756134,12.56755848601088,0.2873350834437569,368.0850255168172,3.532659251573286,19.74289,0.074,784.5907903067321,367.76670396555267,-406.14175,-114.23123275314154,20.862349007802454,652.8468563765551
2025-07-11 13:00:00,253,23.058732340359825,875.5013619023991,13.038936544082716,0.0245733646575093,367.12481642526654,3.673420071736114,19.860882,0.074,788.3215135631657,366.80843878492124,-406.79633,-112.75215526285749,23.733730502250598,659.3152019038864
2025-07-11 14:00:00,254,23.846022691036865,782.8121909773054,11.466887738081947,0.7343342245704744,397.4962545166549,3.5959721990962374,19.937115,0.074,719.9732450371298,397.15576151575993,-407.2197,-127.39990796729701,28.096317964752668,610.6057205054234
2025-07-11 15:00:00,255,23.99739989359557,553.3245824727859,11.40829697346245,0.4418569203105753,376.6658926703839,2.749174714758359,19.981112,0.074,503.3271092923074,376.3436157680453,-407.46423,-108.42642842645671,24.316865421676894,388.0969286571353
2025-07-11 16:00:00,256,23.85882328758612,509.85026443419264,11.424598115340851,0.6000082443359757,386.261767503844,2.839141990261435,20.01406,0.074,466.2946305334017,385.9309302642138,-407.6475,-111.4075394531592,23.855705100677643,357.0262349900559
2025-07-11 17:00:00,257,23.935281967316428,302.3099541976724,12.871456187568151,0.6328217675079085,395.8366449167876,2.1037664540597416,20.008902,0.074,276.8365556369952,395.4978046998816,-407.6188,-82.336963800776,20.50666336778041,202.88525497224057
2025-07-11 18:00:00,258,23.75244735221497,149.00865249642524,14.126059431869889,0.5569868901416875,394.4335749483528,1.2071914145891773,20.02237,0.074,136.0633200297492,394.0954636768781,-407.69363,-56.73945874716684,15.220969375554148,80.9466603018115
2025-07-11 19:00:00,259,23.082495383653963,46.12438379096662,16.90976882517012,0.7285775683385158,415.4833147585056,0.6386505283517833,20.025898,0.074,42.410605431220944,415.1253283600874,-407.71332,-33.61473315044033,10.570870376539272,26.77875314631356
2025-07-11 20:00:00,260,22.478784395554385,1.558697391287282,15.8120982490347,0.532362312685412,392.5442290787059,1.4709954119174673,20.054369,0.074,1.4220510065844711,392.2044368886811,-407.87167,-53.403281027909784,11.322381427323418,-56.3260852893052
2025-07-11 21:00:00,261,22.037605252820185,0.0,14.9957651855862,0.5793934247711472,390.6318714941058,1.497483934494454,20.031088,0.074,0.0,390.29258572537594,-407.7422,-60.327489604506034,9.596497670123519,-68.18059370900659
2025-07-11 22:00:00,262,20.901567937219056,0.0,15.094384081917015,0.4859347780318835,379.0621119474567,1.8127932001203306,20.01431,0.074,0.0,378.72997796813917,-407.64883,-67.18063548818519,4.795861054025291,-91.30363069453635
2025-07-11 23:00:00,263,20.265914107708,0.0,15.877276240279894,0.558484936023505,383.32842163530137,2.3799063936647107,19.997824,0.074,0.0,382.9908932850068,-407.55722,-70.26469671030148,1.679835847097291,-93.15118803718177
2025-07-12 00:00:00,264,19.70489313208373,0.0,16.688256384282585,0.0401367977511809,364.0316924131097,1.989183824762447,19.969183,0.074,0.0,363.709757347968,-407.39792,-58.103704312554875,-1.546423898874729,-103.3382895646335
2025-07-12 01:00:00,265,19.11401581543379,0.0,16.336418233457113,0.0,360.012796590281,1.5375461345058044,19.941929,0.074,0.0,359.6929498671221,-407.2465,-55.77283159920883,-4.439501900889905,-107.76587411149228
2025-07-12 02:00:00,266,18.543678048596007,0.0,16.120622443635778,0.0,356.63473538906544,0.9928532817940405,19.908054,0.074,0.0,356.3164787318167,-407.05832,-50.5566881754685,-6.475240071952806,-107.77376860740151
2025-07-12 03:00:00,267,18.068197524021343,0.0,16.51234687970439,0.4136819629900772,365.9630349914426,0.8376801192190089,19.877312,0.074,0.0,365.63523927477854,-406.88766,-46.228637449104134,-8.366460302837362,-95.84752327208483
2025-07-12 04:00:00,268,17.450756492511402,1.1190557552479818,16.344353566476332,0.400975829979447,361.8322225044852,1.6416426238614878,19.85969,0.074,1.0166911778110574,361.50655734032307,-406.78973,-59.15401978204238,-13.955090511732038,-117.37559566235902
2025-07-12 05:00:00,269,17.34634599092226,52.58315275143645,16.129205411829037,0.3633350396017293,358.9312100550149,1.2703016482575238,19.848518,0.074,47.72173010849717,358.60789154568,-406.72772,-55.94244746896424,-13.31708477284199,-69.6576327555978
2025-07-12 06:00:00,270,17.490208412293214,188.17132320304447,15.86249105492357,0.0890229574745216,351.3592156201556,1.0407973116805187,19.83587,0.074,169.65223386768554,351.04307433923697,-406.65762,-54.33420948808955,-11.708126365950152,47.99534906186718
2025-07-12 07:00:00,271,17.773780972725774,358.2159615837066,15.318322386000906,0.0269844731041702,350.499033171064,1.614015544183005,19.82832,0.074,322.5609394542112,350.184365121279,-406.6156,-66.5197348468995,-11.692076674795379,187.91789246785783
2025-07-12 08:00:00,272,18.34705274302422,524.8534963648127,15.19493917320184,0.0718856255482981,353.0266077134789,1.9712242678648009,19.834515,0.074,473.0334601360054,352.7110871819433,-406.65,-71.98258981386054,-9.006629002907891,338.1053346046958
2025-07-12 09:00:00,273,18.81288099974165,680.274583728049,14.9177785051726,-8.881784197001254e-18,353.96185938193906,1.8506410093953838,19.870623,0.074,612.2471253552442,353.64665019195866,-406.85056,-72.02926103495527,-6.152478847222255,480.86148024510345
2025-07-12 10:00:00,274,19.963311083492044,791.8655457366885,16.182725040641767,0.5359069456051347,381.320701865409,2.1194104663797373,19.911423,0.074,722.5338650174122,380.98415274817984,-407.07712,-63.01432891749159,0.30944471407197044,633.7360156422505
2025-07-12 11:00:00,275,20.889127959190432,867.1898600694834,16.149402104366327,1.0,430.45142543202894,1.0735250162856935,20.031767,0.074,809.9553293048974,430.0742279029619,-407.7459,-48.285815007329845,3.805779436419488,787.8036109924178
2025-07-12 12:00:00,276,21.66819805675345,891.3848216088252,15.045044066457914,0.0247818439592883,367.9744013242177,0.6596500145281732,20.14038,0.074,802.626583737736,367.6538843637899,-408.35025,-48.17657967505849,5.760177773516377,719.5138159558431
2025-07-12 13:00:00,277,22.307505145325703,876.7300067437495,15.321216962838156,0.0779738671834747,372.37021587303616,0.4292120567792027,20.233051,0.074,790.2663075194274,372.04746207118626,-408.8665,-42.29183493787675,6.981845218584855,718.1372942756187
2025-07-12 14:00:00,278,23.421147509234004,797.8798198904665,16.221813013477544,0.3329550233136793,387.6817192094016,0.4875687855661803,20.301191,0.074,723.510033165162,387.3485523890156,-409.24622,-36.8960433828949,10.133554715171353,674.8498810661415
2025-07-12 15:00:00,279,24.622119292768105,686.8043285559738,14.350738701664048,0.0,379.775799912061,1.8133583215295594,20.348928,0.074,618.1238957003765,379.45240704157413,-409.51257,-68.22479677722393,20.411025941094742,540.249958663634
2025-07-12 16:00:00,280,24.544992352606982,546.5168252065273,14.7037739306495,0.0,380.7163306497077,1.3779898947559888,20.42143,0.074,491.86514268587456,380.3919462802755,-409.9171,-58.877839151888885,17.450876639548635,420.9130121959973
2025-07-12 17:00:00,281,24.82270205362101,378.82690099568896,14.942014065324509,0.0,382.9652234662116,2.064311248563555,20.471003,0.074,340.94421089612007,382.63961252141485,-410.19406,-69.57572810401892,22.15820086668554,265.9722349009046
2025-07-12 18:00:00,282,24.623863263452733,209.83999780665957,15.351201130068294,0.2019851762372707,386.1179305039277,3.2009617332128286,20.475529,0.074,189.65747937357054,385.7891414482056,-410.21933,-86.49529452255545,27.47837912745011,106.21037559268643
2025-07-12 19:00:00,283,23.694612051316085,64.22296918670304,15.46633391700168,0.0981273445066921,379.8926046420423,1.6453425013296148,20.462568,0.074,57.91333438542024,379.5668139643804,-410.14685,-61.05420041158472,15.3496486615305,-18.371253986191093
2025-07-12 20:00:00,284,22.792317947945435,1.8462942352562308,14.392371948322417,0.0137817994236298,371.02597314531977,0.8210186788785805,20.44267,0.074,1.6621003825716552,370.7055796565845,-410.03574,-55.25604900020904,8.998109252991878,-83.92599579204533
2025-07-12 21:00:00,285,22.570663859901288,0.0,14.34580115680324,0.2775445133416462,374.6152457395947,0.7017701540934035,20.414675,0.074,0.0,374.29120191011293,-409.87946,-53.54262337976062,7.9961122555162065,-81.13476478053772
2025-07-12 22:00:00,286,22.329780467216665,0.0,15.42408747397688,0.4353978405447407,384.4526919164339,0.4157029891016176,20.388716,0.074,0.0,384.11952261944566,-409.7345,-43.01839152882336,6.546569261023455,-62.08679671866674
2025-07-12 23:00:00,287,21.75550287501642,0.0,15.9618501961879,0.0,371.4820195867615,0.3114613598802284,20.386621,0.074,0.0,371.1586649693933,-409.7229,-39.904917641118956,4.574805255707081,-73.89434780664355
2025-07-13 00:00:00,288,20.88925727085837,0.0,16.52025868092138,0.0,369.1030658134321,1.1293938308230744,20.35584,0.074,0.0,368.779627169685,-409.55106,-50.4411478264259,2.439110492018101,-88.77346607292591
2025-07-13 01:00:00,289,20.359149215545813,0.0,16.514229427771465,0.0,366.5260603145824,1.3489748158004762,20.338032,0.074,0.0,366.20355979307755,-409.4518,-54.525634311196626,0.104669299207373,-97.66921796305233
2025-07-13 02:00:00,290,19.835581101092657,0.0,15.845521183141368,0.0,361.8695834510428,1.2957393138355102,20.30381,0.074,0.0,361.5498849748551,-409.26083,-59.392833975489175,-2.330619456489462,-109.4344021973579
2025-07-13 03:00:00,291,18.95611694056379,0.0,16.416037794898163,0.6080594902321379,382.11070349824666,1.1966647035841464,20.296522,0.074,0.0,381.7708067305162,-409.22015,-55.388406375873714,-6.714650253061649,-89.55240370701291
2025-07-13 04:00:00,292,19.365565985717467,0.9863245602204594,16.06659361569589,0.0,360.3500283478735,0.38456992784525806,20.277697,0.074,0.8876921041984135,360.0305078665023,-409.11533,-44.57564645724813,-3.52281061887976,-96.2955830331615
2025-07-13 05:00:00,293,20.021138186246503,56.1343714878493,16.35655779724107,0.0949396611666371,364.96065615294174,0.3119179207014533,20.23343,0.074,50.616048837753766,364.6386906586596,-408.8685,-40.02871472070629,-0.7720148345785383,-34.414489814730885
2025-07-13 06:00:00,294,19.51934738901133,184.08887530791148,16.361311671713125,0.4529882942696548,374.648102571073,0.9164936908769324,20.172665,0.074,167.51272348336568,374.3163009075253,-408.53003,-49.04478907235954,-2.9486527190513314,81.30555330260506
2025-07-13 07:00:00,295,20.787127446626187,177.98200061817926,16.520639759810503,1.0,431.27423298689314,1.3468464277097656,20.175741,0.074,166.2351885773794,430.8960163170425,-408.5472,-51.508037982548046,2.9615531450300354,140.0375093635445
2025-07-13 08:00:00,296,20.9997676268257,142.52652657169736,16.056813242635272,0.8621450817317589,414.6564601286916,3.319244749291768,20.178387,0.074,131.94558146311556,414.2934140041262,-408.56183,-83.87636421017478,6.076550862578467,59.87735350636412
2025-07-13 09:00:00,297,21.669425805242327,525.8481274262972,15.763924688812986,0.5835122817969078,391.8434591263068,1.4656702756530924,20.189981,0.074,480.6283771901617,391.5021547155273,-408.6264,-57.1191543825283,7.158776679044837,413.54375039361173
2025-07-13 10:00:00,298,22.334029077530943,697.0899144069363,15.392352979524048,0.986131594272966,433.9185058407216,2.369547608421137,20.245386,0.074,650.4335805714418,433.5424814156988,-408.93518,-73.83935332186219,12.351928786245914,613.5534567874619
2025-07-13 11:00:00,299,22.26153552193477,584.8993740453277,15.457597848870265,1.0,435.513417351752,1.100938777002622,20.299368,0.074,546.296015358336,435.1358004240394,-409.23618,-53.39826836591416,8.377652853707488,527.1750247330593
2025-07-13 12:00:00,300,23.544015580361247,711.6577164586183,14.51659831741615,0.0130514766596158,375.13014336211126,1.097562672568089,20.358091,0.074,640.6508811187927,374.8080661280017,-409.5637,-56.74441071697494,12.86362724506685,562.0144735893394
2025-07-13 13:00:00,301,24.478913015614125,848.2281451136932,14.750264689418616,1.0,445.2579320307588,2.886084609647314,20.42964,0.074,792.2450875361894,444.8783646927551,-409.96295,-86.33087866303731,25.220565793341894,766.0501876990929
2025-07-13 14:00:00,302,24.80403866882284,683.4195569715777,15.627563270434363,0.896725647943364,438.0094420131855,2.8067061599175362,20.49797,0.074,633.9637057982884,437.636977549863,-410.3448,-77.11952179911404,26.165057773367028,610.3014317247482
2025-07-13 15:00:00,303,26.04048878748972,665.9026078636207,17.345583801658265,0.3705575213644914,406.6880190305318,1.763918518545539,20.581553,0.074,604.4611495569808,406.3454219819127,-410.8119,-46.21950325458228,24.516587405702698,578.2917660415764
2025-07-13 16:00:00,304,25.93427643287237,236.29136248642573,17.117364652108016,1.0,463.4575228815646,0.9475962073360649,20.773989,0.074,220.69613256232162,463.0667883214463,-411.88916,-38.44757514372087,17.92393184795222,251.35011743174928
2025-07-13 17:00:00,305,26.2606435245246,289.35878918007984,16.44985409525822,0.2125392443231908,398.5694887133804,1.9529110046735068,20.93659,0.074,261.59272802654016,398.2342902745027,-412.80106,-59.2937491919372,25.367130292859997,213.0993434937626
2025-07-13 18:00:00,306,25.739621164259063,159.81662195348383,17.124666097041334,0.6659364739444925,424.9392932223918,0.8800229864209811,21.04289,0.074,146.54738111677005,424.5805035354306,-413.39798,-40.51100101023586,16.301325003156975,133.52022890879368
2025-07-13 19:00:00,307,24.734508590218752,49.28547283176708,19.324022133431978,1.0,464.30698885833465,1.7591057992168209,21.221058,0.074,46.03263162487045,463.91195297617816,-414.40012,-42.50951398060187,17.0277654340649,70.0627200877148
2025-07-13 20:00:00,308,24.69747353552384,0.662330300284637,19.485314515778096,0.9100837096634,453.04106749860654,1.4417378574337059,20.753996,0.074,0.6149009020118361,452.6555080006802,-411.7772,-32.434118570326355,17.151275629274817,26.210374799531085
2025-07-13 21:00:00,309,23.380673555924773,0.0,17.797870202423944,0.1934511328920334,387.8333997803578,3.464869338270072,20.58808,0.074,0.0,387.4999993259812,-410.8484,-69.51958054976511,20.170756900748064,-72.69721299491084
2025-07-13 22:00:00,310,22.85405756569588,0.0,17.017909147901594,1.0,444.9605906384057,2.600090858997718,20.540857,0.074,0.0,444.57653406393626,-410.5844,-66.03555767692171,14.284450512068085,-17.758984722011114
2025-07-13 23:00:00,311,22.970942243345466,0.0,17.988972942523954,0.982101897534908,446.8695879981379,1.9675913840747505,20.528078,0.074,0.0,446.4842293265913,-410.51294,-48.95370649818198,12.99498416657318,0.012567541857476883
2025-07-14 00:00:00,312,23.27816860930136,0.0,19.81460535148424,1.0,457.25430928955006,0.9357731190615898,20.546827,0.074,0.0,456.86092259597325,-410.6177,-25.39170116949469,10.678066234802431,31.529581362452866
2025-07-14 01:00:00,313,22.61804224820088,0.0,19.278969863439155,1.0,451.5711185910972,1.199388753242285,20.575756,0.074,0.0,451.180649676517,-410.77945,-32.29559122879463,8.953634173221962,17.059243158053732
2025-07-14 02:00:00,314,21.710683037694707,0.0,17.105557453595946,1.0,438.6950139489705,2.4403332835714577,20.565125,0.074,0.0,438.3130222449858,-410.72006,-65.63090305456272,7.0821187226293825,-30.955824342806913
2025-07-14 03:00:00,315,21.5296176070334,0.0,16.723021252275007,1.0,436.2459363521753,3.5544019725704654,20.561344,0.074,0.0,435.86554667562183,-410.6989,-85.88871193864978,7.436155902613347,-53.28592293463335
2025-07-14 04:00:00,316,19.887629061491737,0.4899770380946561,17.24361545580093,0.9596824880697534,423.90317246351833,4.702815117577766,20.545712,0.074,0.45634729727648027,423.52882082358457,-410.61157,-98.38019634070459,-6.246470126008101,-91.25307061147666
2025-07-14 05:00:00,317,20.05296955137152,21.384735742879656,17.29182091258794,1.0,429.9307354879283,2.6074665808123725,20.524212,0.074,19.973343183849597,429.5515475014809,-410.4913,-68.66024107577043,-3.158521537456988,-32.785174418131305
2025-07-14 06:00:00,318,19.11592351325777,25.454031244224048,18.161872585814034,1.0,427.64824399129697,2.4362096181516644,20.486532,0.074,23.774065182105257,427.2683134443798,-410.28085,-58.800333212043256,-9.107147076833341,-27.145954933875913
2025-07-14 07:00:00,319,18.563711782275107,46.92051942187483,17.785906218675542,1.0,423.2759739395579,5.6459026707870725,20.435112,0.074,43.823765140031085,422.8983064405249,-409.99362,-101.91388573520514,-20.505537902153026,-65.69097388297408
2025-07-14 08:00:00,320,20.05338301945289,141.42638269848308,16.730795483905883,1.0,427.91208151713727,3.0905047760185242,20.404627,0.074,132.0922414403832,427.53467514225537,-409.82343,-79.16789783062235,-2.569439562576896,68.06615389647061
2025-07-14 09:00:00,321,20.584034193481443,265.21616504789745,16.296356105785797,0.9908046595319756,428.1460386592651,2.3426787979433503,20.480474,0.074,247.5475739719478,427.76997499644347,-410.24692,-72.75605550684108,0.6469973815417845,192.96157311848262
2025-07-14 10:00:00,322,20.72940650165356,695.2353837006029,17.048130378191914,0.6687748468782114,398.1209175274352,1.2472104230482428,20.565626,0.074,637.5869979524741,397.77161959996107,-410.7228,-51.337165704226734,0.785527439150645,574.0841704494684
2025-07-14 11:00:00,323,21.252509115655755,568.4587612278887,15.891595371636363,0.4117207710154858,379.44190017805306,0.49708791550653847,20.618896,0.074,516.6230705665305,379.110333391032,-411.02084,-46.776431361900045,2.3587689529953746,440.2948980427984
2025-07-14 12:00:00,324,21.726167472519364,815.9904908136376,14.9105348413372,0.1777150082903462,369.71720829262335,1.1573504905154122,20.687,0.074,737.0970930189735,369.3953171065869,-411.40204,-64.10003632725167,4.692200985150617,635.6825362092405
2025-07-14 13:00:00,325,22.710187051769367,783.4174818797019,16.469591558516104,0.3520038476781195,385.7830166093413,0.6251290306434191,20.730808,0.074,710.7650934013575,385.44966987570825,-411.64728,-43.49702214560223,7.206657075320787,648.2771203747529
2025-07-14 14:00:00,326,24.15534957972386,748.9258537224238,16.704862005280727,0.551926000303197,405.74481455401366,0.9804941002169983,20.775715,0.074,683.7385431744497,405.3980760264809,-411.89893,-44.996159020009834,13.003911584859454,645.2454459845301
2025-07-14 15:00:00,327,24.27926619035543,598.1511530752739,17.131080928766494,0.2139366154150097,390.7979776890796,1.6023049466245278,20.777945,0.074,540.7720424281624,390.4643279859356,-411.9114,-51.334450507062186,16.255121702094197,484.2456341384269
2025-07-14 16:00:00,328,24.797241402792224,403.7710638915927,17.10465379124318,1.0,456.6554329497523,0.8769911579385953,20.835274,0.074,377.12217367474756,456.2670926359229,-412.23267,-40.456506279712265,14.2765358399373,394.9766298552705
2025-07-14 17:00:00,329,25.458662477667872,244.16737298598304,17.366837523680548,0.9317473619691344,452.7341541735557,1.40975824745418,21.004871,0.074,226.99150560618165,452.35108024400694,-413.18454,-47.26239886560295,18.76098216442527,237.656629354089
2025-07-14 18:00:00,330,24.94103081174069,137.35534211890808,18.417730866428087,0.5780968921421661,417.6355222332012,0.44750791617324115,21.144361,0.074,125.51850245421574,417.2807530314795,-413.9684,-30.567727138016735,11.653899511044719,109.91701355208255
2025-07-14 19:00:00,331,23.8036860263918,51.17308406439287,20.220337914835696,0.0,394.6336546844254,1.965607003937347,21.165756,0.074,46.05577565795358,394.29550437339,-414.08893,-38.51262555349524,13.930103900832602,1.6798301560246607
2025-07-14 20:00:00,332,23.42330640882551,1.5194505583574838,18.87284500758022,0.0,388.8392402870943,2.1872629070285035,20.958624,0.074,1.3675055025217355,388.50508423561104,-412.92474,-49.57402243538907,13.81282928881923,-58.81334706078081
2025-07-14 21:00:00,333,22.767048853982143,0.0,18.884500859914265,0.1885831249352573,387.8987994391834,1.9906306278282304,20.895895,0.074,0.0,387.5637707383971,-412.57278,-47.38540603532189,10.209284993815668,-62.18513472693722
2025-07-14 22:00:00,334,22.934383458807247,0.0,19.233987321504543,0.3465997990496875,395.3343109567812,1.112969707067837,20.89142,0.074,0.0,394.9932982231243,-412.5476,-34.7960156753394,8.724242203267158,-43.62608267082291
2025-07-14 23:00:00,335,22.540533470790365,0.0,20.81586224124096,0.0132856783843686,389.828252871987,0.5269402585359196,20.912985,0.074,0.0,389.490971686832,-412.66867,-20.801233878690688,5.822055580742754,-38.156877265412824
2025-07-15 00:00:00,336,22.00580806673338,0.0,19.829148955202506,0.5709568059760709,405.73515411447073,0.7439844395426921,20.896894,0.074,0.0,405.3826640500415,-412.57825,-28.759101904145965,4.390132964528824,-31.564551959888128
2025-07-15 01:00:00,337,21.916781294271004,0.0,21.319777807337147,1.0,453.9372201644741,1.0953659079247988,20.887054,0.074,0.0,453.5425833004761,-412.5231,-22.164025970309176,4.567471388254269,23.42292691178058
2025-07-15 02:00:00,338,20.911650519779755,0.0,19.9646526155455,1.0,443.8234525359086,3.4581541497526254,20.888866,0.074,0.0,443.4346050144074,-412.5332,-54.42745820642202,0.17609949069786673,-23.349956826316756
2025-07-15 03:00:00,339,20.93206006080294,0.0,19.39085186573613,0.9796985740176132,439.51486497655327,0.4687677347686798,20.866535,0.074,0.0,439.1298530765669,-412.40808,-29.780031376157833,0.2484121635081635,-2.8098471907702525
2025-07-15 04:00:00,340,20.34051275093168,0.4996011111357274,21.71085529566969,0.9999169703090424,445.8082028406831,0.3522473923284305,20.855894,0.074,0.466624617277598,445.41588658118843,-412.34836,-16.245403757497943,-1.930579992453094,15.358169294218122
2025-07-15 05:00:00,341,20.555817662789423,23.03981784748568,19.64615061518388,1.0,440.7435705021784,1.3466735381899524,20.84089,0.074,21.519189869551624,440.35635720552784,-412.26416,-37.13904440042612,-1.4283395574240245,11.044002960979306
2025-07-15 06:00:00,342,20.585410098518423,65.47584456394542,20.183306877925308,1.0,442.6170728524479,0.4531176087124378,20.827164,0.074,61.15443882272501,442.22830264243595,-412.18716,-25.155849033717356,-0.9253515753325191,65.11437654947046
2025-07-15 07:00:00,343,19.789854124984856,140.938482196653,19.731425734520865,0.996718030386116,436.18467771489145,3.0137023160954106,20.836218,0.074,131.60519146889644,435.7991877915518,-412.23798,-53.41148770235249,-7.68399362563783,94.07092185823913
2025-07-15 08:00:00,344,19.72711184066685,134.98440826603542,19.4785487753185,0.9929026394220472,434.5421230233196,0.886698757063912,20.843018,0.074,126.01075018320022,434.15789764609895,-412.27612,-34.97481210592138,-5.088736586682023,107.82897608982077
2025-07-15 09:00:00,345,19.870231223838918,344.6079436446953,19.842913082451307,0.8540070654461098,420.2113788675629,0.5179927933398809,20.882019,0.074,318.8785460746254,419.84023737319114,-412.49487,-29.243175466634682,-4.103922018417816,292.8768129158891
2025-07-15 10:00:00,346,20.73826836545237,349.7600748796136,19.572917288597026,0.8573106495191851,424.56072301287423,1.5936453042414331,20.9147,0.074,323.7060051455321,424.18825321688394,-412.67825,-40.87637126037737,-0.9377166182982047,293.40191730991233
2025-07-15 11:00:00,347,21.205974242472166,373.70151151971095,19.34016718837612,0.8950601445265558,430.70412621835,1.580986166128237,20.95759,0.074,346.62377685233514,430.32762986718734,-412.9189,-42.48247538634825,1.29638993978588,322.84640647803826
2025-07-15 12:00:00,348,21.934246935178464,343.58797972341466,19.29673410295167,0.9899295432923302,446.3164769528849,1.8174832957636267,20.99221,0.074,320.6782328999777,445.9285174605488,-413.1134,-44.745238994609934,5.088173252976507,313.8362812985805
2025-07-15 13:00:00,349,21.896554048104463,194.9078288270084,19.63186587953696,0.9992527327813792,448.4039929354101,0.6888186570278351,21.025843,0.074,182.03401544017638,448.0141057489832,-413.3023,-30.8824532377247,3.4225139299923875,189.28587475252104
2025-07-15 14:00:00,350,22.68631751610758,322.2281927819498,18.27062634642021,1.0,448.5176749344069,1.3796625535322875,21.106146,0.074,300.9611320583411,448.130049530882,-413.75357,-47.502396579777255,7.437918166979595,295.2731326197848
2025-07-15 15:00:00,351,22.52212738620551,196.50264303003885,18.274261537486765,0.8868311873382174,433.6855447727252,0.6763208545069727,21.135387,0.074,182.17502052991549,433.3102650083367,-413.91797,-38.770912368459314,5.295051449853473,168.0914558696464
2025-07-15 16:00:00,352,22.70315999729769,246.59281907074475,17.201880632181226,1.0,444.7697103647503,2.2160940199047476,21.139942,0.074,230.31769301207558,444.38537377989746,-413.9437,-68.43649308953796,9.081979479563069,201.40485811363874
2025-07-15 17:00:00,353,22.57149864118537,166.623063569334,18.619065760627524,0.8730073145965292,433.5377543384767,2.7706543647486517,21.153877,0.074,154.3492038061163,433.162744684885,-414.02197,-63.54034815286664,9.307985847430496,119.25761352931511
2025-07-15 18:00:00,354,22.36732955730196,82.19915430133209,19.26450380278978,0.7282061545375563,419.33388588336805,1.5207670549705095,21.164267,0.074,75.57947434120179,418.97059317139735,-414.08054,-43.32011304921248,5.970372018010399,43.119790592725174
2025-07-15 19:00:00,355,22.795315859780885,38.95066774281983,19.42307888734121,0.8092878360298085,430.38043635198073,0.9861740083296257,21.177265,0.074,35.955699487015664,430.0087968236908,-414.15366,-35.638647179239264,6.767804727773529,22.9399978533813
2025-07-15 20:00:00,356,22.410848244840054,0.9113087649396404,18.47771612271641,0.931066058112177,438.9725346449321,2.4007419621262414,21.137426,0.074,0.8471660991220962,438.5923550251923,-413.92944,-60.16133374558564,7.776050131033203,-26.875205849613025
2025-07-15 21:00:00,357,22.38498538211411,1.1102230246251563e-16,17.619700389894664,0.9997350957478964,444.416068811847,1.5679843195472172,21.112476,0.074,1.0369283113059102e-16,444.0310982231761,-413.78925,-55.56470405067434,6.377568941908268,-18.945282491058702
2025-07-15 22:00:00,358,21.98122606051254,0.0,17.790328078945205,1.0,442.7238478432226,3.0381734555141864,21.09188,0.074,0.0,442.3391503771153,-413.67343,-75.64648844016962,6.239489575434265,-40.74127988410444
2025-07-15 23:00:00,359,21.3265605328794,0.0,16.958718234761037,0.9930058056095497,435.0763749724864,3.219837142114833,21.07288,0.074,0.0,434.6964104559473,-413.56656,-88.40732232631511,1.8703435041999283,-65.40712720405854
2025-07-16 00:00:00,360,21.25457743199047,0.0,16.586289474731185,0.8832053922325781,420.2940283579632,3.0757358343413825,21.056307,0.074,0.0,419.9267697188471,-413.47342,-90.0197651804674,1.4262957494321562,-82.14011890164129
2025-07-16 01:00:00,361,20.92049682777736,0.0,14.909031135366982,1.0,425.7400913054241,2.554025609356547,21.041065,0.074,0.0,425.3671126799816,-413.38788,-98.53782396875472,-0.7917837086741966,-87.3503734154161
2025-07-16 02:00:00,362,20.322260935660665,0.0,15.777985746733682,0.9625818768528556,421.3004358020159,2.8245414508922844,21.024124,0.074,0.0,420.92963423439244,-413.2925,-96.0203633857822,-4.934655725258969,-93.31789586297685
2025-07-16 03:00:00,363,20.16376687925424,0.0,15.09527191737225,1.0,422.28173627031066,1.1738989499575019,21.005362,0.074,0.0,421.90961429208335,-413.18726,-71.55314640158069,-4.112667317245471,-66.94345528611781
2025-07-16 04:00:00,364,20.03859773947528,0.2176542766824789,15.24473785937534,1.0,422.181501692384,2.712114892881702,20.981874,0.074,0.20328909442143528,421.80910683275386,-413.0553,-99.50701858752521,-6.534902116201717,-97.08482262811413
2025-07-16 05:00:00,365,20.16083105749118,25.22829106903167,15.69602592662674,1.0,424.6262111584808,3.2162779432666255,20.95823,0.074,23.563223858475578,424.25201467326144,-412.92252,-103.08688907788033,-6.031160613138944,-74.2253270284229
2025-07-16 06:00:00,366,20.306020184983826,104.09710627142306,14.068926349617142,1.0,418.8372046627007,2.8309677947275778,20.936872,0.074,97.22669725750913,418.46852469189076,-412.8026,-112.63548361673392,-4.432394020075259,-14.175267992096815
2025-07-16 07:00:00,367,20.426491078258948,220.58797137513545,13.93018871736715,0.8304034494993645,400.01186055396096,2.2244976760686863,20.913015,0.074,203.8541030920764,399.6600799084989,-412.66882,-100.38151880173457,-3.0173814226741515,87.44645953397904
2025-07-16 08:00:00,368,20.826725916226,326.99992814786515,13.353573303585591,0.90315002209328,407.36631453906085,2.431769369017175,20.891356,0.074,303.45453253553785,407.00917387545644,-412.54727,-108.76077785008194,-0.41336886903366166,188.74228796336308
2025-07-16 09:00:00,369,21.210374751402128,353.8885989831085,13.581733254290103,1.0,421.7049387856577,2.4796275186598185,21.046442,0.074,330.53195145022335,421.3363215203562,-413.41803,-109.1826023178964,1.0518567661390719,230.31949763366592
2025-07-16 10:00:00,370,21.7341202712268,441.12525177919616,12.809041040533216,1.0,421.06575987421337,2.355254704238515,21.060123,0.074,412.0109851617692,420.69918496366864,-413.49487,-112.14715829336738,4.150513170914081,311.2186519561095
2025-07-16 11:00:00,371,22.053115253317173,453.859713521744,12.376551047494305,0.992776901827406,419.8742666005063,2.494842327293877,21.093086,0.074,423.6836484916585,419.5096256880187,-413.6801,-119.09437582279095,6.037039648213571,316.45582325900614
2025-07-16 12:00:00,372,22.355814603013755,378.0142510968548,12.698026748304583,0.9986122180225614,423.7988054907385,2.0577750301959514,21.113674,0.074,353.0296870692392,423.4316120705946,-413.79596,-104.74689476943287,7.032198386749653,264.9506432844943
2025-07-16 13:00:00,373,22.49104050340981,622.4926905481225,13.75675488691662,0.9703394399422004,425.9567502053684,1.7871453867515468,21.094263,0.074,580.1888228158032,425.5880703479411,-413.6868,-88.98174486198457,7.3705481607616035,510.47889836681816
2025-07-16 14:00:00,374,22.768763426009343,560.2806776303794,14.39010612809931,0.9410907743815156,426.7336409196629,2.8853739699859804,21.145422,0.074,521.1826249969414,426.36507536474977,-413.97443,-107.03614603945687,10.841467503813577,437.3785955565166
2025-07-16 15:00:00,375,21.766096448621283,155.93190039283672,16.053147180041673,0.9889052754183728,433.6535945251029,5.052536728558168,21.152327,0.074,145.52404438338098,433.2761537825192,-414.0132,-131.5273153480001,5.962919980671746,39.222588687243686
2025-07-16 16:00:00,376,20.53193527036683,105.2930502959939,16.509403433081307,0.9541203797213058,424.1925078636756,0.5213362994402939,21.105854,0.074,98.02962431041333,423.8197665370006,-413.752,-50.708465043565845,-2.283680514957332,55.1052311287345
2025-07-16 17:00:00,377,21.01575283128693,93.59921973614328,17.197078219454315,1.0,435.0553388853202,0.5256161900557303,21.12335,0.074,87.42167123355782,434.67447987304865,-413.8503,-45.795608337126716,-0.41941791156205444,62.03081357862085
2025-07-16 18:00:00,378,20.874628515323707,19.91851750113122,17.302769234827892,1.0,434.631798574966,4.112086227862161,21.144419,0.074,18.603895346056557,434.2508951660557,-413.96875,-100.58797615277655,-2.3318337816450967,-64.03376942230936
2025-07-16 19:00:00,379,19.850948028994026,4.214372362935473,15.549607549163612,0.9879506952109096,420.864194052966,3.304391538846498,21.142658,0.074,3.9328118410753707,420.49242034665355,-413.95898,-110.92945210178338,-10.038251011033537,-110.50145530008801
2025-07-16 20:00:00,380,20.685146946847567,0.2879397906313792,16.71235359165532,1.0,431.4083516818743,1.4412179544170458,21.124378,0.074,0.2689357644497082,431.02971887821815,-413.85617,-64.4431688634718,-2.2679191035070914,-49.26860397860788
2025-07-16 21:00:00,381,20.908771258736465,0.0,16.952804682945185,1.0,433.5589110872407,1.974095941091935,21.113855,0.074,0.0,433.1790481964972,-413.79697,-70.39403006109299,-1.193671555193584,-52.20561997252374
2025-07-16 22:00:00,382,20.4378143087182,0.0,16.906376226123133,1.0,430.7202281617023,5.672910193827299,21.111506,0.074,0.0,430.3414750027502,-413.78375,-130.95289658580808,-7.255764026059804,-121.65093805052393
2025-07-16 23:00:00,383,19.94235427236748,0.0,16.796150964896896,0.984400309636454,425.6030317137196,4.840512636579785,21.086676,0.074,0.0,425.22733846669416,-413.64407,-119.77284039252174,-11.172406496999624,-119.36198190915533
2025-07-17 00:00:00,384,19.383908809499417,0.0,16.329124160182747,0.99941088457368,422.61666687340494,2.5891110736679743,21.049837,0.074,0.0,422.24198832793775,-413.43707,-88.92113620928808,-11.495763351801367,-91.61198398705795
2025-07-17 01:00:00,385,19.56049886357812,0.0,16.408374392436603,0.9946710406513206,423.3115264038885,5.568334693189999,21.05444,0.074,0.0,422.936746536317,-413.46295,-137.80631780661562,-16.112412381367754,-144.44493531182263
2025-07-17 02:00:00,386,18.91432270799777,0.0,16.710303064891956,0.7808203526335208,397.56447663175857,6.125524815025839,21.0294,0.074,0.0,397.21071822688015,-413.32217,-142.6815281207678,-24.60503240429439,-183.3980163704477
2025-07-17 03:00:00,387,18.318613997354987,0.0,16.570147170941635,0.8909900635803168,405.1515008764929,4.217924597112547,21.039991,0.074,0.0,404.78931287942504,-413.38168,-115.48034863762705,-25.14022681966304,-149.21294592747444
2025-07-17 04:00:00,388,17.646023610884527,0.0934370398400254,16.56049470018345,0.9389971434359876,406.8106275625698,5.1778227409702495,21.012735,0.074,0.08690488517521223,406.44503924722125,-413.22858,-132.24407849803077,-35.75433091377528,-174.69504193956584
2025-07-17 05:00:00,389,17.527757815740472,14.078279760976644,15.53699829250912,0.87100696901717,395.16577563780857,4.274637850852313,21.02237,0.074,13.039734412141005,394.81032322272966,-413.28275,-132.5406439513118,-33.04631350908617,-171.01964518685543
2025-07-17 06:00:00,390,17.0199919801031,79.044174300755,14.746703292111416,0.7785672715511331,380.65017325687575,3.819799474944637,21.019304,0.074,72.85282791688206,380.3064120987734,-413.2656,-136.0673759798608,-35.80279682730084,-131.976527273928
2025-07-17 07:00:00,391,16.659963183897446,137.07974254351512,15.477135217686,0.9673635999752084,400.8372981837285,4.453958970151837,20.981865,0.074,127.73787664030357,400.4742814380598,-413.0553,-137.97308102345198,-42.553048518464905,-65.36926931511603
2025-07-17 08:00:00,392,16.587509533343678,208.97626784712395,15.108256157026672,0.966340003888364,398.95779139113006,1.0108987729509213,20.961855,0.074,194.7210886373231,398.5962710206291,-412.9429,-77.39640238271998,-23.311941061071366,79.66611460283276
2025-07-17 09:00:00,393,16.86209782722983,351.2537123528597,15.566806700172274,0.9528498849207632,400.6034107564895,0.8683637374649253,20.989805,0.074,326.9954840949824,400.24118139725283,-413.09985,-70.81610098446433,-21.034817380790958,222.28589361135496
2025-07-17 10:00:00,394,17.75092920060456,488.3308060671181,14.338860364825226,0.896214879011406,394.4467777970453,0.9537878576148138,21.005424,0.074,452.97868029705984,394.09259139448227,-413.1876,-79.6336906999196,-16.4220819293459,337.8279075095422
2025-07-17 11:00:00,395,18.218450390203717,572.765876449001,13.110043796410825,0.6210730575783628,367.3794896238756,0.5658471329641291,21.06269,0.074,524.2604579425415,367.05081121252965,-413.50925,-79.22202745031163,-12.684436766896527,385.8955581116911
2025-07-17 12:00:00,396,19.06271254975809,754.5123376829006,13.073104675231235,0.7419947285108472,381.1140957402685,1.1708672813214447,21.111244,0.074,694.1919642176119,380.7753667228354,-413.7822,-91.57923473133,-10.462161443588323,559.1437387206071
2025-07-17 13:00:00,397,19.89609348202589,723.8994883532893,13.241295783044189,0.556136601832872,371.5463238297109,0.48921997557217006,21.166868,0.074,660.9896316576335,371.21823041143523,-414.09512,-72.41032135727366,-5.1675182913110564,540.5348991294683
2025-07-17 14:00:00,398,20.659142420131843,765.0877604252106,13.609547306923314,0.0,357.9419223994567,0.6779121783805682,21.205814,0.074,688.5789843826896,357.6277054404577,-414.3142,-72.48943323963057,-2.2850217812321056,557.1180258179097
2025-07-17 15:00:00,399,21.23387717697699,680.4855126123357,14.377146231329236,0.4989441339215421,378.8688350861289,0.6197720031224234,21.217709,0.074,620.1274310544051,378.53772144286927,-414.38123,-64.83664849801728,0.06465505071037662,519.5119334640299
2025-07-17 16:00:00,400,21.84667438221902,524.1686341216669,15.18968504959632,0.361478920761715,377.50296585001934,0.8260721170238701,21.241493,0.074,475.6834754004254,377.17460099837905,-414.51505,-62.59697079875493,2.5178652255413536,378.26392565957525
2025-07-17 17:00:00,401,22.14835744340587,369.029243689986,15.87132429690263,0.0,373.08952799121096,0.9523814689520612,21.26236,0.074,332.1263193209874,372.7657547350439,-414.6326,-60.12913053853867,3.7870743616048306,233.91741900214436
2025-07-17 18:00:00,402,22.252830560310485,200.5290817035148,15.164577315330169,0.235793912369811,374.68348845122256,0.8611614101968137,21.280561,0.074,181.38742775664159,374.3585930697786,-414.73502,-62.79695709587827,4.0236382031059685,82.23768606450722
2025-07-17 19:00:00,403,22.225839115770786,59.62415829928,14.867928597334451,0.0602193868334629,370.2269220490006,1.146498032342343,21.215103,0.074,53.724676405170136,369.9058244081689,-414.36646,-69.70803470614374,4.55474614323464,-55.88924282769506
2025-07-17 20:00:00,404,21.41127993641419,1.1168998961532353,17.44694154912849,0.373415077753973,383.4221054807475,1.6005630642674007,21.247244,0.074,1.0139277341159796,383.0874708949736,-414.54752,-61.335632620166585,0.8629464900893954,-90.91880337012827
2025-07-17 21:00:00,405,21.416784114064,0.0,17.010219315352167,0.313015445808546,379.43307465742856,0.8559032892949765,21.227865,0.074,0.0,379.10193558868144,-414.43845,-52.48839693523682,0.8080287397161964,-87.01687865176106
2025-07-17 22:00:00,406,20.701681936763578,0.0,17.929188198879764,0.1504797139876134,373.96065097188193,0.9008826752499098,21.209572,0.074,0.0,373.63248008646747,-414.33536,-48.433203480583686,-2.2681325016365124,-91.40421356176836
2025-07-17 23:00:00,407,20.05436644229519,0.0,18.20296952135034,0.0509329627055538,370.3377822419786,0.9505160764510829,21.204903,0.074,0.0,370.0111572644008,-414.30908,-48.46862362086231,-5.350592257271037,-98.11714064498251
2025-07-18 00:00:00,408,19.55515298144769,0.0,17.700410122506604,0.2411350851017778,369.90425455668594,1.428562016326662,21.16755,0.074,0.0,369.57674534188334,-414.09888,-59.509733093937285,-8.650259865998851,-112.6821245711778
2025-07-18 01:00:00,409,18.880439204826075,0.0,18.262633116729404,0.2818426627135707,369.59023491029416,1.6500520097515055,21.148592,0.074,0.0,369.2612815659886,-413.99228,-58.9459622066413,-13.105253391491576,-116.78221308487863
2025-07-18 02:00:00,410,18.483248622635077,0.0,17.953690712979817,0.2225437065447778,364.9217559700903,0.2367666662965721,21.12286,0.074,0.0,364.59595052139514,-413.8476,-42.31445747639256,-10.529473668272495,-102.09557583811366
2025-07-18 03:00:00,411,18.226882266775533,0.0,17.180311634000493,0.7149199284899802,389.5291309052276,0.8871121330482932,21.076178,0.074,0.0,389.18065912374607,-413.58508,-56.95913450760434,-13.913060435956716,-95.27661882762749
2025-07-18 04:00:00,412,18.094808144812987,0.2732467485478085,17.1474067174168,1.0,418.46866721507246,1.2626485524610231,21.017603,0.074,0.25521246314365315,418.0939197596317,-413.256,-62.41821591857812,-15.754874962332917,-73.07997062102628
2025-07-18 05:00:00,413,17.6953636290865,37.51125104737728,17.089062439215628,1.0,416.0585542247749,2.0027565813904427,20.998644,0.074,35.03550847825038,415.6847994401128,-413.14957,-74.78950976673693,-21.25351849643923,-58.4722869952036
2025-07-18 06:00:00,414,17.618700102401363,143.04560894604452,16.55923571092939,1.0,413.770233264949,2.0702922701974225,21.00929,0.074,133.60459875560556,413.3983110239382,-413.20923,-81.38805621252126,-22.17135067190802,30.234274379489474
2025-07-18 07:00:00,415,17.78179450730636,282.56531621945464,16.00400069671565,1.0,412.6499484979099,1.6002326484183091,21.003662,0.074,263.9160053489706,412.2795063513585,-413.17767,-78.15536039346405,-18.97599895102503,165.88647901599631
2025-07-18 08:00:00,416,18.25300123635327,457.9384823636759,15.859199851292663,1.0,414.6927712228139,0.5843895124828093,20.999275,0.074,427.7145425276733,414.32186377409573,-413.15298,-60.18963930818133,-12.264464363718043,356.42931801072905
2025-07-18 09:00:00,417,18.75761695603376,655.9529195256196,15.93615608766335,0.928319377457918,409.36578198582185,0.9056744691255757,21.089382,0.074,609.6765822737073,409.0010776105822,-413.65936,-65.28318826295194,-11.21852317082489,528.5165856575437
2025-07-18 10:00:00,418,19.70703571449457,780.9479826595925,17.069919692290554,0.0,365.1198541251096,0.9247835135274608,21.148548,0.074,702.8531843936333,364.79696210525077,-413.99213,-56.04075041289927,-6.732996899376032,590.8842727217651
2025-07-18 11:00:00,419,21.139183951848054,857.3404694927415,16.293581411004613,0.0365807383432549,369.6674886740447,1.579082927897724,21.211758,0.074,772.1495123623023,369.34418029891106,-414.34772,-70.24993951715106,-0.38293238072387914,656.5131034781822
2025-07-18 12:00:00,420,22.274963164073256,884.0207711309085,17.288139374921258,0.2152530224920479,381.27904112394856,1.4860614738197901,21.281021,0.074,799.2437439219284,380.9484828649611,-414.7376,-59.35663961468772,4.925872407369382,711.0238497162899
2025-07-18 13:00:00,421,22.763530600716308,860.3518204731936,16.619956596253758,0.0,378.5782763008106,0.8444892530133202,21.369846,0.074,774.3166384258742,378.2512889200778,-415.2382,-53.265982305064426,5.627887067463436,689.6916424110855
2025-07-18 14:00:00,422,23.964552557809725,792.6262211719642,17.537221074448386,0.0,387.4967381027148,1.1221713602536159,21.449423,0.074,713.3635990547677,387.1651110914649,-415.68707,-50.31919165111893,10.550222267440308,645.0726680086478
2025-07-18 15:00:00,423,24.442118625556414,679.0331845617357,17.636551788819116,0.0,390.2173453139435,0.7045760688802114,21.498022,0.074,611.1298661055621,389.88460488589567,-415.96127,-42.65132097772795,10.498537556673808,552.9004143770443
2025-07-18 16:00:00,424,25.07109044338904,532.5537832665024,16.967229846079448,0.0,391.2370234275373,0.7026931942201728,21.53572,0.074,479.29840493985216,390.90500768797676,-416.17407,-45.095556725480954,12.209623407229907,421.1434070439529
2025-07-18 17:00:00,425,24.895034455833127,366.55558258042186,18.83056602433484,0.5044648218039689,413.3422024458648,0.6928304290559663,21.554277,0.074,334.10393044086027,412.99095735339193,-416.27902,-35.7939145012054,11.615070004360616,306.6370210806105
2025-07-18 18:00:00,426,24.988578227474196,199.0498835559009,17.918065656625238,0.7593835081430698,432.4889062282476,0.36551083155083774,21.638689,0.074,183.28741369439652,432.1216524121883,-416.756,-36.139741950522826,10.19964059919905,172.7129527923705
2025-07-18 19:00:00,427,24.65229778775199,58.22223937131994,18.23786981471232,0.8837085032985414,445.3548541347784,0.3743252296038693,21.635998,0.074,53.967124560817325,444.97570550918755,-416.74063,-35.49148286072588,9.405954456432854,56.11667056219625
2025-07-18 20:00:00,428,24.057754682123345,0.9516673938552812,18.99701452068911,0.143889984702186,393.8035020617816,0.572380824236265,21.633738,0.074,0.8590090207793487,393.4667174154733,-416.7279,-35.700406700061464,8.457056276457834,-49.64552926078849
2025-07-18 21:00:00,429,23.19835688431488,0.0,20.04238430645684,1.7763568394002505e-17,391.0482807403103,0.4305733441965861,21.602617,0.074,0.0,390.71164692081993,-416.55212,-29.67136764974406,5.515543033229603,-49.99630171913202
2025-07-18 22:00:00,430,22.648601783635968,0.0,20.52802856357465,0.0,389.5901731890466,0.7082962295289356,21.554895,0.074,0.0,389.2533775924364,-416.28247,-30.30118793324038,4.281706460772579,-53.04857458315642
2025-07-18 23:00:00,431,21.95310002435724,0.0,21.098172804522115,0.5975392140937555,411.1117035292665,1.7221504592833075,21.534538,0.074,0.0,410.7543975592394,-416.1675,-36.716702535060826,2.24903201369698,-39.88078394845256
2025-07-19 00:00:00,432,21.086279538998497,0.0,20.67512332406317,0.4450687941049958,394.9766024177072,2.1488805648476,21.523832,0.074,0.0,394.6310177187565,-416.10706,-45.36619245158511,-2.666183668528159,-69.50841406541929
2025-07-19 01:00:00,433,20.676704875135897,0.0,20.77871694752433,0.9915883133890931,443.90866859822574,0.7370413449216576,21.480852,0.074,0.0,443.51903923719,-415.86447,-30.946927005140445,-3.462239046582967,-6.754598250080301
2025-07-19 02:00:00,434,21.088227873879305,0.0,20.722127627534253,0.6079053601373208,406.2567103055181,2.468218144644239,21.463581,0.074,0.0,405.90126142724665,-415.767,-47.02241845778138,-2.4404161088945058,-59.32857143044485
2025-07-19 03:00:00,435,20.64108026776989,0.0,20.826742355245926,0.9722814143298354,441.3964340829836,0.9577513681995075,21.445036,0.074,0.0,441.0089029813428,-415.6623,-32.312647391340384,-3.6946583513520763,-10.660695241818383
2025-07-19 04:00:00,436,20.200755909302018,0.1790227351250819,20.078393010251627,1.0,440.05973977633806,1.7011996777317715,21.439104,0.074,0.1672072346068265,439.6720626709503,-415.6289,-46.046059458804706,-7.00128797110268,-28.836983774350227
2025-07-19 05:00:00,437,19.83085786719306,38.67712080269708,19.649017781775058,0.2536513603720868,377.222180984353,1.0640105457354905,21.41815,0.074,35.00041133145107,376.8889068358491,-415.51062,-42.66831427219935,-7.747450852583548,-54.03706707467021
2025-07-19 06:00:00,438,19.874353361328303,145.0531212673551,19.05186396203504,0.5892038869825726,393.6494460274759,1.9212158299560682,21.420233,0.074,132.6075251483098,393.3017758363518,-415.52234,-57.87814640118529,-9.275506301379185,43.233309414909655
2025-07-19 07:00:00,439,19.91359770352335,278.72090419081326,19.022208449256947,0.329938090088512,378.7020473160156,0.9106474331160811,21.391367,0.074,252.72099697435667,378.3676804615454,-415.3595,-44.83343621158667,-6.88484294869269,164.01090120531015
2025-07-19 08:00:00,440,20.09711670994767,496.068008243475,18.926025253166014,0.0,372.4494077908269,0.38879099773364284,21.427208,0.074,446.4612074191275,372.12102930068966,-415.56174,-38.87043013470541,-5.24778195288437,358.90228757168046
2025-07-19 09:00:00,441,20.679751504629337,650.7821249327003,18.994255224886064,0.0559022610836553,375.701804338181,1.5366316217979945,21.493223,0.074,586.3401595333715,375.37204956112765,-415.9342,-53.072311959978634,-4.358901255159941,488.3467917777982
2025-07-19 10:00:00,442,22.67751129077408,739.4836333499836,19.20511348444795,1.0,451.6734022129486,2.6364282981792413,21.67591,0.074,690.6777135488846,451.28302312612215,-416.96637,-64.7941039430517,6.477149410010303,666.677412513059
2025-07-19 11:00:00,443,24.226446033035582,690.1404042512385,22.692114876006546,1.0,471.972097442199,0.8333187296414504,21.851418,0.074,644.5911375706567,471.56898166733,-417.95975,-19.924324387187514,9.122506544566757,687.3985540809127
2025-07-19 12:00:00,444,25.631315082764218,592.289598470242,21.104315465044717,1.0,475.6683551331846,5.320925882413238,21.742002,0.074,553.198484971206,475.2664030612523,-417.3403,-69.20890652416584,36.7894702452468,578.7051502398673
2025-07-19 13:00:00,445,20.582278165705475,143.3031300010751,19.259802912858245,1.0,439.6474235406185,1.7613993521740672,21.645182,0.074,133.84512342100413,439.26125234600005,-416.7926,-56.22779591942179,-6.058821965611621,94.02715534290832
2025-07-19 14:00:00,446,21.08906632793889,288.08725777594213,18.334150383646826,1.0,439.47470416623065,0.8235045142092734,21.653065,0.074,269.0734987627299,439.0901941382527,-416.83725,-49.3309517964027,-2.467211904768699,239.52827944395182
2025-07-19 15:00:00,447,21.788761143949444,207.16378994098537,17.825009714409152,1.0,441.7351002280698,4.837090880649912,21.662954,0.074,193.4909798048803,441.3506926721153,-416.8932,-114.91309744791663,1.1980229229944421,104.23340947551097
2025-07-19 16:00:00,448,23.139640055948973,208.62858675749004,18.822794023385256,1.0,453.095287933973,4.342139214560721,21.729408,0.074,194.8591000314957,452.70506544801356,-417.26895,-92.57241128287349,12.174874479334537,149.8976772599547
2025-07-19 17:00:00,449,22.52807651705496,258.9840585480256,19.00372318858375,0.2263269428747148,388.06497163132616,1.0912862880709824,21.78034,0.074,234.20926021470262,387.72918391965317,-417.55722,-47.39078048761658,3.351859764577675,160.34230295233252
2025-07-19 18:00:00,450,21.74439753315517,173.24585896683357,21.24452380841281,0.5251718477374357,405.05335030124667,0.964584981246696,21.77381,0.074,158.01877224163962,404.70074352606014,-417.52026,-32.03359191408006,-0.13119436661386086,113.03446581513079
2025-07-19 19:00:00,451,21.861433071712668,51.574582674111454,21.14611806506433,0.6128115179546773,411.969844323042,0.5474555740183038,21.739511,0.074,47.19177540473427,411.61153973877225,-417.32614,-28.150694161674224,0.4735525223566624,13.800032146767116
2025-07-19 20:00:00,452,21.620296048324636,0.6006183372788882,21.715883595598736,0.7161387595117036,421.2821163195873,1.9941207990919247,21.726788,0.074,0.5519473657039842,420.9150312144323,-417.25412,-37.064139449864975,-0.6206747974810752,-33.47195554025662
2025-07-19 21:00:00,453,21.286400303729124,0.0,22.004810461411843,0.9772364283751572,449.2922060537764,0.7777586488939685,21.722061,0.074,0.0,448.8997048264684,-417.22736,-25.368892721539456,-1.8692040214214944,4.434252126476193
2025-07-19 22:00:00,454,21.00774150462462,0.0,21.73705839834913,0.7385659551909667,420.1087204119594,0.4410009511985689,21.709726,0.074,0.0,419.74092330344627,-417.15762,-24.50096798607609,-2.7358430690478004,-24.65351104269325
2025-07-19 23:00:00,455,21.204402868496743,0.0,21.636895844447046,0.6275854212019517,410.9860628250466,0.20994159474419946,21.70072,0.074,0.0,410.62679849321216,-417.1067,-22.810967996665998,-1.7645551130416284,-31.05541406962046
2025-07-20 00:00:00,456,20.73796266441792,0.0,21.977221779243,0.8377591377842708,429.48275922650873,0.16998496082414716,21.689713,0.074,0.0,429.1059704063245,-417.04437,-21.084323472182483,-3.4143449272507103,-12.43707055170244
2025-07-20 01:00:00,457,20.160175657597332,0.0,21.943682561244525,0.8586820989626746,428.4421354741333,1.0329283655673671,21.679768,0.074,0.0,428.0645743357494,-416.98828,-28.501893539551606,-7.335792102549434,-24.76139255635164
2025-07-20 02:00:00,458,20.435480056478585,0.0,22.060211248326137,0.7289020801039813,416.9258331868968,0.510833156570591,21.6727,0.074,0.0,416.55920348120475,-416.94824,-23.353254554437953,-5.058509947245993,-28.8008032079792
2025-07-20 03:00:00,459,20.211560061833552,0.0,21.52654812562655,1.0,444.5228156616274,1.096344102028843,21.667606,0.074,0.0,444.13123953206104,-416.9194,-31.86044076250654,-7.13321541640254,-11.781819723019908
2025-07-20 04:00:00,460,19.16786756683393,0.0801857605767561,21.52913654125612,1.0,438.46649467706544,2.3513493919262185,21.659395,0.074,0.07489350037869019,438.0771104281448,-416.873,-43.68441519506228,-16.79645675578872,-39.201853862171276
2025-07-20 05:00:00,461,18.848791998396223,22.57058677946076,21.132722950051352,0.8927119359218222,422.6186966322988,2.442244798592007,21.651241,0.074,20.93221723730788,422.24245262092995,-416.82693,-48.82999434764791,-19.389384588757462,-41.871643892620654
2025-07-20 06:00:00,462,18.6695181238872,72.68045342745097,20.88381183532849,1.0,433.7031027599115,1.9521240137560463,21.655115,0.074,67.8835435012392,433.31645081061725,-416.84885,-46.94582084199079,-18.83445964112935,18.57086739318946
2025-07-20 07:00:00,463,19.00679284530264,183.6374108880566,20.65124706880581,0.975046226947265,431.82702514471134,0.6059868010878834,21.698399,0.074,171.2133218663893,431.4430560441026,-417.09357,-35.40189459385197,-12.069390536969482,138.09152588513916
2025-07-20 08:00:00,464,19.259354134099283,434.4427894187799,20.549247028243173,1.0,436.0838899663075,0.860217144726601,21.75045,0.074,405.7695653171404,435.69689714891103,-417.38812,-39.07442127353025,-11.910011176396099,373.0939074575314
2025-07-20 09:00:00,465,20.26394470122375,563.0309419727486,20.51215833984973,0.969139235485651,437.8712744594236,1.4094024324022791,21.812567,0.074,524.724732946596,437.48571415189156,-417.73972,-44.632543142066034,-8.25075380821991,491.58743457202974
2025-07-20 10:00:00,466,21.783833845899157,688.1671528133243,19.43234418034676,0.932479408726094,438.710085710967,2.5714153288140142,21.963827,0.074,639.7883175786963,438.3282960989057,-418.59705,-68.43659620848759,-1.1881358973982696,589.8948356732785
2025-07-20 11:00:00,467,22.594349015979446,778.628402445326,20.61364389041548,1.0,455.76929886403866,1.768462029623582,22.073635,0.074,727.2389278839344,455.3751281220319,-419.22018,-47.94848773887967,2.8197338384227617,718.2651177793374
2025-07-20 12:00:00,468,23.77676166030983,825.2843807706258,21.84825094377909,1.0,466.694043572166,1.518224492242306,22.180338,0.074,770.8156116397645,466.29406446311106,-419.8263,-35.45000663263006,7.800398972069372,789.6337744970023
2025-07-20 13:00:00,469,24.43498726997052,822.2777099200875,23.44952120612656,0.9176283398939336,464.56117252159777,1.0976842759280445,22.276487,0.074,763.7520942613048,464.16501717188623,-420.37317,-21.478600097308203,9.127890693446615,795.193233084017
2025-07-20 14:00:00,470,24.74817723885394,574.9745241536785,22.128285712104702,1.0,473.4664359851452,1.433141014811241,22.323278,0.074,537.0262055595357,473.0636491091898,-420.63943,-33.1928228440555,11.20374528442614,567.461342294643
2025-07-20 15:00:00,471,22.725282199842468,238.4711460087039,22.86865570274916,1.0,463.3687446617733,6.0233750218341955,22.277008,0.074,222.73205037212944,462.9684041693506,-420.37613,-65.64048821777054,4.941019609033372,204.62485678235217
2025-07-20 16:00:00,472,23.366577377083672,294.4732735246791,24.448498009678676,1.0,471.731658376874,1.0343795727151655,22.378166,0.074,275.03803747205023,471.3260911325533,-420.95203,-16.6890800972565,4.312556464981928,313.0355786051415
2025-07-20 17:00:00,473,23.178930380690588,195.1402885389156,23.6406350765566,0.8769488230135969,452.6123367979362,0.6525367056413954,22.443806,0.074,180.80710424078327,452.2226475811309,-421.32605,-20.339099093277728,2.873028172790563,194.23763109673948
2025-07-20 18:00:00,474,23.35215682980589,47.43139523737483,22.08654698588796,1.0,464.8471179820043,5.300861813821023,22.335133,0.074,44.30092315170809,464.4474255351895,-420.70703,-72.51991428243322,10.136404755398656,25.65780790986304
2025-07-20 19:00:00,475,20.431727568515385,4.885990898232222,20.623813643059087,1.0,443.0898228520352,4.624628123985208,22.323692,0.074,4.563515498948895,442.70017414581173,-420.64188,-90.90518946019554,-18.1979175228529,-82.48129355899094
2025-07-20 20:00:00,476,19.850960316786317,0.2628678707087815,20.129654853035877,1.0,438.20054017647095,4.439775459654048,22.275818,0.074,0.2455185912420019,437.81345230894414,-420.36935,-95.48044954347974,-22.974512927634827,-100.7653458189753
2025-07-20 21:00:00,477,18.47441780576565,0.0,18.65513787463109,1.0,425.6685616436425,1.987276626463907,22.226135,0.074,0.0,425.28849471159214,-420.08673,-79.11117655133016,-24.375219112025096,-98.28463190879437
2025-07-20 22:00:00,478,19.0499877194938,0.0,19.15914824789104,1.0,430.55196370632177,3.1572394791987173,22.199772,0.074,0.0,430.16925707747936,-419.93683,-89.95104948537256,-24.956585377278493,-104.67520639845296
2025-07-20 23:00:00,479,19.142000936141585,0.0,19.48963455638867,1.0,432.12918894911246,1.5902368201673514,22.170406,0.074,0.0,431.7453553525533,-419.76993,-62.98097088324278,-17.687837090968667,-68.69338060017377
2025-07-21 00:00:00,480,18.94959880424972,0.0,19.742002474065384,1.0,431.8269543706155,1.6176740482556151,22.140413,0.074,0.0,431.4428142893006,-419.59946,-61.01785855411459,-18.84784616300034,-68.02234721492371
2025-07-21 01:00:00,481,19.555010233075336,0.0,19.205351683562267,1.0,433.5759889807628,1.489309597301181,22.120455,0.074,0.0,433.1921050771639,-419.48608,-62.34402018277794,-14.42264906358427,-63.060648153573325
2025-07-21 02:00:00,482,19.2181845250048,0.0,19.65707286832173,1.0,433.0923517839767,3.7982465174087126,22.095781,0.074,0.0,432.7078906327148,-419.346,-90.19615104441922,-25.079308165589392,-101.91357687807508
2025-07-21 03:00:00,483,19.19668107728694,0.0,18.00966966009344,1.0,427.5894376041457,1.2450648795541273,22.079542,0.074,0.0,427.20979794756613,-419.2536,-68.55603918093307,-15.451574698917794,-76.05141700650348
2025-07-21 04:00:00,484,19.39601504536529,0.007687912563229,18.22411748057906,1.0,429.4396714641243,2.4243626211050278,22.05775,0.074,0.007180510334055886,429.0589796909732,-419.1299,-85.27823127544931,-18.283619723392714,-93.62560412761286
2025-07-21 05:00:00,485,19.492019500795323,8.259185259215174,18.02312800255669,1.0,429.3023593223784,1.6498768249024292,22.033632,0.074,7.714079032106972,428.9220731581531,-418.99304,-73.78368242164584,-14.813916689371277,-70.95448891294454
2025-07-21 06:00:00,486,18.349966295557124,46.1600008331946,18.718561083073013,1.0,425.17502702520096,4.700768648140536,22.008097,0.074,43.11344077820375,424.79503187301566,-418.8481,-116.03988524925161,-36.753143996114964,-103.73267060781902
2025-07-21 07:00:00,487,17.687273534351164,100.49260847374504,18.269309820751843,0.9997280704759406,419.96877331672965,3.7232481204606884,21.981798,0.074,93.85823858995883,419.5914820071203,-418.69904,-108.00706992538133,-38.136195086797095,-51.39258005963054
2025-07-21 08:00:00,488,17.96512409579543,185.774818966928,18.30540094290549,1.0,421.6692523377735,1.4071857757080697,21.94885,0.074,173.51368091511074,421.29125575797553,-418.5121,-69.49718945967267,-23.016376703415833,83.77928554906033
2025-07-21 09:00:00,489,18.11831316950861,244.3756295151176,17.273040064036906,1.0,419.0355986069915,2.761467739297823,21.93643,0.074,228.24683796711983,418.66041236327635,-418.44165,-102.0208762144685,-28.739793991146925,97.70492973415578
2025-07-21 10:00:00,490,18.5204442629896,349.5025619017623,16.328713080320725,0.7983794351854198,395.8829227682557,2.29217233708626,22.012926,0.074,322.4476535848488,395.52957745655516,-418.87564,-103.84711957384445,-23.922520358748837,171.33195023967
2025-07-21 11:00:00,491,19.0642255729029,709.6083719117167,16.59947925475578,0.7810908777025994,397.9988364489487,0.37404455915509305,22.08751,0.074,654.1081896132545,397.6451046701594,-419.299,-63.332594124743764,-12.821216867539825,556.3004720606615
2025-07-21 12:00:00,492,19.70083936528215,747.0484809823505,16.400678385031696,0.6352520824180758,387.9135204428318,0.5170553062379767,22.196196,0.074,684.1664606029315,387.5704544457516,-419.9165,-67.11945077230239,-10.806607072210271,573.8943532979204
2025-07-21 13:00:00,493,21.09954675811076,766.0103143650349,15.041691726440462,0.9626276157406486,422.7266367888584,0.82057555830666,22.259943,0.074,713.5770857225092,422.3568100998407,-420.27908,-79.32997754462566,-5.200347579090636,631.1244874466804
2025-07-21 14:00:00,494,22.631251433223667,609.785555441709,15.84707372509016,0.0,375.364275260122,3.3353870175733413,22.292353,0.074,548.8069998975382,375.0397345376105,-420.46347,-124.40869532727743,2.5447531026380537,381.51932175152484
2025-07-21 15:00:00,495,21.450634078476924,206.6131915679156,16.55591119791078,0.9499354322987807,428.9980130043648,1.926122051432185,22.319403,0.074,192.30686496547,428.62371533011503,-420.61737,-91.54612959499731,-5.108982330552135,103.65809776456686
2025-07-21 16:00:00,496,20.70547554105974,220.1412485439608,17.117094670567532,0.9350215091419992,425.0905073458516,3.414767222666078,22.345293,0.074,204.69857216760198,424.7174781663995,-420.76486,-118.00681711576476,-13.087562549017777,77.5568086086721
2025-07-21 17:00:00,497,21.13409830767091,227.1934212620818,17.55662653058866,0.0095222073522433,373.5272727792231,2.54724410517316,22.321283,0.074,204.51103258379788,373.20057583666306,-420.62814,-95.02718468491152,-8.021181848882224,54.03509857612033
2025-07-21 18:00:00,498,20.823324010608985,183.91785563227432,17.982007103611096,0.5805839083909902,394.668122041534,5.06507147285243,22.296276,0.074,168.08382000201007,394.32210486428556,-420.48572,-135.22295282914513,-14.90577245510451,-8.208518191391475
2025-07-21 19:00:00,499,21.68174572715748,42.83072148065935,16.546572589251863,0.9122431507449572,425.810611701626,2.1490609302321406,22.233934,0.074,39.76892327770759,425.4397563513725,-420.1312,-93.99434380705966,-3.376605057823452,-52.293464304162384
2025-07-21 20:00:00,500,21.551020846432834,0.2828913394512042,17.383618765951187,0.8681420105672604,423.0849383370327,1.0608842088134909,22.237709,0.074,0.261979504768772,422.71608541725874,-420.15253,-66.49564287951713,-3.233877007057511,-66.9039818200159
2025-07-21 21:00:00,501,21.18416087223397,0.0,17.78887003623762,0.9446726181326022,431.2791284393692,1.5003909967624098,22.208782,0.074,0.0,430.90206596100893,-419.988,-71.89659154530146,-5.481728638978727,-66.46426081506813
2025-07-21 22:00:00,502,19.810493706073544,0.0,17.529451097090035,1.0,429.39856947207056,3.3037635312482205,22.195168,0.074,0.0,429.01913774600865,-419.9106,-110.00455267285717,-19.014565270727918,-119.91059421124831
2025-07-21 23:00:00,503,20.218144978726457,0.0,17.29061260266826,0.8599517656956601,414.5533931972956,2.575255063073197,22.183304,0.074,0.0,414.188235495631,-419.84314,-98.0100910633351,-13.63413304988143,-117.29912826602305
2025-07-22 00:00:00,504,20.1308832805168,0.0,17.054115659238143,1.0,429.5209989667204,4.426840333854795,22.180386,0.074,0.0,429.1424011322932,-419.82666,-135.8954695153477,-19.240307600085746,-145.82003613939028
2025-07-22 01:00:00,505,20.22084712701303,0.0,16.1975413057443,0.832036751770563,407.7889759102167,0.26097276559499855,22.19237,0.074,0.0,407.4297841401213,-419.89484,-61.548048244616155,-7.682317452160271,-81.6954179824364
2025-07-22 02:00:00,506,19.950303855824245,0.0,16.376733999492956,0.7287867602545461,397.00502993442313,2.447569292811418,22.15451,0.074,0.0,396.6546026589291,-419.67957,-105.16668054063113,-15.020585077474601,-143.21222838886416
2025-07-22 03:00:00,507,19.03731771625894,0.0,16.354733217859263,0.9368775296024506,413.38025937602777,3.7956178866428685,22.144972,0.074,0.0,413.0127799915873,-419.6253,-135.19526066432277,-27.20651694923009,-169.0143027977468
2025-07-22 04:00:00,508,18.57651179178481,0.0064607561390706,16.332339618688785,1.0,418.2225044038992,1.9894544326660049,22.121563,0.074,0.00603434623389194,417.84938310801533,-419.4923,-99.63204188038645,-22.90643522795426,-124.175369224404
2025-07-22 05:00:00,509,18.409814598698404,18.09443737683257,16.01328228439646,0.8526544950821255,399.62260763123646,1.044089870671148,22.076591,0.074,16.742190108890178,399.26561644798744,-419.237,-82.76251354524734,-19.21879370150213,-105.21050020159063
2025-07-22 06:00:00,510,18.046421730688166,138.2659218037738,16.502441867167228,0.5937748280023488,376.7908149666073,2.4814689512939014,22.061184,0.074,126.42433179052006,376.45326329165965,-419.1495,-108.05166083702044,-28.88892465518724,-53.21249602526234
2025-07-22 07:00:00,511,18.536087864178512,228.9059419717777,16.418483882276778,0.7872602926333228,395.2033930157562,3.368185545516514,22.027365,0.074,211.06761988550437,394.8506972598913,-418.95755,-124.46180131391206,-28.85217548005904,33.646790302596465
2025-07-22 08:00:00,512,18.857277151260632,265.3746104269049,16.2149171696468,0.8841916172964155,406.0480499715762,4.084561829693387,22.040924,0.074,245.9869685889098,405.6865821765921,-419.03445,-140.8900314482136,-29.126127571397816,62.622937400187354
2025-07-22 09:00:00,513,19.426591445849738,477.9652313079076,15.54851012244076,0.7360583580915879,392.0159053927336,4.140123717852553,21.990185,0.074,439.6323969411848,391.66847181482643,-418.74646,-148.2600971229956,-23.345203464847867,240.9491082072303
2025-07-22 10:00:00,514,19.899458285167043,524.8620565487348,16.26634197664574,0.9207679181057412,415.92772175743687,4.145559586329171,21.991829,0.074,487.60092540850735,415.5604470018562,-418.7558,-137.2278175178282,-18.885693630460327,328.2920629222313
2025-07-22 11:00:00,515,20.54756615013844,453.9043595786187,16.14322442642341,0.8730407096486575,413.6984661669492,4.266421421191327,22.017355,0.074,420.4694730164854,413.3349900142693,-418.90073,-140.12599615271972,-13.329699745013944,261.4480408146617
2025-07-22 12:00:00,516,21.201097747628864,439.3891631272484,15.317254635264064,0.8641820799505919,413.17929939935607,3.310292532342332,22.019758,0.074,406.81669557596433,412.81810862924846,-418.91425,-128.44684300596248,-6.296399821003236,265.97731577277824
2025-07-22 13:00:00,517,21.857238634166947,421.13552183314846,14.795494632045546,0.7026239779265694,398.847539601465,5.1155230675708925,22.025274,0.074,386.77654269505257,398.5006367400544,-418.9456,-174.0083790989188,-1.6708435733600593,190.652369604625
2025-07-22 14:00:00,518,22.26562390941774,375.0051948941589,15.23311953544082,0.7778757515059579,409.6884928975724,3.5768476788051946,22.027412,0.074,345.62009676007335,409.3332789341545,-418.95773,-132.1574196754662,1.8687796011153595,205.7070024655801
2025-07-22 15:00:00,519,22.43685115316009,332.50709505003545,14.475433836020017,0.9636913659779444,427.9558790079138,5.042104405941732,22.000406,0.074,309.7694344646421,427.58531459687293,-418.80444,-174.45870067526212,4.248568004458591,148.3401730313365
2025-07-22 16:00:00,520,22.53496764221541,189.55607846518276,14.669717120655772,0.879706798371708,419.56194695990246,4.079342912391579,21.976807,0.074,175.66131379999285,419.198924528562,-418.67062,-148.4160225023162,4.714321038159374,32.487913085101134
2025-07-22 17:00:00,521,22.23491413711713,133.36766546679573,14.203401818582847,0.905429927220154,418.86914236775993,3.8526213638473608,21.984848,0.074,123.7818443129818,418.5058827015831,-418.71634,-150.107370978296,2.051888892058309,-24.484094183000913
2025-07-22 18:00:00,522,22.05108685114044,76.6905202553062,14.590188145395484,0.8482618089893451,413.1976375713169,3.2382234596538253,21.93647,0.074,70.94189056044303,412.83878939396203,-418.44183,-130.60024501568282,0.8507833561192834,-64.41061520125223
2025-07-22 19:00:00,523,21.970315164390627,25.52422608971245,14.944700228346818,0.8809914533598779,417.730906340399,2.6717528465841256,21.876703,0.074,23.655037986509804,417.36789558673235,-418.1031,-113.0364075708962,0.6255188363258729,-89.49104354023444
2025-07-22 20:00:00,524,20.88712203172952,0.2197718174220853,15.739958984994471,0.8476043651974489,411.3184466857307,3.6470899528714162,21.844118,0.074,0.20329058218447504,410.95800948393844,-417.91846,-127.61926768197587,-7.8086945394970275,-142.1851191866
2025-07-22 21:00:00,525,20.277349815586604,0.0,16.171788216676983,0.8238915214013184,407.1619686553198,4.598717032621184,21.82323,0.074,0.0,406.8034861535056,-417.8002,-142.22975136000227,-14.716978704578079,-167.94344532709036
2025-07-22 22:00:00,526,19.812483107042794,0.0,16.142139454343983,0.8435553135197318,406.5973967234756,4.223220675630721,21.80315,0.074,0.0,406.2381184658368,-417.6865,-136.05848599972126,-18.13332178148841,-165.64018223529473
2025-07-22 23:00:00,527,19.377550371579787,0.0,16.35618669548021,1.0,422.7535989103055,3.570079027943208,21.775463,0.074,0.0,422.3787804365697,-417.5296,-121.12817185390945,-19.965566370519696,-136.24455983864073
2025-07-23 00:00:00,528,19.190032418815065,0.0,16.25804969690009,1.0,421.3477885815972,3.195307758885759,21.745539,0.074,0.0,420.9736712847589,-417.36032,-114.98652282277777,-20.09351831974447,-131.46669090268523
2025-07-23 01:00:00,529,18.957690682553903,0.0,16.225060852965896,1.0,419.9368515186731,1.6860291493286081,21.726261,0.074,0.0,419.5633120499059,-417.2512,-86.57086390890825,-16.385150674917814,-100.64389271946703
2025-07-23 02:00:00,530,18.584046314392992,0.0,16.26170597268931,1.0,418.0052388381338,1.5053166630935357,21.713795,0.074,0.0,417.6323332909382,-417.18076,-83.58977741769927,-17.989306112526823,-101.12750585452224
2025-07-23 03:00:00,531,18.46023636771025,0.0,15.99325634316758,0.9329485109281818,408.4905345488567,0.9217758696184221,21.711208,0.074,0.0,408.1257650125023,-417.16605,-74.75301681825411,-16.265358229945043,-100.05865617827496
2025-07-23 04:00:00,532,17.96844933821353,0.004292408710411,16.775149187258354,0.881251405198107,402.9435403709698,1.2721207406972457,21.676285,0.074,0.003978127984714922,402.5823394536618,-416.9684,-75.90778959502019,-20.573835195899722,-110.863721515914
2025-07-23 05:00:00,533,17.661249131056593,33.29722258979287,17.170612762573214,0.9387443198254743,408.9724722953357,2.030866488066194,21.66227,0.074,30.96891562715172,408.60498499337035,-416.88922,-86.147689784983,-26.40968047719237,-89.87269083305955
2025-07-23 06:00:00,534,17.556610099751424,140.5853657001654,16.281219910099622,0.4671616163697,365.5833789995881,1.89793015727084,21.658398,0.074,127.98359519949636,365.25461029784935,-416.86728,-92.68479950453168,-26.434811366092934,-42.7486844260133
2025-07-23 07:00:00,535,17.860155557936025,326.7680716405015,16.04096680134693,0.3477203406944301,360.4342512629321,1.9076606272567456,21.643162,0.074,296.42937519215565,360.1108822126571,-416.7812,-94.10000612804296,-24.204553784413893,121.45450852751219
2025-07-23 08:00:00,536,18.672346222282613,471.43298275214,15.777933132668982,1.0,416.6913757292191,2.1000396833170596,21.654013,0.074,440.31840589049875,416.3198981461129,-416.84262,-98.37207754509151,-19.387291901537477,322.03631374037326
2025-07-23 09:00:00,537,18.93192205107721,529.4277334084879,15.723859263658635,0.952754870921094,412.31438871959216,1.834328990236277,21.682152,0.074,492.8613599048734,411.94755592405534,-417.00174,-93.34269138043835,-16.803418960931708,377.6610659856056
2025-07-23 10:00:00,538,19.84140603525566,764.3010198411419,16.056582944723118,0.0,362.5820482527377,1.8921058295230642,21.74709,0.074,687.8709178570277,362.26173482071994,-417.36914,-90.01674068320551,-11.48892735061373,531.2578440189285
2025-07-23 11:00:00,539,20.705979875822493,844.391096280269,15.28474789594618,0.4634249968424573,377.4459747394142,1.3845395118523312,21.790867,0.074,768.6105981557448,377.11475630342704,-417.61685,-84.37559662724831,-5.651072485738584,638.0818335395442
2025-07-23 12:00:00,540,21.4768502480278,810.5921352828893,14.69599027642571,1.0,427.9717545622933,0.7845524843237234,21.834694,0.074,757.0930543542186,427.5984277803233,-417.86502,-73.65906178010238,-1.5333483159552461,691.6340512865311
2025-07-23 13:00:00,541,21.800674132825065,697.807625266006,14.928679512845422,1.0,430.753003666707,0.46055453517936396,21.891039,0.074,651.7523219984496,430.3781873660442,-418.1844,-64.66305701060713,-0.3442261603934175,598.9388389864619
2025-07-23 14:00:00,542,21.92181137423552,545.9664634272146,15.938000302051494,1.0,435.4862938508352,0.9592858637750598,21.92689,0.074,509.93267684101846,435.1077122265151,-418.38748,-69.1447394550766,-0.02259271916070019,457.4855752038432
2025-07-23 15:00:00,543,22.34797039476348,426.5748373640836,16.045196976814946,1.0,438.3347513806273,1.9641198575531968,21.95429,0.074,398.420898098054,437.95494063393363,-418.54288,-87.97977503698012,2.2423890635117396,332.0955755612536
2025-07-23 16:00:00,544,22.15702382507084,240.5781683112887,16.01369517629353,0.7715250387458934,411.4144475319752,2.636340964328259,21.973152,0.074,221.6574612629283,411.0574390766209,-418.64984,-102.84807137089771,1.2169931256917783,112.43398078574953
2025-07-23 17:00:00,545,22.402133118255392,132.931162903785,16.01659170698442,0.8899793641084088,425.28326471193714,1.3532626252357698,21.963623,0.074,123.26176638239384,424.91491624943654,-418.59583,-75.76751350592549,2.1419337668777785,55.955277697470216
2025-07-23 18:00:00,546,22.33909667637209,99.3382459880483,16.60779711957606,1.0,440.4471264124711,2.396387242005579,21.94675,0.074,92.7819217528371,440.06545929243083,-418.50015,-91.33905942482092,2.457850549466816,25.466019582023254
2025-07-23 19:00:00,547,22.11464329726732,33.962562742868215,16.961275120946837,1.0,440.48242469602894,2.476348186171278,21.941015,0.074,31.72103360183891,440.1000676210876,-418.46762,-89.96323674161286,1.1130043432259875,-35.496752025069775
2025-07-23 20:00:00,548,21.900623340146865,0.1767086494770353,16.601326532694454,1.0,437.9092865388181,2.345903023963554,21.951801,0.074,0.16504587861155096,437.5285364270652,-418.52887,-91.71136661460407,-0.3214274491745125,-72.86808138700805
2025-07-23 21:00:00,549,21.7737467036298,0.0,16.950835771421044,1.0,438.48717506799824,2.4790209650364656,21.96204,0.074,0.0,438.1055497937176,-418.58682,-91.38775631387628,-1.220343201156586,-73.08937223108087
2025-07-23 22:00:00,550,18.651964746225644,0.0,18.00586642117845,1.0,424.5144319379309,1.8453398380115864,21.954088,0.074,0.0,424.13592001030247,-418.54187,-77.78959308281088,-20.561998255871107,-92.75754144556701
2025-07-23 23:00:00,551,18.40835858111473,0.0,19.14515194309908,1.0,426.87530445663526,2.1999892198806132,21.939558,0.074,0.0,426.4939635395992,-418.4593,-72.35217274388913,-23.785201958364098,-88.1027007134353
2025-07-24 00:00:00,552,18.84342737113559,0.0,17.363552216926976,0.992780080422902,422.50103640636365,1.7463367846532005,21.920845,0.074,0.0,422.1248814230272,-418.3532,-81.01362718738194,-18.63367882579867,-95.87563503937216
2025-07-24 01:00:00,553,18.84856220550944,0.0,17.297436203295796,1.0,423.18412932300834,1.618818773384387,21.906094,0.074,0.0,422.8073812503817,-418.26968,-79.09792485775908,-17.989395063273157,-92.54962250854118
2025-07-24 02:00:00,554,19.128720501942556,0.0,17.443405504905826,0.9608886117835042,420.5223489419517,2.7343911666183383,21.890497,0.074,0.0,420.148786376905,-418.1813,-96.19730717064299,-20.147814654734468,-114.37764038011309
2025-07-24 03:00:00,555,18.6554678724782,0.0,18.660369400280626,1.0,426.7049934726743,0.8873774719845516,21.884756,0.074,0.0,426.32453875516353,-418.14877,-56.17623120791385,-15.997817073934705,-63.9982827200444
2025-07-24 04:00:00,556,18.631916859257103,0.0,17.91684492150353,1.0,424.1016564767767,1.3320061695791372,21.87139,0.074,0.0,423.7234534800364,-418.07303,-68.85224877843298,-17.9479751019795,-81.14979896482919
2025-07-24 05:00:00,557,18.67608320109048,14.98632749563815,17.70508279320823,1.0,423.6289559079385,1.3158618037954004,21.861534,0.074,13.997229880926032,423.2513045209608,-418.01718,-70.09025621256934,-17.549073159055986,-68.40797636622287
2025-07-24 06:00:00,558,18.47206057248843,51.3676748905884,17.824568563684355,1.0,422.8948667594522,1.3512973442402303,21.847698,0.074,47.97740834780956,422.51726943337525,-417.9387,-69.9407910258586,-18.87344676574323,-36.258250195963896
2025-07-24 07:00:00,559,18.26669496752328,136.91756039287085,17.88618036565032,1.0,421.95627197727424,2.0261762898331064,21.852297,0.074,127.88100140694137,421.57890829806104,-417.96478,-80.99497574078818,-23.36858544746661,27.13156580190382
2025-07-24 08:00:00,560,18.153241775450734,110.93323513934126,17.439168500875468,1.0,419.8029335960811,3.0215615228024926,21.858633,0.074,103.61164162014474,419.42716286805285,-418.00073,-102.93753524225255,-29.0806235730028,-26.98008674893278
2025-07-24 09:00:00,561,18.037986425987757,180.6533685270964,15.887871877828273,1.0,413.6215284365149,4.409606054743816,21.819786,0.074,168.73024620430803,413.25095718369585,-417.7807,-148.7880272621953,-36.635009560987264,-21.22253411877241
2025-07-24 10:00:00,562,18.20684132152905,338.8040214335856,15.18765772099772,1.0,411.8859435328864,3.4216100415440147,21.796524,0.074,316.4429560189689,411.51741372521354,-417.64883,-136.63290708477032,-29.983200377196475,143.69542805370003
2025-07-24 11:00:00,563,17.68032417840368,177.94567614744602,16.451098488210025,1.0,413.7208730149512,3.6474828600646787,21.776426,0.074,166.20126152171457,413.3491744751956,-417.53513,-125.97160911110205,-35.8150742994172,0.22862685396908233
2025-07-24 12:00:00,564,17.953283971076132,181.7093820902668,15.892824471938102,1.0,413.1764435262493,1.5420785215312907,21.760706,0.074,169.7165628723092,412.80602586124365,-417.44617,-90.07818675812585,-22.548160049379877,52.45007493385965
2025-07-24 13:00:00,565,18.15450574200668,208.2867706580245,16.441165391407832,1.0,416.2905604750117,1.806462548946198,21.748423,0.074,194.53984379459487,415.9179373943281,-417.37656,-89.43319668458254,-22.39024242212166,81.25778568573435
2025-07-24 14:00:00,566,18.66022353219705,179.1005854728378,15.837641862294475,1.0,416.8495408035912,2.064748621108394,21.779163,0.074,167.2799468316305,416.47788709307673,-417.5507,-99.40751138226652,-20.214758726595274,46.58487411857983
2025-07-24 15:00:00,567,18.053509343895712,167.29246447403474,15.995899732283709,0.849920297467486,397.402027210588,3.8223308278152763,21.778101,0.074,154.76666485655906,397.0460305023112,-417.54462,-134.4286222506153,-33.16559946839718,-33.32614305936091
2025-07-24 16:00:00,568,18.745987422055805,295.40693594948425,14.954835907455305,0.8582321202431751,398.0729154557237,0.23661679755634715,21.777628,0.074,273.4158876598213,397.71823976081964,-417.54187,-67.68246093531096,-12.313642809505154,173.59615355863727
2025-07-24 17:00:00,569,18.727081363576477,170.63704216213677,15.18022178887275,0.9417300811631948,407.88088615026544,0.8611647445383024,21.767546,0.074,158.73610135056413,407.51741817680283,-417.48486,-79.61576047500454,-14.85087877534999,54.302016995762436
2025-07-24 18:00:00,570,18.867320025852397,76.66812898531454,14.898271371184345,1.0,414.355579375334,0.3805714813818612,21.775606,0.074,71.60803247228378,413.98674499745727,-417.53046,-70.7936222051681,-12.296310897716795,-15.025612176112576
2025-07-24 19:00:00,571,18.119811928232025,12.158627923425357,15.81291404077474,1.0,413.7899882896507,1.2293551082683978,21.788158,0.074,11.356158480479282,413.41950307552196,-417.60147,-84.45197403418011,-20.121549118062756,-97.39933254350726
2025-07-24 20:00:00,572,18.18709717483722,0.078267321307937,17.22037268487868,1.0,419.2341526590346,2.572840562700441,21.73912,0.074,0.07310167810161315,418.8589902820968,-417.32407,-95.13922834377124,-25.68030802942611,-119.2115105751083
2025-07-24 21:00:00,573,18.04273392296261,0.0,17.351063933456313,1.0,418.8863331433878,1.1779944824591932,21.71043,0.074,0.0,418.5110589779733,-417.16156,-69.85430468840374,-19.869891584369327,-88.37469735339354
2025-07-24 22:00:00,574,17.913587206153636,0.0,17.077902353494718,0.986426620983533,415.58941450821584,0.8051213029086371,21.724209,0.074,0.0,415.2167179276048,-417.23962,-66.07712480126143,-18.877491493623946,-86.97752239071808
2025-07-24 23:00:00,575,17.68068359497829,0.0,17.4487034529972,0.999367223021129,417.1404136362146,2.6118887465335305,21.688387,0.074,0.0,416.7656439386042,-417.03693,-93.50560806712443,-29.520017918503104,-123.29690831655455
2025-07-25 00:00:00,576,17.101266666098013,0.0,16.81080836434102,1.0,411.8259516315992,1.2917043619909223,21.665617,0.074,0.0,411.45427302732634,-416.9082,-77.98490802218588,-26.170733075587098,-109.60957119544663
2025-07-25 01:00:00,577,17.732099368456375,0.0,16.94732605959241,1.0,415.7661392087199,3.113433413722941,21.634113,0.074,0.0,415.39275445986976,-416.73016,-106.63858326244416,-31.2376735088558,-139.21366588564894
2025-07-25 02:00:00,578,17.95932665451653,0.0,15.772552554019422,1.0,412.7613213641405,1.3267695680816463,21.582983,0.074,0.0,412.3912933422504,-416.4411,-83.89888111837857,-20.310375735693764,-108.25906458604071
2025-07-25 03:00:00,579,17.54771948962093,0.0,16.078264553917084,1.0,411.6441021643933,0.9247875711293074,21.534683,0.074,0.0,411.27388533634115,-416.1682,-74.04351732695417,-20.50900873140443,-99.44685361264246
2025-07-25 04:00:00,580,17.17628376630057,0.0,16.383700316560248,1.0,410.723512959877,1.5461076915383567,21.507591,0.074,0.0,410.35304735320483,-416.01538,-83.56563155403947,-26.09548638107346,-115.3234514412831
2025-07-25 05:00:00,581,16.64269022496569,15.43963716570704,17.460710170497034,1.0,411.5481740523912,2.3028844751474997,21.46697,0.074,14.420621112770375,411.1754064506345,-415.7861,-86.42051492258736,-34.30737042328402,-110.91796007738836
2025-07-25 06:00:00,582,16.295374335250585,59.4314719819441,16.583134005527675,1.0,406.64390862336126,3.949065000340405,21.481152,0.074,55.50899483113579,406.27457581698854,-415.86603,-126.19714546923001,-48.44943541020051,-128.72903806333744
2025-07-25 07:00:00,583,16.152623340587184,142.16107447331615,16.671128987468283,0.9944040501973592,405.51987935469873,4.055519730635527,21.46133,0.074,132.72464880671387,405.1511533656083,-415.75424,-126.69303067758341,-50.46222001073899,-55.03369045935956
2025-07-25 08:00:00,584,16.293069249900327,152.52573178650684,15.937229085929632,1.0,404.33013848103735,1.7739557628787974,21.43813,0.074,142.45903348859738,403.96290048650303,-415.62338,-93.11445407670577,-33.31774824586974,4.366349084165506
2025-07-25 09:00:00,585,16.912203504103957,308.9342033413561,16.527157009477314,0.9177399240389548,400.40258641019176,1.4706828234939777,21.410866,0.074,286.94781265062295,400.0406810281273,-415.4695,-79.9797712918134,-26.79766582525472,164.74154362222905
2025-07-25 10:00:00,586,17.397433062577647,574.6497814188315,16.627311189642857,0.9380692435832648,405.6008849847699,2.959126956380499,21.436724,0.074,534.4440111921548,405.23567353409294,-415.61548,-104.40039781859646,-31.620326865530394,388.0434815264959
2025-07-25 11:00:00,587,17.92484397620916,513.6654979416146,16.702589920534596,1.0,415.9635530075119,2.282220031480597,21.492216,0.074,479.76357507746803,415.5905537351239,-415.92856,-91.47987776004025,-24.438491113765497,363.5072015891767
2025-07-25 12:00:00,588,18.659777789493774,380.6946979607678,15.979132207725682,1.0,417.37706536123255,2.938937758133047,21.519384,0.074,355.5688478953571,417.0049400284175,-416.08188,-109.99916842547249,-21.682484503353187,224.81025633283957
2025-07-25 13:00:00,589,19.591309118498543,554.2395803729978,15.902215080839635,0.8317716151681579,403.3381520443148,2.638901302741126,21.56458,0.074,512.232541267002,402.9811411152272,-416.33713,-103.44977667227059,-13.858504896767933,381.5682731276439
2025-07-25 14:00:00,590,20.289902984230253,531.8901193016861,15.457170000840351,0.8666428248866606,409.0651612803472,3.618684283390254,21.597626,0.074,492.52957912945544,408.70503815358313,-416.52386,-126.72877254963886,-10.706913167152145,347.2750668201538
2025-07-25 15:00:00,591,20.98075780327025,520.1965358553869,14.631389675516171,0.7733886963964659,400.12129144448,2.37349075258105,21.600193,0.074,479.3284834859875,399.7709199069001,-416.53833,-107.43690754751422,-3.9783204631273072,351.145845304121
2025-07-25 16:00:00,592,20.994274971197346,413.742021215653,14.55520821916078,0.6655796945553201,390.3209233684199,2.126810367685508,21.5838,0.074,379.38424544595136,389.97916934825446,-416.44574,-102.3813796669058,-3.5917583730197644,246.94453700818653
2025-07-25 17:00:00,593,21.318869840030743,263.484785896467,15.625622106552363,0.924437795777044,421.7436317190638,1.7847287951471824,21.635569,0.074,244.8360572488612,421.37528920606246,-416.73825,-85.64293002356389,-1.7710426179363457,162.05912308100147
2025-07-25 18:00:00,594,19.066104019351314,103.89131955445438,17.583567500090194,0.8544615008108645,408.714135703878,5.274471329283714,21.612127,0.074,96.13694716254952,408.35088573680366,-416.60577,-130.41989147740807,-26.973693120477947,-69.51152562431409
2025-07-25 19:00:00,595,19.647803798039376,19.96151408447656,17.550733460143796,0.976115523470108,425.6156174474848,2.6740369651745706,21.602354,0.074,18.61239005398007,425.2390531126541,-416.55057,-87.16749511064158,-13.810501337876829,-73.67712090883737
2025-07-25 20:00:00,596,19.22982278581867,0.0818508620489666,18.023707611101017,0.922863428369269,418.6037666699571,1.5166724932979019,21.584784,0.074,0.0760501194373233,418.23220084807986,-416.45123,-65.07913139210011,-13.231894227562094,-76.4540075623013
2025-07-25 21:00:00,597,18.80243231203832,0.0,18.17618324376951,1.0,425.9311130454123,2.5793831792601383,21.572718,0.074,0.0,425.5517831012214,-416.38315,-80.32385888207529,-19.649737450938325,-90.80496142515156
2025-07-25 22:00:00,598,18.188394698212846,0.0,18.34171719120751,0.9988992797246724,422.9014434614125,1.6529928737911443,21.538645,0.074,0.0,422.52300315118833,-416.19064,-65.77964074756416,-20.04447965960592,-79.49176056652863
2025-07-25 23:00:00,599,18.57509287878668,0.0,18.699467361173628,0.9717193294978128,422.9251271084395,1.1022804236149422,21.514877,0.074,0.0,422.5478061462397,-416.05655,-53.897511229561495,-15.235952098396673,-62.642206253984114
2025-07-26 00:00:00,600,18.22590331078959,0.0,18.66374675778559,0.8406256381012557,406.215215574138,2.4017561286199496,21.503412,0.074,0.0,405.85181368491595,-415.9918,-72.50270069217916,-22.79120057358649,-105.43387835233408
2025-07-26 01:00:00,601,17.82384797574025,0.0,18.59695794609719,1.0,421.832362650479,3.9394861699854413,21.488848,0.074,0.0,421.4538018664104,-415.9096,-94.9309687536119,-33.15883727069495,-122.5456110914902
2025-07-26 02:00:00,602,17.087750997197645,0.0,18.563251432354733,1.0,417.6264350809198,4.803331856005498,21.455648,0.074,0.0,417.24948149701913,-415.72223,-107.9357773244234,-45.049455706325595,-151.4579805376361
2025-07-26 03:00:00,603,17.386484572270263,0.0,18.14244666768658,1.0,417.914225729336,3.847450147322927,21.452085,0.074,0.0,417.53789480940367,-415.70206,-99.82571425519438,-36.59412016273194,-134.58399649328828
2025-07-26 04:00:00,604,17.12863344014761,0.0,18.345844916163983,1.0,417.15054011197776,5.174972248520153,21.43598,0.074,0.0,416.7741367998484,-415.61115,-115.96565618258496,-46.48092852749105,-161.28359292975887
2025-07-26 05:00:00,605,17.106783271599966,7.421428041987793,17.725773861092787,1.0,414.98615452052894,4.3140505964799685,21.42961,0.074,6.9316137912165985,414.61163999615917,-415.57516,-112.71248217549665,-41.76779232406832,-148.51218550711107
2025-07-26 06:00:00,606,17.225235106035484,21.385548970820015,17.64334938667067,1.0,415.3625267773046,4.416030267246956,21.392109,0.074,19.97410273874589,414.988020634678,-415.36383,-114.29155236412878,-40.698790579637944,-135.3920501367491
2025-07-26 07:00:00,607,17.026624286054812,24.487052454648914,17.499010002222985,1.0,413.782878526465,4.202983495896841,21.386135,0.074,22.870906992642084,413.4092150178418,-415.33008,-113.37012370314267,-41.515427487177526,-133.93550730483634
2025-07-26 08:00:00,608,17.416733796207723,86.1548917852808,17.226063046115595,1.0,414.9977200734377,2.857114297390428,21.374521,0.074,80.46866892745226,414.6241040188847,-415.26453,-94.36493975030452,-30.391552792445676,-44.92824596360076
2025-07-26 09:00:00,609,17.704406094070976,122.1703295193024,16.953498672438112,1.0,415.6352387067811,3.3389099296497817,21.366148,0.074,114.10708777102843,415.2618906167559,-415.2174,-104.70009124353541,-30.236026138541167,-20.78454622085467
2025-07-26 10:00:00,610,17.888648968918346,141.1250567164928,17.18090936120737,1.0,417.4446571832065,3.2342265494248976,21.352957,0.074,131.81080297320426,417.0702238283369,-415.14307,-99.47177754930131,-28.001835499895222,6.264347346094581
2025-07-26 11:00:00,611,18.46732784265316,301.9985062786539,16.778716346645588,1.0,419.2313779731929,2.9642468097280243,21.363045,0.074,282.06660486426273,418.8570379058829,-415.19986,-98.600087073543,-22.072072319314067,165.05162375814797
2025-07-26 12:00:00,612,18.71477654464172,225.5293683635076,16.478598055531542,1.0,419.5208783944343,1.8525148870061119,21.377047,0.074,210.64443005151608,419.1470020146259,-415.2788,-82.09823616565392,-16.28611543143747,116.12827187530057
2025-07-26 13:00:00,613,18.04598701034496,290.7889485881401,16.687881248798682,0.9932690031941012,415.76659231124864,1.5511903100392295,21.38829,0.074,271.46467149781967,415.3941225459214,-415.3423,-76.78935458121626,-19.54468079320789,175.18247351306684
2025-07-26 14:00:00,614,17.945112355590254,108.46907219595003,17.86976763908239,1.0,420.1095406917175,0.2173890894792526,21.37977,0.074,101.31011343101733,419.73288335867187,-415.29413,-46.588349465931856,-14.121103788510274,45.03941511727826
2025-07-26 15:00:00,615,18.39472161322135,102.480459841181,15.324390122145722,1.0,413.439478313358,0.23002538406477155,21.35572,0.074,95.71674949166305,413.0701007254175,-415.15854,-61.03880840719499,-11.962172107457564,20.627330884068613
2025-07-26 16:00:00,616,17.39760665030707,82.14623908385312,16.55251855769557,1.0,412.5351613244715,3.0404347671965914,21.39581,0.074,76.7245873043188,412.16370661273845,-415.38464,-105.85602024162297,-31.695513197135973,-64.04788307638921
2025-07-26 17:00:00,617,17.568439979366985,79.12269335162571,16.88366658777955,1.0,414.6423943569988,0.6224737401583627,21.394981,0.074,73.9005955904184,414.26954147884624,-415.38,-60.62178381492607,-18.04886231154907,-5.880513940023011
2025-07-26 18:00:00,618,17.63480546364042,23.74027772204724,15.504438017923745,1.0,409.9854826400041,2.3703712942009267,21.357494,0.074,22.17341939239212,409.6170088243254,-415.16855,-103.82404048260456,-26.041405043577083,-113.24356589344848
2025-07-26 19:00:00,619,17.449779820723393,10.51436309303158,15.509942583053473,1.0,409.001792115372,3.544744631485134,21.31006,0.074,9.820415128891495,408.6336694149922,-414.90128,-126.09793381935874,-33.06249440351747,-155.60761931375814
2025-07-26 20:00:00,620,17.71341697875141,0.0173011142989754,15.909937240359447,1.0,411.9292764556826,1.9508970817916507,21.267958,0.074,0.016159240755243023,411.55928337053456,-414.66403,-89.91923340119153,-22.793845532459926,-115.80166830478352
2025-07-26 21:00:00,621,17.68386735104582,0.0,15.965840938048522,1.0,411.9744060381876,1.9556457147399713,21.241383,0.074,0.0,411.6042868373756,-414.51453,-89.07716884559446,-22.837096166711504,-114.82450454211788
2025-07-26 22:00:00,622,17.966625433930176,0.0,16.523284117832148,0.9803511060220848,413.2030044359959,1.6042223693495807,21.213655,0.074,0.0,412.8326015944461,-414.35837,-76.5322598414462,-19.156419827536016,-97.214445994458
2025-07-26 23:00:00,623,18.197827233193607,0.0,15.903164327016787,1.0,414.554177562624,0.6551582866977513,21.180382,0.074,0.0,414.1832342708204,-414.17117,-63.652778987732084,-13.728159169556175,-77.368876982171
2025-07-27 00:00:00,624,18.316517548378958,0.0,16.381809062917725,1.0,416.9680172306699,0.7721918773279405,21.14766,0.074,0.0,416.59525967594544,-413.98694,-61.62434578239419,-13.38713345301295,-72.4031580360242
2025-07-27 01:00:00,625,18.1672992055353,0.0,16.56549391265664,1.0,416.8093614348236,1.0287630283388354,21.128046,0.074,0.0,416.436311257772,-413.87677,-64.69530049782826,-15.069976764572312,-77.20573602415983
2025-07-27 02:00:00,626,18.315361670520133,0.0,16.79546885464415,1.0,418.4497270026969,1.0913360322391534,21.07936,0.074,0.0,418.0756414658472,-413.6029,-62.920264553137095,-14.194807106662054,-72.64233546738947
2025-07-27 03:00:00,627,18.058493470132987,0.0,17.493521957396062,0.9921684297070869,418.5125086338296,1.67979810696164,21.120996,0.074,0.0,418.1376155478601,-413.83713,-67.3803424186654,-18.26698678415299,-81.34684134050518
2025-07-27 04:00:00,628,18.13466000893027,0.0,17.670619013814786,1.0,420.4909983982367,0.6929338956245731,21.106434,0.074,0.0,420.1145571328048,-413.75525,-51.13725441484691,-13.820164790436289,-58.59811109591589
2025-07-27 05:00:00,629,18.32315528355025,8.016980525895189,17.75606751197402,0.998168091419537,421.6068519159937,1.3391178947899909,21.086117,0.074,7.4868629637911965,421.22996690560535,-413.641,-59.09291399387041,-15.088979601018409,-59.1060549364298
2025-07-27 06:00:00,630,17.72261048054986,15.197113208638196,16.18829865547646,1.0,413.0015341617792,0.156873276311477,21.090532,0.074,14.194103736868074,412.63060466559466,-413.6659,-53.02374004850654,-13.537000348630585,-53.40192554936186
2025-07-27 07:00:00,631,17.930697548484886,62.55258271303512,16.671053780631244,0.8516156938063832,399.2809913984357,1.6858676272678832,21.07859,0.074,57.87450193234517,398.922967956162,-413.59863,-74.48221626999889,-18.851403861866565,-50.13478305585827
2025-07-27 08:00:00,632,18.530858245605373,162.77859349381376,16.63877940395319,0.92484491753284,410.2729692161662,1.8389404536056562,21.059807,0.074,151.2614691762894,409.9068098145151,-413.49313,-75.5864117153295,-15.36272482698224,56.72600890357092
2025-07-27 09:00:00,633,18.95961670404108,419.6057058677902,16.430842102517254,0.9856445711257164,418.9618597021169,2.811417580870919,21.060358,0.074,391.50791998525654,418.5891930912687,-413.49625,-92.79058538631094,-15.27996544594136,288.5303159063824
2025-07-27 10:00:00,634,18.43746839853384,262.04648940305214,16.650327737876797,1.0,418.6063730316671,1.7839066319396855,21.05256,0.074,244.75142110245068,418.2325039466898,-413.45233,-74.68040828126253,-15.738705162796457,159.1124800621127
2025-07-27 11:00:00,635,19.405543659901923,434.8219077498693,16.38861172913785,1.0,423.02919506122873,2.1660063959620977,21.067331,0.074,406.12366183837787,422.6542138566979,-413.53534,-81.43055940820472,-10.541568189429197,323.2704087419731
2025-07-27 12:00:00,636,20.33260608497949,515.2386613105036,16.264222496161985,1.0,427.75286353206656,2.7944462490677275,21.125027,0.074,481.2329096640104,427.37641312052847,-413.85977,-92.20680622579361,-5.553335201250284,396.9894096289793
2025-07-27 13:00:00,637,17.809239655851457,285.61117617874925,18.63517810905265,1.0,421.874469157904,0.6544341391254211,21.18749,0.074,266.7608385509518,421.4958273217772,-414.21118,-45.49596805725273,-15.794778731399811,212.7547374434514
2025-07-27 14:00:00,638,19.30887686549056,304.4086957813842,17.677539853123122,0.8721803620137772,412.2351322812398,2.3840924067454017,21.230001,0.074,281.9717440607745,411.8694443849092,-414.45044,-75.27801633335646,-12.830097858083546,191.28263480111866
2025-07-27 15:00:00,639,20.62487117025148,378.0515594724535,16.44064413887349,1.0,430.059167677759,0.8845872935981802,21.262997,0.074,353.1001565472715,429.6815429564143,-414.6362,-59.03635827835004,-2.851518062631177,306.2576232115327
2025-07-27 16:00:00,640,20.374846362197783,171.6123738048041,16.153039556144236,1.0,427.57097960178896,1.0884277826407656,21.240435,0.074,160.28595713368702,427.19481235013524,-414.50922,-64.95466804954837,-4.1365177920109275,103.88036733366926
2025-07-27 17:00:00,641,17.639480815913828,69.67227979213419,16.27561698763461,1.0,412.864005546352,5.1360619802350636,21.22062,0.074,65.07390932585334,412.49295824229233,-414.39755,-141.69726445109688,-37.97768379275809,-116.50563316594369
2025-07-27 18:00:00,642,16.504469023661954,22.258673121251174,15.00090802927812,1.0,401.9773544582007,1.659565322598507,21.218046,0.074,20.789600695248595,401.6128600083346,-414.38312,-95.39568041729223,-29.436651099902956,-116.81298848939325
2025-07-27 19:00:00,643,16.7608713165547,13.80659025676292,16.012371190570356,1.0,407.1277998722527,1.8185692222804997,21.179155,0.074,12.895355299816567,406.75937834210555,-414.1643,-87.42457962576133,-28.27354137703825,-110.20769400150246
2025-07-27 20:00:00,644,17.49760085114167,0.0025795744953711,14.911046547968176,1.0,406.9653696312475,2.7782600128727744,21.161343,0.074,0.0024093225786766073,406.59921699141063,-414.06406,-114.90890938337452,-27.553511260317652,-149.92485072618726
2025-07-27 21:00:00,645,17.624219399693516,0.0,15.321600190985722,1.0,409.2338611657799,1.001038079866924,21.16209,0.074,0.0,408.866032389018,-414.06818,-75.67045809798731,-18.258133416008967,-99.13073539450951
2025-07-27 22:00:00,646,17.189186016380972,0.0,15.745419073746463,0.9956099594395192,407.9485227782714,2.3129963819826376,21.139479,0.074,0.0,407.58059739222847,-413.94095,-97.27602271159029,-27.502756319507505,-131.13913012519745
2025-07-27 23:00:00,647,17.522451929248177,0.0,15.240584231411988,1.0,408.3727591375009,1.5519677461879877,21.077961,0.074,0.0,408.00541175060533,-413.5952,-85.91282324945378,-20.93600049980934,-112.43862684240779
2025-07-28 00:00:00,648,16.57303910232065,0.0,14.86056561484041,1.0,401.8042949751201,0.8824109764414352,21.082142,0.074,0.0,401.4401537960007,-413.6187,-78.6743172935358,-23.381399543860496,-114.23427642030185
2025-07-28 01:00:00,649,16.35575656339671,0.0,14.165478970198544,1.0,397.9118789664727,0.8087957610476608,21.049328,0.074,0.0,397.55064865221846,-413.43414,-82.70227475654326,-24.044666906759087,-122.63043607749015
2025-07-28 02:00:00,650,16.188421384206947,0.0,14.21500348752344,1.0,397.22426959861474,2.289070244612356,21.016506,0.074,0.0,396.8631883161495,-413.24982,-113.45788119720793,-34.250159126509594,-164.0946689020993
2025-07-28 03:00:00,651,15.93948233164076,0.0,13.735329310443854,1.0,393.972118067865,2.392040328191744,20.964073,0.074,0.0,393.61329016476685,-412.9554,-120.58267730674996,-36.50789902222179,-176.43269998256426
2025-07-28 04:00:00,652,16.131676196851004,0.0,13.61631372447538,1.0,394.4917025091775,1.4644190937763797,20.91907,0.074,0.0,394.13294491515956,-412.70273,-100.07034653635206,-28.735134886331583,-147.37526477900846
2025-07-28 05:00:00,653,16.1401936346017,6.378294101091052,15.096247615823971,1.0,400.3948677246157,1.3013630045160358,20.834944,0.074,5.957326690419042,400.0307661094789,-412.23077,-82.24036001672053,-27.091835612106024,-115.57487675470983
2025-07-28 06:00:00,654,15.943888744201216,27.947999719689108,14.631944741279565,0.999572479778972,397.5212348220983,0.40783897698183796,20.86282,0.074,26.102619598614528,397.15918697202187,-412.3872,-69.63084799500946,-22.812391856242495,-81.56864031186556
2025-07-28 07:00:00,655,16.769990888168707,48.94337170947183,13.702928675577445,1.0,398.217394163225,2.700941847353396,20.84881,0.074,45.71310917664669,397.8570617241971,-412.30865,-122.79741408109766,-30.5752942814193,-122.11119224682943
2025-07-28 08:00:00,656,15.13932318747436,61.577726869455766,13.952453452262649,1.0,390.6606838092772,4.076745700080988,20.83676,0.074,57.51359689607168,390.3026177898712,-412.24106,-153.48276102477072,-54.728040231463574,-172.63564491990078
2025-07-28 09:00:00,657,15.14153229117892,70.82991651921625,14.84594428804764,1.0,394.15184659781534,1.821373594292101,20.817188,0.074,66.15514202894798,393.7905870084767,-412.13138,-96.81600719951513,-37.667387490542716,-86.66904382646132
2025-07-28 10:00:00,658,15.651362261890084,70.60074572169532,14.982169892776769,1.0,397.3629950561359,1.9933888150842067,20.807465,0.074,65.94109650406342,397.0002556612748,-412.07678,-97.1682089455017,-34.887258121761825,-81.19089712848779
2025-07-28 11:00:00,659,15.882898927632423,123.6831996787466,14.963705077953092,0.9831593826020472,396.5879901692963,0.9330323732529603,20.805578,0.074,115.38081695731024,396.2266186318681,-412.06622,-76.65145820910674,-26.232046306245504,-3.3422920707051382
2025-07-28 12:00:00,660,15.722280883276085,130.11565689151698,14.942870940421834,1.0,397.5899537043352,2.6241133786754576,20.791927,0.074,121.52802353667686,397.22721010197824,-411.98975,-109.02647396394413,-38.42445316873,-40.68543958776901
2025-07-28 13:00:00,661,15.792636936954636,94.21791272070814,14.852488227508,0.9999728070475942,397.6153496891308,4.5579951419097275,20.763306,0.074,87.99935626558012,397.25278412661606,-411.8293,-146.05291045248802,-50.220116265536234,-122.85020151137496
2025-07-28 14:00:00,662,15.582575792385,120.61147115606276,15.592040687246316,1.0,399.267726748241,6.524598043048971,20.747663,0.074,112.65111405976262,398.90305072019356,-411.74164,-169.3255697546197,-65.7248606478189,-135.23790380607616
2025-07-28 15:00:00,663,16.535661548168832,82.7743223391656,13.996543459934388,1.0,398.1825984455695,3.723562747888565,20.701036,0.074,77.31121706478066,397.8216334380302,-411.48065,-138.20079039771085,-36.89103220818814,-111.43962395855692
2025-07-28 16:00:00,664,16.60343054456581,76.81906084409964,13.79947078749309,0.9444910881986032,391.49745613151714,3.3152671124003366,20.660294,0.074,71.47429014247409,391.14274042319704,-411.25238,-131.21095499818034,-33.67056116979916,-113.5168659734021
2025-07-28 17:00:00,665,16.466656326174984,63.51779947288405,13.776722971097955,1.0,396.9185776886233,3.8851192545201165,20.63667,0.074,59.3256247076737,396.5585632771738,-411.12018,-143.21540799285006,-37.82137371799353,-136.27277194865238
2025-07-28 18:00:00,666,16.256364173577253,27.06529533745315,13.937402487284496,1.0,396.46526989465855,2.925452527312445,20.606375,0.074,25.278985845181243,396.1050712362636,-410.95084,-121.39059331113587,-34.11140805221653,-145.0687804635482
2025-07-28 19:00:00,667,16.34054333679461,7.2146625315180195,13.869980167224494,1.0,396.6350006717525,1.5119958785299759,20.586159,0.074,6.738494804437829,396.2748864276091,-410.83765,-92.6598613996969,-25.321172470847642,-125.80529912287261
2025-07-28 20:00:00,668,16.089382107793938,-8.881784197001252e-16,13.807780598442884,1.0,395.0567555755376,0.7737889012790872,20.600618,0.074,-8.295586439999169e-16,394.697364435121,-410.91858,-78.9853965787537,-22.75004745650824,-117.95665870170342
2025-07-28 21:00:00,669,16.078513240891198,0.0,14.38133620259274,1.0,397.3028235976619,1.1372044984828864,20.58148,0.074,0.0,396.9413582240018,-410.81155,-81.43954045995069,-24.852777881553624,-120.16251407258062
2025-07-28 22:00:00,670,15.97749978049518,0.0,14.209849023259896,1.0,396.0889888202757,1.2542226241490335,20.561514,0.074,0.0,395.72834093246183,-410.69995,-85.14632052069071,-26.074358784855168,-126.19228954495904
2025-07-28 23:00:00,671,15.656076494002718,0.0,14.220134515602146,0.9983130973295274,394.2423322454277,1.9746593666949113,20.557621,0.074,0.0,393.88245498351836,-410.6781,-100.04555952079988,-32.81221311440099,-149.65341823762003
2025-07-29 00:00:00,672,15.357887132280382,0.0,14.236732555982334,0.9223503720564676,384.4116277633013,0.7979857912193262,20.513863,0.074,0.0,384.05989737369714,-410.43347,-76.99535754690005,-26.783477596622568,-130.152409449513
2025-07-29 01:00:00,673,15.392099726200344,0.0,14.787579582236209,1.0,395.251191915093,1.9721664984728042,20.468302,0.074,0.0,394.889641204019,-410.1789,-93.39355210936604,-34.129607366984516,-142.81241231530032
2025-07-29 02:00:00,674,15.456544894135163,0.0,14.548336263946728,0.9931407584612018,393.8867978202424,0.32755468615013467,20.464844,0.074,0.0,393.52667846884816,-410.15964,-64.78921223203662,-22.781456515677622,-104.20362773003795
2025-07-29 03:00:00,675,15.55744553522652,0.0,14.796960020891516,0.9796101230634184,393.83721418761365,1.1899660451123515,20.469894,0.074,0.0,393.477426839461,-410.18793,-78.62668319456185,-27.827502761305734,-123.16468636250036
2025-07-29 04:00:00,676,15.64223215274336,0.0,14.75484763184449,1.0,396.4477334812631,1.4645514080385458,20.463423,0.074,0.0,396.085803529636,-410.1516,-83.69609995867326,-28.969127754006017,-126.73103551116827
2025-07-29 05:00:00,677,15.566462634614936,6.223443375673691,15.04457290612392,0.9854735313121022,395.4844333318496,1.0665189971380467,20.44051,0.074,5.806636619359821,395.1231668867205,-410.0238,-73.86582241261185,-26.784164718768064,-109.74398733623705
2025-07-29 06:00:00,678,15.402678781466877,47.75269372337817,14.604788617267907,0.842737038828124,377.9896630996009,2.8179802181035702,20.44802,0.074,44.159749208795816,377.64393102416244,-410.06573,-110.56127361109183,-39.50333711177676,-138.3266653531916
2025-07-29 07:00:00,679,15.203858913450064,216.53319410490784,14.907874941725836,0.8325999933506201,377.1207871770297,1.5411581953535174,20.420408,0.074,200.13060982216388,376.7753076267578,-409.9115,-84.10556569678101,-32.25350952016954,50.63534320853358
2025-07-29 08:00:00,680,15.500467494051918,355.0439160406173,14.450697582873593,0.7837750961701403,372.4130082132641,0.7730814822812135,20.42054,0.074,327.31878933332314,372.0726397696583,-409.91217,-73.14586374914,-25.181180243785885,191.15221469989928
2025-07-29 09:00:00,681,15.918869535111073,303.4796324314118,14.675366609832649,0.8428761286433744,380.8779055956777,1.5344944761244204,20.403711,0.074,280.64776603605594,380.5309474839215,-409.8183,-84.02631276133822,-27.080049743316756,140.25405267547876
2025-07-29 10:00:00,682,16.409452329263672,570.7100371040855,14.33358184698516,0.3830409548797817,349.41604541350426,0.5969272584293794,20.432285,0.074,518.2356747371127,349.0989742929039,-409.97778,-68.40802671541215,-18.98641979145209,369.96241932002744
2025-07-29 11:00:00,683,17.42089476733355,825.3135285494759,13.495383058097778,0.4536661574692425,354.5489827946325,0.8008862574989236,20.498798,0.074,751.0146617430235,354.22979821227136,-410.3494,-76.53661520181498,-14.811262084068213,603.5471869174585
2025-07-29 12:00:00,684,17.937191188131692,782.352024565358,14.630546574539691,0.4287869385337557,359.8232723850106,1.863232078904284,20.540298,0.074,711.3760025991527,359.5006458916774,-410.58118,-87.44964112681254,-15.932238992162219,556.9135916140428
2025-07-29 13:00:00,685,18.73133745955579,839.5995644233155,13.697612055691485,0.3268370050697655,355.64009664535126,1.3329658057870317,20.645466,0.074,761.2158818224843,355.32319163338667,-411.16956,-84.34948949081952,-10.135821463803842,610.884206837185
2025-07-29 14:00:00,686,19.231085242978395,561.0465266833983,13.307966735861603,0.942404045780128,403.0284976149457,2.8521623482927705,20.657475,0.074,521.9397695660577,402.6707604033318,-411.23666,-119.1402076926347,-10.272573941117615,383.9610845172778
2025-07-29 15:00:00,687,18.884334117646176,512.7814404418635,15.191716319432306,0.8364821629894663,397.47098463418274,2.9578582140257454,20.672958,0.074,474.03744542670023,397.11722679545744,-411.32346,-101.79376732591886,-13.250305008623245,344.78714407706866
2025-07-29 16:00:00,688,19.38409571019849,465.31853401626927,12.608104198526869,0.0836545859181681,348.5842779559947,0.7505508674064035,20.668581,0.074,419.47731028187394,348.2752346297541,-411.29886,-77.7586788042934,-5.667841305658411,273.0271661590982
2025-07-29 17:00:00,689,19.571693560174367,350.4918174467389,13.841744095685614,0.0,353.7170349893951,0.7145312393124712,20.634487,0.074,315.442635702065,353.4038980060222,-411.1081,-67.83201985934097,-4.595488643618696,185.31093194340883
2025-07-29 18:00:00,690,19.735037722176003,181.7205863880406,13.368870884393814,0.2281570513108273,355.8438356400594,1.3035133950145361,20.661516,0.074,164.34412214897557,355.52921523544984,-411.2594,-83.50296249514774,-4.69996382149613,20.41101165371907
2025-07-29 19:00:00,691,19.584201847014413,38.88504595789357,14.38169445059311,0.4778541381571574,369.5229174401055,1.1443183841901414,20.674934,0.074,35.41159154883933,369.19581968493435,-411.33438,-73.24300124497624,-5.338246323181564,-85.30821743789974
2025-07-29 20:00:00,692,19.205286809107577,0.0,14.354009757305862,0.4348115912459369,365.2187575090115,1.8101760761701802,20.61403,0.074,0.0,364.89451600872826,-410.99368,-86.67189999180603,-8.211111784301549,-140.98217862870743
2025-07-29 21:00:00,693,18.724035259794505,0.0,14.92123596838966,0.4232816468804065,364.3274913971332,2.5617612921860413,20.581835,0.074,0.0,364.00282671294246,-410.8136,-96.21212560458541,-12.819244955836798,-155.84214248029227
2025-07-29 22:00:00,694,18.34740324927833,0.0,14.609141407146325,0.0183574692913045,350.76301737056764,2.1597636896818244,20.55457,0.074,0.0,350.44952079989145,-410.66104,-92.3810896270798,-14.206854949777451,-166.79946503673142
2025-07-29 23:00:00,695,18.106427256417877,0.0,14.519470864051994,0.6001074620377799,370.7054516647004,2.167848135491816,20.540085,0.074,0.0,370.37350730656436,-410.58017,-93.8038544736769,-15.793051865460285,-149.8035687103072
2025-07-30 00:00:00,696,17.772504957437263,0.0,14.772638628991311,1.0,407.90698382110526,2.6327384638374465,20.53336,0.074,0.0,407.540772892341,-410.54245,-100.67911157321896,-19.771659987843087,-123.45244861989292
2025-07-30 01:00:00,697,17.288784196996062,0.0,13.870687835086136,1.0,401.6681623454139,1.0787482387108323,20.506392,0.074,0.0,401.3061839232737,-410.3917,-79.90669651333934,-16.74246614586966,-105.73467185116968
2025-07-30 02:00:00,698,17.110033693570017,0.0,14.114244497864462,0.8181577622150016,382.4162775586434,2.1494503471449677,20.478197,0.074,0.0,382.071165324858,-410.2343,-99.09927431215756,-22.361162420039417,-149.62358537218273
2025-07-30 03:00:00,699,17.08871877395933,0.0,14.269667655783548,1.0,402.2291440251073,1.9047561018256924,20.458443,0.074,0.0,401.866090938481,-410.12384,-92.54477963445038,-21.2885033359274,-122.09103236392801
2025-07-30 04:00:00,700,16.677816553741195,0.0,14.748659823691824,0.8875824635787611,389.5379675504397,0.44345607360717415,20.454021,0.074,0.0,389.1852334857262,-410.09915,-62.23980328768109,-16.887386616701335,-100.04110802998436
2025-07-30 05:00:00,701,16.866123431893243,29.23389213555673,14.289317918478964,0.7045767416413858,371.77107305475306,1.1491068448833002,20.432516,0.074,26.851110550695175,371.4349247903191,-409.97916,-78.05988842690698,-19.11846708413377,-108.8714766641671
2025-07-30 06:00:00,702,16.01588970335706,148.44249979310337,15.14877982139305,0.4871539324990032,355.611600040189,0.8152052566712965,20.400091,0.074,135.22345667960715,355.2879056358027,-409.79803,-66.94835112203963,-22.244583409119663,-8.479606883718155
2025-07-30 07:00:00,703,16.05493763253071,269.7396915860769,15.209587774397546,1.0,400.3679018172361,1.152853663585161,20.39154,0.074,251.93687194139582,400.00358019858817,-409.75034,-72.07952655457875,-23.88967426325153,146.22091562879436
2025-07-30 08:00:00,704,16.66711477392721,243.54510132530825,14.81343084190429,0.8398119815791749,384.9050136565872,0.5096239899961418,20.357306,0.074,225.18452587458384,384.5564455109012,-409.55927,-61.80837042598192,-16.764718278140105,121.60861754464428
2025-07-30 09:00:00,705,17.70318044265946,495.0872484785067,13.446394554637289,0.6585292452996896,369.0050947900309,0.37945492175407924,20.384249,0.074,453.8418425680936,368.6736294667612,-409.70963,-65.79291878461272,-11.218438468086303,335.7944895380152
2025-07-30 10:00:00,706,18.397943274253063,655.6030335896255,12.97633316576886,0.6012182507321765,366.2898400174324,1.1341714234925901,20.42007,0.074,599.6235367532078,365.9625953714304,-409.90964,-83.44782202655153,-10.219832687678233,462.0088399592366
2025-07-30 11:00:00,707,19.076760501908662,756.9833855142315,13.800197012749935,0.6539951994134475,376.8077317609653,1.6953336683036146,20.472912,0.074,693.7903210882607,376.4728668009018,-410.20465,-87.33292989027291,-7.923657057965046,564.8019500620182
2025-07-30 12:00:00,708,19.791294883553803,631.8931975996022,14.609179883934504,0.9566931049461198,413.1087918099927,0.639159463788674,20.50369,0.074,588.4046461509057,412.74369990364266,-410.37668,-59.22796860097263,-2.963382209829639,528.5803167769492
2025-07-30 13:00:00,709,20.21075628897177,527.2043221071048,15.535788989596956,0.9940209395695218,423.5474247859223,1.112355475233298,20.54881,0.074,492.19576215244297,423.17432336451037,-410.62878,-60.993858248917256,-1.5929836525939045,442.15445943575475
2025-07-30 14:00:00,710,21.102628448205564,355.13954177257665,14.47438330408024,0.9207711401596697,415.5606904697235,2.9225748987836626,20.591644,0.074,329.927458311259,415.19714163418416,-410.86838,-101.50512409941354,3.5432629217859426,236.2943610822687
2025-07-30 15:00:00,711,20.76622274865167,211.64704770906184,14.866798642167495,0.9873859660849584,423.1608388411072,4.616017027367162,20.611948,0.074,197.4990628342363,422.7896774204237,-410.9819,-130.0324921897131,1.423460867938365,80.69780585671333
2025-07-30 16:00:00,712,20.2946045672162,281.98389731983946,13.61421954963248,0.823950320941828,397.3665263214768,1.265233387518618,20.587008,0.074,260.5025576516147,397.0167149045908,-410.84244,-78.10013387748941,-1.4341569330814794,167.14254400149406
2025-07-30 17:00:00,713,20.073977063722623,170.74687861240483,13.611991911008422,0.9950893920638753,415.0057991676388,0.19791829818250128,20.57432,0.074,159.42084721271974,414.63983421453474,-410.77145,-56.28391148351641,-1.7713339214656458,105.23398216485057
2025-07-30 18:00:00,714,19.9727378972957,107.51084437507104,14.65909372300755,0.8466869449772514,402.2066286691124,0.22272256148756242,20.575085,0.074,99.44329234994781,401.851671837959,-410.7757,-51.445556236405125,-2.163517210382972,36.910194940337426
2025-07-30 19:00:00,715,19.69929960896127,28.24628944237904,15.325213052666752,0.9733453948832252,417.4033709399486,1.892092212823193,20.544413,0.074,26.332166768589456,417.0342200642889,-410.60422,-77.27444785755841,-4.928345638874904,-49.44062419285186
2025-07-30 20:00:00,716,18.68777978538361,0.0,17.83074623708647,0.9773060818081716,421.3574221298297,2.2928814446650168,20.531923,0.074,0.0,420.9818299909946,-410.53445,-61.839333679937624,-12.068460446679357,-63.46041848132552
2025-07-30 21:00:00,717,18.844784077757367,0.0,16.603909048537787,0.932323424316542,412.70280233750753,0.4146206362489564,20.533087,0.074,0.0,412.33537465928714,-410.54095,-45.71890223345814,-6.8308424706506266,-50.75532463466537
2025-07-30 22:00:00,718,18.66125412924509,0.0,16.707547329109293,0.9938089271770022,419.29826612533833,0.30009523080307576,20.525959,0.074,0.0,418.9244321899833,-410.5012,-43.71237285420661,-7.324964048900083,-42.61409489867028
2025-07-30 23:00:00,719,18.751320250736228,0.0,16.76452529584646,0.9488535308888952,414.6622871455963,0.6692167634029299,20.511555,0.074,0.0,414.29284597907963,-410.4207,-48.37760480968089,-7.7345751099114075,-52.24001875496579
2025-07-31 00:00:00,720,18.65902922476232,0.0,17.095107590986334,0.996111656778872,420.9423434306945,1.671004418173417,20.507488,0.074,0.0,420.56703717442673,-410.39783,-60.154357432657875,-10.586976920962165,-60.57212432763081
2025-07-31 01:00:00,721,18.96139379821705,0.0,16.119755553284957,0.9017226576045656,408.1732007089146,1.932089277517171,20.50268,0.074,0.0,407.8101356356635,-410.37103,-71.9287390411473,-9.268661449987507,-83.75829757031502
2025-07-31 02:00:00,722,18.030506442618616,0.0,17.558098791980445,1.0,419.5288401780642,1.499842691150343,20.499537,0.074,0.0,419.1529544805142,-410.3535,-54.98559591494427,-13.870550904332212,-60.056677446184146
2025-07-31 03:00:00,723,17.8388055303285,0.0,17.030265669599235,0.6971195067295054,385.52662797266464,2.9023865419699866,20.486427,0.074,0.0,385.1806891551423,-410.28018,-79.09653183287217,-19.843578731286573,-124.03960329378205
2025-07-31 04:00:00,724,18.29749197843421,0.0,15.754078772688628,1.0,414.54279391319295,1.3900855434892212,20.4687,0.074,0.0,414.1721493885668,-410.18112,-67.3799183012906,-11.763940509285133,-75.15283124818079
2025-07-31 05:00:00,725,17.969968921364284,9.584162457493267,16.64208751725711,0.9957469210663372,415.4833562758196,1.289798886548709,20.470394,0.074,8.948847644619988,415.1109190194711,-410.19067,-59.369696144541265,-13.371064785895953,-58.871668094471104
2025-07-31 06:00:00,726,17.603726241720437,34.748449327904055,17.310371466666197,1.0,416.3181567634293,2.3899823904751547,20.481728,0.074,32.455051672262385,415.94390042245857,-410.2539,-69.47170474267386,-19.754794673368473,-51.08145357132141
2025-07-31 07:00:00,727,17.6171136731071,104.79464104374053,16.131326692241075,1.0,412.21690495098994,1.2423110834147724,20.48253,0.074,97.87819473485365,411.84637433578695,-410.2585,-63.69262028652672,-15.338411107335652,20.435023272481352
2025-07-31 08:00:00,728,17.96691512933222,262.07205245990434,15.613136375599284,0.9892671756652546,410.9254096720858,0.32741213962166554,20.490938,0.074,244.5860594661896,410.55704934299087,-410.30542,-51.89227222638974,-10.314930761212146,182.63048589970361
2025-07-31 09:00:00,729,18.561525763752,342.38118263661426,15.42263532041379,0.9849139603355076,412.9258135438369,1.532132191057355,20.500195,0.074,319.43801255880214,412.55737468170094,-410.3571,-72.33177933255739,-10.782223563895379,238.52429816240968
2025-07-31 10:00:00,730,19.61107410496652,563.050621075402,15.28945786071076,0.40307828264639,368.8802410794418,1.1936119397862517,20.542677,0.074,511.57761688734047,368.5537803695819,-410.59448,-65.56596578081762,-4.592247102992946,399.3787019512368
2025-07-31 11:00:00,731,20.077987789606823,691.6318775146229,15.660390148973397,0.6751549629855496,390.50006576643005,0.5932193547804219,20.57872,0.074,634.4524276154912,390.155721435837,-410.7962,-52.06170199141969,-2.0329709225535364,559.7172725240737
2025-07-31 12:00:00,732,20.210561898476385,737.0886548676565,15.6303991568933,0.9268771020615844,415.9558559269155,0.3789496984325178,20.633852,0.074,685.0254744387303,415.5894413395431,-411.1045,-48.90110384212499,-1.5932253521516437,639.0160943964968
2025-07-31 13:00:00,733,20.81044214282156,555.0171878809925,16.343542382402383,0.517825222211006,384.938002254309,0.461267699419869,20.670261,0.074,506.10825740664416,384.6004821456632,-411.30823,-45.20859028906942,0.528113240516791,434.7200349646923
2025-07-31 14:00:00,734,21.024456816763177,487.0051581995373,16.586868809292252,0.7646578905633661,406.7449303034476,1.8405028869915534,20.705235,0.074,448.553899941518,406.3888789182461,-411.50403,-64.97249926275654,1.7708212798436476,380.2370725565387
2025-07-31 15:00:00,735,21.282936309809315,332.9147342270684,16.192025436481583,0.9761810457058596,429.8800623114296,2.0303210207561477,20.723095,0.074,310.41568828274575,429.5045094739245,-411.604,-71.02413663556749,3.220268669442627,260.5123258842953
2025-07-31 16:00:00,736,21.52761296183985,144.44458350968875,16.063383785141482,0.8572953644447278,417.0303099439925,1.7448982842850957,20.732792,0.074,133.68460906847696,416.66666993398786,-411.6584,-67.00176457033845,4.238934312528973,75.93006251418659
2025-07-31 17:00:00,737,21.613852935038608,127.95436155533844,15.939547810170264,0.8798665778594461,419.5106373191764,1.3445076721094988,20.741602,0.074,118.57620942682453,419.14507764230615,-411.70776,-61.197342601246284,4.1801974156550425,68.99637821166442
2025-07-31 18:00:00,738,21.43175360756902,75.93245897914895,16.469216494500063,0.7846118727956167,410.45666029469584,0.97279083224193,20.751982,0.074,70.00587022178877,410.0984876623028,-411.7659,-52.05425544904747,2.9498913986629267,19.234094175503877
2025-07-31 19:00:00,739,21.21259386386282,18.108745552434875,17.458353115963394,0.7655593376462363,410.82968367676,1.113408447023283,20.71256,0.074,16.679706162622463,410.4705787522344,-411.54507,-47.47624340707336,2.279056118263668,-29.591976836843465
2025-07-31 20:00:00,740,20.83712325729016,0.0,17.862414800878657,0.9366879529820332,428.6233253346054,1.8334013103887628,20.732283,0.074,0.0,428.247578717965,-411.6555,-54.95536876800322,0.5847818874797954,-37.77849522310532
2025-07-31 21:00:00,741,20.854835127312185,0.0,18.397561096759944,0.8785516087897827,423.8132120290127,1.8188469067649071,20.715496,0.074,0.0,423.4417329988131,-411.56146,-50.01789391263538,0.7736481649092859,-37.36397515125674
2025-07-31 22:00:00,742,20.309698409418218,0.0,18.52095519029467,0.5829586211419948,393.8495068478233,2.115893741687264,20.69379,0.074,0.0,393.5028320882413,-411.43997,-52.993894435846705,-2.319951929851137,-73.25098620128468
2025-07-31 23:00:00,743,20.3699044523957,0.0,18.396738209183432,0.8612840753068335,419.2215843871391,1.3198861315947623,20.67736,0.074,0.0,418.8527486273671,-411.34805,-44.43447854469652,-1.5309393219088767,-38.46072221775394
2025-08-01 00:00:00,744,20.131205686154203,0.0,18.694898236003976,0.9766030903172236,432.2721455739041,0.08592193809621905,20.675838,0.08,0.0,431.891123715695,-411.3395,-28.8126143454633,-1.8524261747741209,-10.113424861183027
2025-08-01 01:00:00,745,20.3024733400398,0.0,18.575456766384995,1.0,435.7775124691937,0.6746978305281562,20.659088,0.08,0.0,435.39391031213296,-411.24573,-35.66202470815861,-1.4764987579672644,-12.990340693055415
2025-08-01 02:00:00,746,20.24300044961933,0.0,18.132169986129597,1.0,433.9373658210994,0.22055414324869274,20.643839,0.08,0.0,433.5552074382597,-411.16034,-32.83948913619748,-1.4235777630684465,-11.86819881647499
2025-08-01 03:00:00,747,19.40779230513317,0.0,18.377398816950397,1.0,430.02052711698553,1.7536953668294961,20.635067,0.08,0.0,429.6393553246582,-411.11133,-50.67140338883239,-7.020853308358311,-39.1642294975325
2025-08-01 04:00:00,748,19.325083110870764,0.0,17.664955440609596,0.9760081839108468,424.1905207251471,0.6614162387570096,20.631498,0.08,0.0,423.8142747957371,-411.09134,-42.66138913973355,-5.616847441627573,-35.55530089695214
2025-08-01 05:00:00,749,19.244335417338448,10.33072639426416,17.6629325026292,0.9862208026781484,424.9747870268892,0.8451409795762616,20.588615,0.08,9.63935027842621,424.5976086713766,-410.85147,-44.7035551268009,-6.113796381248204,-27.431863505511945
2025-08-01 06:00:00,750,19.42049928918493,60.0549144885874,17.552571995839912,0.9090097464186404,416.4962954781553,1.8840754611653259,20.59021,0.08,55.750700463594626,416.1271480812032,-410.86035,-58.80828808112864,-6.8795229771222,-4.670314075953023
2025-08-01 07:00:00,751,19.22160701044868,143.2690017678545,18.07873478867504,0.7414472131115892,399.9657211808936,1.091293174945226,20.612055,0.08,131.8118244255441,399.61067638080374,-410.98257,-45.16935539976984,-6.785656527655236,68.4849144160322
2025-08-01 08:00:00,752,19.78826275103052,320.5688064322253,17.20736502189045,0.8363000889927451,409.4374012048364,0.6173638901355074,20.641651,0.08,296.3448030106979,409.0755454355294,-411.14822,-44.21111975048288,-3.5477911381362777,246.513213680655
2025-08-01 09:00:00,753,20.087415267082747,356.9528327371894,17.05075493407407,0.9130961602767698,418.8940066928543,0.8996529029168863,20.666405,0.08,331.45320474414194,418.5246514848681,-411.28674,-48.92092531267368,-2.592365673771621,287.1778220785023
2025-08-01 10:00:00,754,20.79129573158599,393.1273888027615,17.003270888751533,0.7587534943616765,406.3767793626871,0.6801318102370911,20.655636,0.08,361.9852675019639,406.02040862058897,-411.22644,-44.50770704510274,0.5502288500661606,312.82175749782874
2025-08-01 11:00:00,755,21.319150939852197,426.1930741973724,16.407245453978884,0.934076773155283,425.8256000580375,2.3318219805118683,20.70148,0.08,396.27196061532686,425.45369324166285,-411.48303,-73.49627970413164,3.7910898519046503,340.53743177820024
2025-08-01 12:00:00,756,21.617151238622228,551.6199729166981,16.46625497346682,0.1624843451167684,374.1342608356549,1.2380043728218706,20.81674,0.08,498.11641414428294,373.80825021667783,-412.1288,-56.67363606300576,3.7345315264889374,406.8567451271784
2025-08-01 13:00:00,757,22.447996831813555,832.7838435713836,16.247128155919953,0.1679200863485647,377.60632484970586,0.5116308852377242,20.842024,0.08,752.1006509151786,377.27938581231234,-412.27048,-44.63529636490884,5.718994563930322,678.1932576315905
2025-08-01 14:00:00,758,22.899009093077893,559.7978795925026,16.277417810144204,0.8378953751896239,423.249344013572,2.554322169027944,20.868752,0.08,517.5412706891431,422.88415289704693,-412.4204,-77.4001805903978,12.521860958724698,463.12669379826684
2025-08-01 15:00:00,759,23.26222711458689,286.0761041965597,15.03272063441486,0.7984499325013331,416.3271497692263,2.4472225422734812,20.852976,0.08,263.9319723925646,415.96892994447103,-412.3319,-85.70110270237686,14.35037914921807,196.21826960418935
2025-08-01 16:00:00,760,23.3120574215792,350.8292159474129,15.185327470843074,0.8772612308903046,425.6491660784465,3.3227066493902213,20.87327,0.08,325.0664869581022,425.28306506257064,-412.44574,-100.87818942791331,17.319849262803103,254.3454721094689
2025-08-01 17:00:00,761,23.68683748627177,158.43260328786502,15.359574323267292,0.6979806367438098,410.2354960900787,4.945252404495794,20.86344,0.08,145.47702523410078,409.8836628500418,-412.39062,-127.55191588044917,25.871936376675535,41.29008358036893
2025-08-01 18:00:00,762,21.191387289612067,58.83162757224554,15.7586948120158,1.0,430.6498510241417,5.149586914366409,20.843622,0.08,54.94874015247733,430.27335972151315,-412.27957,-131.3049064534272,3.44018865516269,-54.92218945747715
2025-08-01 19:00:00,763,18.95122936953044,8.295380152813095,17.38049381103304,0.9370075705876126,416.52999757905553,2.2889101403861516,20.822163,0.08,7.7144576015996575,416.15946990884413,-412.15927,-70.55756396642948,-12.243328414476203,-71.08623611069629
2025-08-01 20:00:00,764,18.941279389441945,0.0,16.977050995464953,0.94100849893496,415.5416686620716,1.558571106631697,20.803736,0.08,0.0,415.1719915231814,-412.05594,-63.346541023347655,-10.396702176856866,-70.62719039772622
2025-08-01 21:00:00,765,17.989112749863068,0.0,16.25999062194827,1.0,414.7234226951945,1.4939376597397496,20.78964,0.08,0.0,414.35172226956274,-411.9769,-70.30511927047495,-15.883695012305864,-83.81399020657744
2025-08-01 22:00:00,766,17.90059012447591,0.0,17.10069270524463,0.974180329474516,414.14149423685103,2.544575757597483,20.769161,0.08,0.0,413.7700583899657,-411.86218,-78.30895340249262,-20.268032775060036,-96.66911040477446
2025-08-01 23:00:00,767,17.93450597681357,0.0,16.953068173547763,1.0,416.90234028615833,1.5603931384897158,20.749445,0.08,0.0,416.52852743326736,-411.7517,-64.88212218500038,-16.21890212704316,-76.32420586315119
2025-08-02 00:00:00,768,17.879756329348652,0.0,16.801392577331455,0.9895544115849584,414.80935517195775,1.4757819384633726,20.733847,0.08,0.0,414.4372597160944,-411.66437,-64.80421719345047,-16.147783201789746,-78.17910835492708
2025-08-02 01:00:00,769,17.825006681883735,0.0,16.65053424204947,0.9791088231699168,412.7342897412119,1.3915083676698317,20.719664,0.08,0.0,412.3638971064443,-411.58487,-64.70556882071021,-16.078430780718065,-80.00497187974959
2025-08-02 02:00:00,770,17.77025703441882,0.0,16.500489822549007,0.9686632347548748,410.6770551344375,1.3076377055007002,20.706158,0.08,0.0,410.30835080540584,-411.50916,-64.57613011576221,-16.006317258134573,-81.78325184192845
2025-08-02 03:00:00,771,17.715507386953902,0.0,16.35125598445429,0.9582176463398332,408.6375623848005,1.2242527617083978,20.691212,0.08,0.0,408.27053190692607,-411.42563,-64.38724417117481,-15.919141292427,-83.46148221878512
2025-08-02 04:00:00,772,17.66075773948893,0.0,16.20282940413995,0.9477720579247916,406.6157224128294,1.1414599880879175,20.674591,0.08,0.0,406.2503513925271,-411.3325,-64.13896303672226,-15.816447939272223,-85.03754859713928
2025-08-02 05:00:00,773,17.606008092024013,0.0,16.05520676870469,0.9373264695097498,404.6114460209931,1.059398229379408,20.66103,0.08,0.0,404.24772012589074,-411.25665,-63.901204681132526,-15.726412732266986,-86.63655011954003
2025-08-02 06:00:00,774,17.551258444559096,0.0,15.908384775944471,0.926880881094708,402.6246438881329,0.9782514689844869,20.64637,0.08,0.0,402.26254884729497,-411.1745,-63.619208866659555,-15.62566690153545,-88.1568264326188
2025-08-02 07:00:00,775,17.49650879709418,0.0,15.762360134326295,0.9164352926796664,400.6552265637532,0.8982677155948078,20.629333,0.08,0.0,400.2947481679112,-411.07922,-63.2814018283758,-15.50860867425851,-89.5744859675356
2025-08-02 08:00:00,776,17.441759149629263,0.0,15.617129562961727,0.9059897042646248,398.7031044621588,0.8197874513195775,20.610432,0.08,0.0,398.3442285639456,-410.97354,-62.90315783511955,-15.380261078099455,-90.91273160903903
2025-08-02 09:00:00,777,17.387009502164346,0.0,15.47268979158055,0.895544115849583,396.76818785643576,0.7432870683347785,20.590273,0.08,0.0,396.4109003706276,-410.8607,-62.50315282387759,-15.24660354239869,-92.19954325150808
2025-08-02 10:00:00,778,17.33225985469943,0.0,15.32903756050447,0.8850985274345413,394.8503868722713,0.6694456592718312,20.573425,0.08,0.0,394.4946737760347,-410.76648,-62.15473151383459,-15.135206707698972,-93.56174393768637
2025-08-02 11:00:00,779,17.277510207234513,0.0,15.18616962062083,0.8746529390194996,392.9496114816078,0.5992469771585085,20.559551,0.08,0.0,392.59545881475304,-410.68884,-61.87147237823752,-15.048134898279933,-95.0129912352019
2025-08-02 12:00:00,780,17.22276055976954,0.0,15.044082733356344,0.864207350604458,391.065771496121,0.5341292097431574,20.543653,0.08,0.0,390.7131653613625,-410.59995,-61.61769523474841,-14.965965436504575,-96.47044037824988
2025-08-02 13:00:00,781,17.168010912304624,0.0,14.902773670651117,0.8537617621894162,389.19877656052574,0.4761813834240223,20.523766,0.08,0.0,388.84770312374746,-410.4889,-61.41152681425078,-14.889177712569788,-97.9418930046356
2025-08-02 14:00:00,782,17.113261264839707,0.0,14.762239214932226,0.8433161737743745,387.3485361456887,0.42832351241778444,20.504726,0.08,0.0,386.9989816362183,-410.38248,-61.373407939628585,-14.85675913221499,-99.61366224226592
2025-08-02 15:00:00,783,17.05851161737479,0.0,14.622476159087809,0.8328705853593328,385.51495954155786,0.39424735485698126,20.487753,0.08,0.0,385.16691025244563,-410.28766,-61.59370438688268,-14.892702135786159,-101.60715496162945
2025-08-02 16:00:00,784,17.003761969909874,0.0,14.483481306441016,0.8224249969442912,383.6979558498894,0.37770166333373667,20.471472,0.08,0.0,383.3513981381964,-410.19662,-62.135516867713456,-15.00913647549215,-103.9898799608686
2025-08-02 17:00:00,785,16.949012322444958,0.0,14.34525147072396,0.8119794085292494,381.897433976772,0.3809773488147853,20.455486,0.08,0.0,381.55235426386366,-410.1073,-63.049636436952206,-15.21728780213987,-106.8218697799159
2025-08-02 18:00:00,786,16.89426267498004,0.0,14.207783476051802,0.8015338201142077,380.1133026249378,0.40359206915689017,20.439287,0.08,0.0,379.7696873967868,-410.01697,-64.33395614053893,-15.515390274773782,-110.09662679196339
2025-08-02 19:00:00,787,16.839513027515125,0.0,14.07107415689682,0.7910882316991661,378.3454702858562,0.4425912340007017,20.422857,0.08,0.0,378.0033060933511,-409.9251,-65.94334880617645,-15.892349744176508,-113.7575023202831
2025-08-02 20:00:00,788,16.78476338005015,0.0,13.93512035806252,0.7806426432841244,376.5938452315963,0.4941103790588838,20.404806,0.08,0.0,376.2531186908601,-409.82443,-67.79426798487962,-16.324992096402976,-117.69057376346937
2025-08-02 21:00:00,789,16.730013732585235,0.0,13.799918934657995,0.7701970548690826,374.8583355064594,0.5546717561988264,20.386719,0.08,0.0,374.519033299175,-409.72342,-69.84488922914394,-16.806384182171406,-121.85565930159345
2025-08-02 22:00:00,790,16.675264085120318,0.0,13.66546675207185,0.7597514664540409,373.138848918361,0.6216382160929241,20.367067,0.08,0.0,372.80095779210546,-409.61374,-72.02725805514007,-17.316803541281978,-126.15684281798846
2025-08-02 23:00:00,791,16.6205144376554,0.0,13.531760685946704,0.7493058780389993,371.4352930299646,0.693155834168062,20.34421,0.08,0.0,371.09879979855214,-409.4862,-74.2841023455171,-17.838578316615937,-130.5100869182684
2025-08-03 00:00:00,792,16.565764790190485,0.0,13.398797622153412,0.7388602896239576,369.74757514955104,0.7679541479325294,20.31873,0.08,0.0,369.41246669338557,-409.34406,-76.597374360563,-18.36825898564868,-134.89722182860737
2025-08-03 01:00:00,793,16.201756527292673,0.0,14.199253889855209,0.9911302415758232,396.21257377072544,2.0089509656659796,20.293652,0.08,0.0,395.85244993740474,-409.20416,-94.80801300053243,-26.960757670020957,-135.1204833308049
2025-08-03 02:00:00,794,15.51877945714432,0.0,15.3910126256396,0.9886150352587408,396.8791105651636,1.461846594735257,20.2692,0.08,0.0,396.5164336504597,-409.06787,-75.14164645304396,-28.464494089700526,-116.15757798603478
2025-08-03 03:00:00,795,15.785946582144447,0.0,15.124958155459936,0.9250944218107816,390.2649748498891,1.612584325811423,20.243658,0.08,0.0,389.9090929539305,-408.92548,-79.05751421789662,-27.351381851232674,-125.42527918941755
2025-08-03 04:00:00,796,15.208365726555428,0.0,15.256117761087866,0.9394623914234268,389.2867058429616,3.151857991061956,20.22278,0.08,0.0,388.9300938221187,-408.80917,-104.45267786096636,-41.433340384807146,-165.76509800763918
2025-08-03 05:00:00,797,15.39558358624953,12.486282502785674,15.547662000596546,0.9267261884047722,389.94354000749007,1.7858704616633743,20.202312,0.08,11.60422092491515,389.58685421293245,-408.6951,-78.15146527211482,-30.899775689985493,-116.55526470120586
2025-08-03 06:00:00,798,15.57419307424624,85.88801195110605,15.641396915249883,0.9372578758527804,392.3495734182498,1.7620918779933907,20.175179,0.08,79.87459877314177,391.9911924633147,-408.54395,-76.02978520165826,-29.25735035246263,-41.96528963016443
2025-08-03 07:00:00,799,15.33723664272452,170.14967167073434,15.059855232649946,0.8726669728631944,382.27251576302046,2.8222808154661316,20.128408,0.08,157.6129339544393,381.92268557088806,-408.28366,-99.13994638472265,-37.313960249873126,-5.20194799794033
2025-08-03 08:00:00,800,15.656775213337028,298.6709874574958,14.548735151546731,1.0,395.7285965683696,2.01036257729899,20.332428,0.08,278.95870228530106,395.36736458705224,-409.42047,-93.44448176650789,-31.323140583692354,140.1379733307468
2025-08-03 09:00:00,801,16.22786418223569,401.3223375219208,14.026654460585467,0.9981828345750507,396.4671168574339,1.5948820986695567,20.353237,0.08,374.7855628986245,396.10683571385226,-409.5366,-89.435148391015,-24.961344395532016,246.95931524975788
2025-08-03 10:00:00,802,16.9064782324524,589.6174987805896,14.124687441964111,1.0,400.6717652964796,1.942965956098872,20.38101,0.08,550.7027438610706,400.3096003393514,-409.69156,-93.86084914988575,-22.192871114197416,425.2670650984482
2025-08-03 11:00:00,803,17.78974138188812,626.420329890322,13.581347058679317,0.9576306202816406,398.2704505997479,2.1014481387293933,20.41753,0.08,583.3451570040754,397.9129393746694,-409.89548,-100.40014468209326,-16.918304612121467,454.0441697896082
2025-08-03 12:00:00,804,18.28014530058863,689.6803941070445,13.725756748160574,0.7131051823583765,377.3479259579749,1.0999788302873807,20.484068,0.08,633.7061894059555,377.0104918285122,-410.26703,-78.29066353033467,-11.114044000176742,511.04494489536245
2025-08-03 13:00:00,805,18.717881577062485,789.4009923984437,13.010965977835347,0.7842550726715293,382.9269858787711,1.219340347593024,20.536045,0.08,727.7746556405933,382.58573018084735,-410.55746,-85.72965969739114,-9.323631165828544,604.7496303586115
2025-08-03 14:00:00,806,19.30984593317686,668.4635526794982,12.413878000585362,0.9441355906340064,399.6512217316739,1.2619510833248744,20.562038,0.08,621.9399658162349,399.29669951440263,-410.70285,-89.77004440241959,-6.359694453313167,514.404076133108
2025-08-03 15:00:00,807,19.61456487916223,408.102982477789,13.542849653243708,1.0,412.793214828785,0.8702699597335167,20.573559,0.08,381.1681856342549,412.4279008409144,-410.76715,-72.15407561326498,-4.324501985197101,306.3503579978009
2025-08-03 16:00:00,808,19.637709880949046,298.43325540309445,14.022618332530522,0.8678899264226522,400.0986255232247,0.6451461970812252,20.613073,0.08,276.36854216563694,399.7446096491872,-410.98822,-64.79442570260638,-4.1126198998373384,196.2178859975367
2025-08-03 17:00:00,809,19.998317147280886,251.351510537192,13.037680399338557,0.708162036091776,382.7471136648571,0.7762682355285185,20.601095,0.08,230.90109432119266,382.40939732555495,-410.9213,-72.67050225920892,-2.6037672979873747,127.11492692353563
2025-08-03 18:00:00,810,19.926627659563906,139.11395511264263,13.21742318062558,1.0,413.0537581896593,0.4913342770240727,20.596796,0.08,129.93243407520822,412.6890980945765,-410.89722,-65.46987767131529,-2.6522263681874123,63.602211333407
2025-08-03 19:00:00,811,19.753922192733683,28.053530653694,13.8249969463214,1.0,414.7709473181388,1.7860915907192354,20.572342,0.08,26.201997630550196,414.4042800917489,-410.76035,-88.56830441844606,-4.654570376518004,-63.37694253164937
2025-08-03 20:00:00,812,19.53882311109828,0.0,15.290160148713756,1.0,419.5931061809752,3.348739482637568,20.526491,0.08,0.0,419.2215558573957,-410.5041,-103.09973750037705,-7.677207726867028,-102.05947872531713
2025-08-03 21:00:00,813,18.838244030755504,0.0,16.72239465566848,1.0,421.0877614772417,2.877925679966853,20.517365,0.08,0.0,420.7128496003134,-410.4531,-80.73712819611536,-12.22845942388102,-82.70583250210485
2025-08-03 22:00:00,814,18.705297942522463,0.0,16.20645268906152,1.0,418.4716477123365,2.68855111374645,20.522022,0.08,0.0,418.0986788492593,-410.47916,-83.8196702385881,-12.824762542783443,-89.0249104262529
2025-08-03 23:00:00,815,18.354969135315287,0.0,16.06755100144934,0.9470659172595752,409.79707717814864,1.320529840113479,20.512447,0.08,0.0,409.43084018919035,-410.42563,-64.21728299268202,-11.48675823381579,-76.69882969941683
2025-08-04 00:00:00,816,18.11290043063326,0.0,16.042271147617633,0.7413736858903203,387.4734604573307,3.255639772728156,20.491539,0.08,0.0,387.12651890697055,-410.3088,-95.32928756200573,-18.813286642784053,-137.3248626708661
2025-08-04 01:00:00,817,17.705791847564228,0.0,15.579663531753976,1.0,410.6551727351767,1.4092920632153416,20.486082,0.08,0.0,410.28630203439457,-410.2783,-70.7771906377526,-15.449065582615255,-86.21824398089515
2025-08-04 02:00:00,818,17.41863042597356,0.0,15.73726657875574,1.0,409.6835545778072,1.3391028552518682,20.478493,0.08,0.0,409.3147282650406,-410.23584,-68.86107522458722,-16.879237116925456,-86.66142392022205
2025-08-04 03:00:00,819,16.959262488003446,0.0,15.80536134591136,1.0,407.4444131340647,0.7435046283285458,20.462988,0.08,0.0,407.076278976417,-410.14926,-59.45643761457666,-16.87343181642226,-79.40285192919131
2025-08-04 04:00:00,820,17.558443591403034,0.0,15.879340700880018,1.0,410.9710720495887,0.3088483846647143,20.444647,0.08,0.0,410.601491554936,-410.04678,-50.35545080434155,-11.918952562100543,-61.71969525877173
2025-08-04 05:00:00,821,17.230619625633267,11.124833185426963,16.283031762451976,1.0,410.6580886341165,0.9551154686419479,20.435188,0.08,10.390594195188783,410.28783981688366,-409.99396,-58.26765390963807,-16.146002414536667,-63.729179831633544
2025-08-04 06:00:00,822,16.96583835373042,73.18572574310039,16.806025682218877,1.0,411.0692206898033,0.5102311731595633,20.41305,0.08,68.35546784405577,410.69783061424204,-409.87042,-48.26048110811402,-15.50788405113298,5.414510935769581
2025-08-04 07:00:00,823,17.25061893525867,108.25688061858378,16.338790446086854,1.0,410.9677454685783,1.1014488182674183,20.400017,0.08,101.11192649775724,410.5972755565447,-409.7977,-59.52710422618942,-16.441597090547667,25.942801762955433
2025-08-04 08:00:00,824,17.68455556181641,153.30054424084432,17.149250349520166,1.0,416.2079663302095,0.2737927774800736,20.387308,0.08,143.1827083209486,415.8340456984938,-409.72665,-41.116384980026986,-10.944632194659016,97.22908279202198
2025-08-04 09:00:00,825,18.133568714315288,184.43323283135564,16.618051266389774,1.0,416.8119812862254,0.5048669165226868,20.38337,0.08,172.26063946448616,416.43883045059357,-409.70468,-46.72391306834107,-9.60442725166343,122.66644819859084
2025-08-04 10:00:00,826,18.21153906116251,221.36470513846305,15.908926306286643,1.0,414.6508288840948,1.185893796730199,20.38059,0.08,206.75463459932448,414.27983884182584,-409.68918,-61.82647955222696,-11.169122065440407,138.34969335668612
2025-08-04 11:00:00,827,18.870176503101675,311.88272973604785,15.686243787693185,1.0,417.4333522617338,1.5116014308578911,20.403303,0.08,291.29846957346865,417.06178650418735,-409.81592,-67.65446095611945,-8.369765278277985,222.52011187450856
2025-08-04 12:00:00,828,19.662359228662865,443.07495830078994,15.037715322426784,1.0,419.2776690895036,0.260115676066958,20.438766,0.08,413.8320110529378,418.90675420004413,-410.0141,-49.39961504894614,-2.8520013857717257,370.4730496971703
2025-08-04 13:00:00,829,20.269740864258665,508.0372699356912,14.20703930647014,0.9119313901185416,408.9657952181408,0.28540171563332145,20.480532,0.08,471.7106029421054,408.6057033238556,-410.24725,-53.27343089488913,-0.7591463556200982,416.036475597483
2025-08-04 14:00:00,830,21.5508063457072,533.9885049736636,13.947208592564076,0.5409969329821582,381.4985121772002,1.368221659862861,20.51044,0.08,487.32173688170604,381.1659144880286,-410.4144,-73.0854790814726,4.985791908406963,389.9735660033096
2025-08-04 15:00:00,831,22.32234948285412,550.1694291249061,14.497485441392778,0.7890976761415953,408.20640834528166,1.8287435702898986,20.540651,0.08,507.3422986534318,407.85263371034677,-410.58325,-76.21275587828183,9.371643347968947,437.77056788034065
2025-08-04 16:00:00,832,22.981827782379128,345.5073214868096,15.06029239166412,0.3946397485434586,384.259768240632,1.281189134381471,20.563559,0.08,313.8443719151696,383.9284288993515,-410.71136,-60.546808479558635,10.693013284564591,237.20764087343332
2025-08-04 17:00:00,833,23.144295884835856,313.96558365672433,15.884023148018269,0.0,378.0054351570613,1.665858273008086,20.576141,0.08,282.5690252910519,377.6798944547717,-410.78168,-61.14947370925359,12.58293731075708,200.90070610123337
2025-08-04 18:00:00,834,22.98860982814699,156.1543854994792,16.69235976958437,0.0,379.9250862125247,2.219627875556181,20.56595,0.08,140.53894694953127,379.5975016137828,-410.7247,-63.55960212552305,13.699326936678883,59.5514724467355
2025-08-04 19:00:00,835,22.099073653478055,29.62442645287672,18.0871656152565,0.3439121756343797,387.5141438396186,1.6851590458776116,20.573574,0.08,26.87115075351832,387.1777251427248,-410.76733,-46.870815362480286,7.80875265284751,-35.78052079776469
2025-08-04 20:00:00,836,21.86648304197638,0.0,18.258808635815008,0.1263147739817365,380.264030824381,1.9616780919850898,20.590961,0.08,0.0,379.9333147559059,-410.86462,-49.41136968018382,7.052123702503746,-73.29055524521168
2025-08-04 21:00:00,837,21.451470465955367,0.0,18.2506400925036,0.0,377.1594161946031,2.8186976017297165,20.570982,0.08,0.0,376.8303494451711,-410.75284,-59.91817953682138,5.924751085761368,-87.91591714065451
2025-08-04 22:00:00,838,21.239139095156474,0.0,18.031115439504116,0.4687929003687538,389.49068100919607,2.3967557499783334,20.565346,0.08,0.0,389.15029819493856,-410.72128,-57.296528668048374,4.186047227377296,-74.6814662047169
2025-08-04 23:00:00,839,21.19817176580352,0.0,18.11105467396617,0.2854435139409898,380.70027521376767,2.0708509308671035,20.567028,0.08,0.0,380.367469257793,-410.73065,-52.74274011765211,3.6556702374304866,-79.45025247789738
2025-08-05 00:00:00,840,21.043423595199897,0.0,17.71498194584992,0.2940917794708556,379.04956747726186,2.405840574746536,20.56088,0.08,0.0,378.71780833169225,-410.69635,-60.65258350209504,3.020794179036782,-89.61033108902225
2025-08-05 01:00:00,841,21.0413058966256,0.0,18.372744427897214,0.0506381161513319,375.6609605079576,1.3420621074330825,20.550165,0.08,0.0,375.3321618262614,-410.63644,-42.15619345090011,2.386974405938833,-75.07350131049672
2025-08-05 02:00:00,842,20.009149021000667,0.0,19.46887096291843,0.1243340777630643,374.506585956007,0.6563270466791982,20.535898,0.08,0.0,374.1761683938446,-410.55664,-28.998019156591077,-2.1848486160749276,-67.56334000382142
2025-08-05 03:00:00,843,20.332040156979478,0.0,19.6516132467138,0.1974449285527103,378.10325132215496,0.23567774753368928,20.514767,0.08,0.0,377.77049434805843,-410.4386,-23.546052721568486,-0.6451769244188749,-56.85933393074143
2025-08-05 04:00:00,844,19.888380057804056,0.0,18.83981258251678,0.0,371.1865643730422,0.27812852303410057,20.499052,0.08,0.0,370.8587690216571,-410.35074,-28.80256192713687,-2.2388459291508584,-70.53337736002125
2025-08-05 05:00:00,845,20.70456303321191,21.446286624881463,18.563682405749127,0.2215247037595477,377.51950878134346,0.6393917116976022,20.48081,0.08,19.39248295065507,377.18822218677684,-410.2488,-32.81042231357354,0.8918804883726746,-45.586646502222095
2025-08-05 06:00:00,846,19.626874988652677,130.97259895636574,19.27139260038073,0.872074196662764,419.090336220012,1.8276148235012517,20.47365,0.08,121.31830135947263,418.7194848636918,-410.2089,-41.089323714695055,-4.866522262868339,83.87304742333538
2025-08-05 07:00:00,847,18.983219856055825,179.2824952471803,17.498012825658094,0.8407491947141043,406.5489671979068,1.6280280260085676,20.460566,0.08,165.7750965304285,406.1874083165298,-410.13577,-54.850354519104286,-8.276043980160992,98.70033364261486
2025-08-05 08:00:00,848,19.24746213517949,233.0555495012813,17.34957872488292,0.6320303814842674,388.4625915806543,1.2759919550610863,20.47226,0.08,213.41099573085538,388.117827320911,-410.20105,-51.13038774977808,-6.236929309312088,133.9604561879887
2025-08-05 09:00:00,849,19.605770168063827,477.0486016296693,17.272478296655542,0.6493864362209635,391.4330187861065,0.4886714022512086,20.528803,0.08,437.1422876883837,391.08658449143974,-410.51703,-41.14415386699688,-3.693110632176232,372.87457887205653
2025-08-05 10:00:00,850,21.2719055918609,678.2347493797412,17.981954134840496,0.1409504426267784,376.7459822325599,0.7284576098483748,20.582163,0.08,612.1596488105549,376.4168204945014,-410.8153,-37.49089857787939,2.770327695688375,543.0405908056778
2025-08-05 11:00:00,851,21.70865516597496,820.7283556219716,16.994574308526477,0.024917808721318,374.6341088829802,0.6008394213870165,20.640957,0.08,739.0075689907541,374.3078928260507,-411.1443,-41.38699990272889,4.034219293295786,664.8183940979967
2025-08-05 12:00:00,852,23.37409838198164,828.5508824645894,16.021761779812582,0.7807570535278795,418.9424736662804,0.7444596555296024,20.724422,0.08,763.7352638883339,418.58231220943026,-411.61154,-46.306890468963765,9.732606967391785,734.1317508481454
2025-08-05 13:00:00,853,24.479359528374744,728.4825294162101,17.759435062936834,0.4656777302670818,405.1997838668867,1.259314998980632,20.861462,0.08,663.1516639987185,404.854365922114,-412.37952,-42.9539928427885,15.086573364008558,627.7590938404902
2025-08-05 14:00:00,854,25.193423150962246,647.607274488187,18.611402541266106,0.7484694008023388,434.8826149934643,1.295630555523272,20.996416,0.08,596.0146499895266,434.5139034411843,-413.13702,-38.330752924593455,17.249964321355748,596.3107409016919
2025-08-05 15:00:00,855,24.61559815516296,335.49845016786844,19.454499579267416,1.0,464.0389833023565,1.9713743140874909,21.084301,0.08,313.3555524567891,463.6438176397459,-413.6307,-42.30099913796928,18.0879802949348,339.1556444663912
2025-08-05 16:00:00,856,22.77763974937369,124.74608604353628,22.01144673484911,0.9970926837524224,460.7719739548405,2.2028030850484948,21.168568,0.08,116.48825386706733,460.37403693948517,-414.10474,-26.61711604326383,9.306551327340426,145.44698976250405
2025-08-05 17:00:00,857,21.988787195168243,90.99518700726244,23.186524371224657,0.977812369683621,456.9132539173985,1.1580402020775347,21.223291,0.08,84.85519488575574,456.51624990970464,-414.41266,-13.514660912742546,3.496120708445343,116.94024589975687
2025-08-05 18:00:00,858,22.800929060608723,48.72245176071122,19.02784254513605,0.986458252784252,450.0352285215296,6.027935925300666,21.132343,0.08,45.46250386009725,449.6466335419763,-413.90097,-97.3408899468535,18.023136749054583,1.8904137452902567
2025-08-05 19:00:00,859,22.22249974553455,6.376352067689396,18.2760543157294,0.9942350940899388,445.0878917994085,3.7020825905394017,21.102383,0.08,5.953027541939829,444.7018573608141,-413.73245,-79.04518558453177,8.788134741274193,-33.33461833308179
2025-08-05 20:00:00,860,21.666894586539456,0.0,16.434652430324405,1.0,435.9450373130182,6.788946658038325,21.057512,0.08,0.0,435.56531203506694,-413.4803,-152.92357616802343,7.3118706805926195,-123.52667909689512
2025-08-05 21:00:00,861,21.092274812800213,0.0,16.236310590765658,0.9064069906182324,420.7318392694896,4.875500036775092,21.024023,0.08,0.0,420.3637370762376,-413.29202,-124.27074423517465,0.6541189368563117,-116.54491092715885
2025-08-05 22:00:00,862,20.55280425928788,0.0,15.640651309007074,0.8860953563683487,413.28531502829975,3.6528293626635167,20.99468,0.08,0.0,412.92221659137533,-413.1273,-111.35546359510268,-3.5665450428459926,-115.12708086493271
2025-08-05 23:00:00,863,19.995501171759656,0.0,16.219334586520404,0.921594997583592,416.3754088912493,3.751283812588667,20.956724,0.08,0.0,416.0080126520647,-412.91412,-106.51998810321012,-7.975606513796442,-111.40170550009813
2025-08-06 00:00:00,864,19.21825190928007,0.0,16.852274980984625,0.7504357695926471,396.77980232645433,3.3103228026198654,20.90415,0.08,0.0,396.42757643513306,-412.619,-92.37815931981585,-13.238292689246256,-121.80786361103841
2025-08-06 01:00:00,865,18.91009554298256,0.0,16.80429149868265,1.0,421.7815012062109,2.5935782730731587,20.845331,0.08,0.0,421.4061817986611,-412.28912,-81.40845933403094,-13.462379320550369,-85.75378039107643
2025-08-06 02:00:00,866,18.393194279763406,0.0,15.949213169665706,1.0,415.7982082465984,1.97793774181972,20.782679,0.08,0.0,415.4267188797368,-411.93793,-80.06360399045288,-14.890197515212794,-91.46500987202259
2025-08-06 03:00:00,867,17.573135524980614,0.0,15.221788818656185,0.6823430928411599,376.84974720061456,2.1059939025046535,20.726274,0.08,0.0,376.510890515794,-411.62195,-90.38219642544135,-20.627433770474564,-146.1206879223094
2025-08-06 04:00:00,868,17.308452855220025,0.0,15.33379318628509,0.8792720267935453,394.1343990352815,1.4501215134207748,20.676678,0.08,0.0,393.7792647017786,-411.34412,-77.41662873879574,-19.264956365555243,-114.2464366135099
2025-08-06 05:00:00,869,16.803871015892867,13.493719305386168,14.807133867976816,1.0,402.8320613836942,1.5263093758431063,20.64101,0.08,12.60313383123068,402.46765027896646,-411.14462,-84.16306560928255,-22.66580245104719,-102.90270675286695
2025-08-06 06:00:00,870,17.017666933976557,94.63184754526958,14.930755753472512,1.0,404.45803533213257,1.4767671951648702,20.609856,0.08,88.38614560728178,404.09276688092524,-410.9703,-81.10099156911247,-20.821345757806228,-20.413731235196053
2025-08-06 07:00:00,871,16.949546552098695,197.13119467957884,14.855091575850722,1.0,403.7990570827896,2.2950088319204633,20.555923,0.08,184.12053583072662,403.43418875423316,-410.66855,-96.14062389809978,-24.792480067098737,55.9530720357769
2025-08-06 08:00:00,872,17.09572374686536,284.7313445172395,14.785574348299686,1.0,404.3127209678167,1.868555797599581,20.715912,0.08,265.9390757791017,403.947807291762,-411.56384,-91.27116228090935,-22.867113616279294,144.1847644002375
2025-08-06 09:00:00,873,17.377347807210754,453.64218118158726,14.735476778096071,0.9629311798859204,401.3414197834032,1.9191953645954458,20.692043,0.08,422.59918315814446,400.97998676726127,-411.4302,-91.54879525079427,-20.969867854824155,299.63030052095917
2025-08-06 10:00:00,874,17.985934786976713,665.1642783210075,15.058535389442516,1.0,410.1831223793494,2.6798748385750373,20.808044,0.08,621.263435951821,409.81548211490497,-412.08008,-103.07477146853726,-20.417351723109366,495.50671675007925
2025-08-06 11:00:00,875,19.22587657921042,744.1577348681125,15.432088096172516,0.6399135340302504,382.51809441460216,2.903762871147931,20.863182,0.08,681.6461196895743,382.17854894282806,-412.38925,-100.93447922961965,-11.966821206942276,538.534116486856
2025-08-06 12:00:00,876,20.38015686116978,773.6646627003925,15.186234572392994,1.0,423.8472177050653,2.2268886520569326,20.94236,0.08,722.6027949621665,423.4743418707181,-412.8334,-89.31229010295064,-3.4964116788482786,640.4350305100701
2025-08-06 13:00:00,877,21.21255645160022,703.8848008239664,15.490140925272064,1.0,429.71276958650816,2.011524869999342,21.028267,0.08,657.4284039695846,429.3371589079507,-413.31586,-81.74166015418719,1.0683666034316062,592.776412393186
2025-08-06 14:00:00,878,22.137325950805348,692.9927985765158,15.342383161055142,0.9749136025107876,431.2169858566789,3.9934085152974093,21.092363,0.08,646.1020451148714,430.8427368764166,-413.67618,-119.2736958947534,8.613304923762813,552.6082130417818
2025-08-06 15:00:00,879,22.387273804279232,578.8236176629248,15.437220813027432,0.8959410033806696,423.64347397715255,3.130148766190169,21.151552,0.08,536.9115271310754,423.2765038766976,-414.00894,-102.29514550971487,8.739448475817095,452.6233923234846
2025-08-06 16:00:00,880,22.54976586115538,432.14045813171526,15.911303753589662,0.8212738775298024,418.2023669253996,3.0388542077189475,21.213032,0.08,399.16355947201623,417.8405619826229,-414.35495,-96.32455546984976,9.268305437951595,315.592921471569
2025-08-06 17:00:00,881,22.64526364838196,275.600985913695,16.04798893990761,1.0,440.0476793170657,1.5473192586538302,21.239376,0.08,257.41132084339114,439.6672541186693,-414.5032,-68.18727204472552,6.972981253293034,221.36107982492481
2025-08-06 18:00:00,882,22.5252868768128,124.67493600481444,16.345287101031015,0.6293215442803912,401.8569782379872,1.0092657121306516,21.23769,0.08,114.15367653363955,401.50924902683596,-414.49374,-56.83432641133315,5.503810226268455,49.838665478926444
2025-08-06 19:00:00,883,21.97444860018203,23.714583321311693,17.602048039961783,0.4371648620997906,390.06235722872,1.5936674916658582,21.24715,0.08,21.568666505405776,389.7234014005093,-414.54703,-58.80556846790539,3.7433535060962213,-58.31717464378472
2025-08-06 20:00:00,884,21.38487243911345,0.0,18.221345837801508,0.0,376.7444711091704,0.5350397663145007,21.196115,0.08,0.0,376.4155974909078,-414.2596,-39.99570307970429,0.7277197152189547,-77.11199891068689
2025-08-06 21:00:00,885,20.2246188806281,0.0,17.29908007126071,0.0,368.3139880313652,2.6757112473790867,21.152414,0.08,0.0,367.9895764009039,-414.01373,-80.20084446312582,-6.380576950312903,-132.60557792269108
2025-08-06 22:00:00,886,19.66368533839227,0.0,17.140866585231603,0.8350566849568772,408.411738232861,1.561647600151267,21.139137,0.08,0.0,408.05043963340745,-413.93906,-65.45274314805411,-8.136157363579095,-79.47751727471012
2025-08-06 23:00:00,887,19.36309695042064,0.0,17.07090050592954,0.0508632019230999,363.6329237007001,1.4780002878066447,21.123327,0.08,0.0,363.3104861033802,-413.85016,-65.15160521505658,-9.606149895142066,-125.29742769822471
2025-08-07 00:00:00,888,18.936713548118064,0.0,17.561895022972216,0.3190435625810917,369.1823000304367,0.6849158167776993,21.091389,0.08,0.0,368.85385376422096,-413.6707,-49.93008907960302,-9.670244145920613,-104.4171642757558
2025-08-07 01:00:00,889,18.46293386553037,0.0,17.759076974517765,0.5042561057495009,376.8291177885301,1.3660918259538386,21.071972,0.08,0.0,376.492628009944,-413.5614,-58.96401159259618,-14.266238356227973,-110.29902330606767
2025-08-07 02:00:00,890,18.091113934300665,0.0,17.64720435930267,0.2442319313718243,362.7605718308844,1.1170129628514065,21.045067,0.08,0.0,362.43570276407905,-413.41034,-56.679004063872775,-15.37437604915444,-123.02801670441691
2025-08-07 03:00:00,891,17.597628138286836,0.0,17.28098379938681,0.8525778602110197,399.6681512518899,1.6008941907368357,21.013096,0.08,0.0,399.3088455654438,-413.23065,-67.37436263961007,-20.24215610635806,-101.5383250359931
2025-08-07 04:00:00,892,17.4130499822233,0.0,17.206785538965583,0.1954036301792776,356.9267297802195,1.818532330444693,20.999203,0.08,0.0,356.6053848694757,-413.15265,-71.48643813983298,-22.393598589463018,-150.42730078560155
2025-08-07 05:00:00,893,17.247444178342676,18.5325833051855,17.051272668594027,0.3985165502719634,362.9289139940472,1.6327773522747613,20.968346,0.08,16.836122348814396,362.60174089886556,-412.9794,-69.96257643176865,-22.41959070722493,-125.92370452607925
2025-08-07 06:00:00,894,17.393355977012902,125.61891390839476,16.9745604694358,0.5885248068376159,374.6795814684799,0.5716039889218997,20.92192,0.08,114.83786486720601,374.34220142365024,-412.71884,-53.39145119992354,-16.211932118597282,6.857841419601051
2025-08-07 07:00:00,895,17.65254811422426,284.82360889854624,16.772523494675312,0.0635581932142685,354.6993258433288,0.43020040197549414,20.910538,0.08,256.65909784683254,354.38058464539296,-412.65482,-51.85952353151661,-14.19924571963884,132.32609756724187
2025-08-07 08:00:00,896,18.2574436132806,444.0784324090579,17.0685057507864,0.4618472300809635,371.1886186056123,0.26086418872762496,20.937159,0.08,404.2041293538639,370.85663344171076,-412.8043,-46.38068792625058,-10.794319942511594,305.0814641553281
2025-08-07 09:00:00,897,19.147562424124544,597.9881481900554,16.892918016641573,0.4994054223077839,377.2439431526559,0.8440956984381868,20.986555,0.08,544.955791117952,376.9088752224359,-413.08154,-55.160809977369304,-8.53036246467685,445.09195092959175
2025-08-07 10:00:00,898,20.01224015964567,676.1881991278356,15.477352683790237,0.257315464231838,365.5640432517768,0.5163738144884351,21.051407,0.08,611.964018354292,365.2415231980262,-413.44583,-57.527688759165805,-4.218051371203524,502.01397012312077
2025-08-07 11:00:00,899,21.344079643951037,786.5387404109146,16.129163115789673,0.6097376419728566,393.426989024762,0.3487746523480275,21.1097,0.08,719.6134421457552,393.0834445393591,-413.77362,-47.99719277475029,0.8442315359659301,651.7703048408613
2025-08-07 12:00:00,900,22.372040024979924,800.5219920430405,16.88187046068192,0.2281912285507091,380.83558202346336,1.0903427190795978,21.168991,0.08,723.9751662135895,380.50565451835155,-414.10712,-54.206561039439684,5.289551717117021,641.4566947103997
2025-08-07 13:00:00,901,23.7556955860872,810.4295743967161,17.656964016627356,0.1805856743665151,388.9683861193822,0.8329735549537204,21.266907,0.08,732.1215448683731,388.6349679262816,-414.6582,-43.49776424800501,9.505695891697263,672.106241313347
2025-08-07 14:00:00,902,24.12149985369382,734.1126349325823,19.15506500549765,0.1438872084072385,394.595835759452,0.9714806131762833,21.342094,0.08,662.6362755130219,394.25853770250205,-415.08185,-36.74179976949804,10.97160851266967,616.0427738141644
2025-08-07 15:00:00,903,24.685416757039604,628.6881956209822,19.73415650348434,0.1226605853061767,398.80069736474746,0.3814941325497589,21.417978,0.08,567.2159902721568,398.4612678291735,-415.5096,-26.538300127581497,10.067338666473054,533.6966836031124
2025-08-07 16:00:00,904,25.36540089333181,476.57437360879794,20.118157343826542,0.0116716022717921,402.4103658963862,0.49851662447943085,21.501915,0.08,429.01205189512893,402.06963133679994,-415.9833,-25.718849511034076,12.070081565758418,401.4496084018876
2025-08-07 17:00:00,905,25.84281543391478,314.44159098927094,20.01421140388208,0.0,404.5874292965445,0.5349875710709889,21.555412,0.08,282.9974318903439,404.2460906383446,-416.2854,-26.339667833666585,13.262133300091405,257.88058760448826
2025-08-07 18:00:00,906,25.638506449650777,148.441564007564,20.601979402954026,0.0,405.1949888878643,1.6152561958733054,21.56679,0.08,133.59740760680762,404.8526073236248,-416.34973,-34.8656327276393,18.540772607147133,105.77542336462774
2025-08-07 19:00:00,907,24.58814926279348,25.06152470651473,20.51442671992076,0.0,399.489749012119,2.1495750197326617,21.581963,0.08,22.55537223586326,399.1494809311851,-416.4354,-42.675857252118796,16.39600143640971,-21.01039693577008
2025-08-07 20:00:00,908,24.355476588793067,0.0,21.555524465913383,0.0,401.11460608523566,1.5646663562147767,21.598436,0.08,0.0,400.77234743772607,-416.5285,-29.78724132062187,13.044812447680927,-32.49858485318363
2025-08-07 21:00:00,909,23.649575026568986,0.0,22.875264634413536,0.0,400.84755123322174,0.17854700538913412,21.589384,0.08,0.0,400.5036714673434,-416.4773,-13.025495065627823,6.260395952626547,-22.738722567532882
2025-08-07 22:00:00,910,22.705576160664062,0.0,24.073801429312898,0.0,398.8555946162424,0.4531842394114328,21.572777,0.08,0.0,398.51093995424486,-416.38348,-8.723433152120846,4.046595593491151,-22.549381491103585
2025-08-07 23:00:00,911,22.763083759847746,0.0,22.345556307549305,0.0,394.9290314409881,0.27415101096285677,21.520267,0.08,0.0,394.5879203406979,-416.08688,-16.31956942661154,4.121662695084243,-33.696869935751266
2025-08-08 00:00:00,912,22.2223736948593,0.0,22.310172679739217,0.0,392.0664050438517,0.2334589238905523,21.463417,0.08,0.0,391.72635696782766,-415.76596,-16.228562399124918,2.5446661888765676,-37.72349993578007
2025-08-08 01:00:00,913,22.765519338499644,0.0,21.322592331200184,0.0,392.3065202840343,1.091670709847065,21.41298,0.08,0.0,391.9676806520088,-415.48135,-27.138602018401066,5.9116048650124,-44.74067026114547
2025-08-08 02:00:00,914,22.22581281514772,0.0,21.74583232838113,0.0,390.6515585970119,0.5789321087888737,21.3674,0.08,0.0,390.3127466096842,-415.22443,-20.70395584667571,3.2521290975640076,-42.36350640895874
2025-08-08 03:00:00,915,21.364230949268176,0.0,21.11825740174874,0.0,384.6657634060636,0.2887039199833311,21.335585,0.08,0.0,384.3299215329094,-415.045,-22.56301514889302,0.10201660177347663,-53.17609044194452
2025-08-08 04:00:00,916,20.70286860688532,0.0,20.26401697194845,0.0,379.10459191728114,0.9285906966924844,21.304476,0.08,0.0,378.7719099965405,-414.8698,-34.12179450133132,-2.7190508365543913,-72.93874735306396
2025-08-08 05:00:00,917,20.304559556720903,18.06756821921284,20.299911527159825,0.0,377.2234290175066,1.0508433132566326,21.290827,0.08,16.260811397291558,376.89137566854305,-414.79297,-35.46692468369147,-4.686620059430734,-61.7943264272876
2025-08-08 06:00:00,918,20.62986432022035,129.76032369483264,19.900620178889497,0.0,377.7639216283978,0.9036789211427552,21.27964,0.08,116.78429132534937,377.43222893273827,-414.72986,-36.142537115829185,-2.921294706610046,40.42283003721092
2025-08-08 07:00:00,919,20.562492990618807,294.0370737844264,19.068322387814867,0.0,375.13364995283234,0.9959650305697386,21.258085,0.08,264.6333664059838,374.8040949849743,-414.60852,-42.75264880910498,-3.217595094438703,178.85869697960192
2025-08-08 08:00:00,920,21.118374433017664,464.2357100787855,18.20843477874982,0.0,375.39444514525024,0.8643816586707039,21.235666,0.08,417.81213907090694,375.0660752539773,-414.48224,-45.56105206119187,-0.5096557487229935,332.3252677454382
2025-08-08 09:00:00,921,21.609423556608704,617.3541715985104,18.31458568460366,0.0,378.12821624109824,0.6590826578191527,21.311693,0.08,555.6187544386594,377.7987057696078,-414.91058,-41.99064866018843,1.190367828601462,477.7065958805864
2025-08-08 10:00:00,922,21.89980722416658,737.0981153275495,18.57807143572656,0.0,380.3411846483506,0.15405308054334532,21.372383,0.08,663.3883037947946,380.01048634401246,-415.25247,-33.72982740643811,1.7360171219992708,596.1525079305401
2025-08-08 11:00:00,923,22.65447222996852,816.2069617227547,18.67176740915589,0.0,384.3801492920416,0.7805947885757072,21.450575,0.08,734.5862655504793,384.04787266821097,-415.69345,-41.05057279227443,4.802853176892434,666.6929676755738
2025-08-08 12:00:00,924,24.34055717841989,844.9688532419035,16.30955405342854,0.0,385.3737963949978,0.2961749045158131,21.568151,0.08,760.4719679177132,385.0449314701259,-416.35727,-43.235873314984985,8.486270321923149,694.410027107668
2025-08-08 13:00:00,925,25.41063600673607,817.467907355587,17.081436877873763,0.0,393.3333211901699,1.1119293662799918,21.618761,0.08,735.7211166200284,393.000386911703,-416.64337,-51.59462107768482,14.954694712310317,675.4382055843256
2025-08-08 14:00:00,926,26.13313059033328,738.856978720079,20.66757473719591,0.0,407.97144777888894,0.6437014687831834,21.721975,0.08,664.9712808480712,407.62801072744213,-417.227,-25.469743099696938,14.173891965995413,644.0764506957179
2025-08-08 15:00:00,927,26.11531896573337,625.8801316522004,20.70741244109769,0.0021548181700971,407.9904256034857,0.37050926440644427,21.80265,0.08,563.3150703995393,407.64692622613245,-417.68356,-23.149595377483404,12.38749519835026,542.5163332141168
2025-08-08 16:00:00,928,27.640999220397877,478.01633106356144,18.59083098581237,2.775557561562892e-19,409.7050452491496,0.6424000166984881,21.862782,0.08,430.2146979572053,409.3640552536655,-418.02426,-33.688513656784295,17.088103238232158,404.95408131770944
2025-08-08 17:00:00,929,27.705613226348248,311.11208470937424,20.53910150396678,0.0,415.9240697133646,1.4145625319260589,21.903608,0.08,280.00087623843683,415.5780721663624,-418.25546,-33.948313245892706,23.02254046840112,266.39771298082326
2025-08-08 18:00:00,930,26.696389053430494,145.65933015325788,22.43095421632717,0.0,415.7732985543699,1.5201938935506725,21.926075,0.08,131.0933971379321,415.4247825525158,-418.383,-24.76162929903743,20.506157492111264,123.87971227805303
2025-08-08 19:00:00,931,26.33575180762142,23.392149616458997,21.32876107166131,0.0,410.881209323769,1.0729782853592262,21.957146,0.08,21.052934654813097,410.535853127347,-418.55914,-28.359014194151786,16.5668610449535,1.2374915665555903
2025-08-08 20:00:00,932,25.339619527414754,0.0,22.59033095009083,0.0,408.98291897286265,1.643296248415054,21.967451,0.08,0.0,408.6365513631772,-418.6175,-26.529549945232354,15.918211430308677,-20.592279827527722
2025-08-08 21:00:00,933,24.040477135389835,0.0,24.394315487650665,0.0,406.6034965425966,1.195267759439632,21.940077,0.08,0.0,406.25571933376955,-418.46222,-12.391789076347873,9.174341704531574,-15.423947276328
2025-08-08 22:00:00,934,23.58877768619089,0.0,22.655061704843,0.0,399.9781095104606,0.07744789353252352,21.925318,0.08,0.0,399.6348160206734,-418.37866,-16.152081565223053,4.956431666838291,-29.93949598708638
2025-08-08 23:00:00,935,23.647008810657667,0.0,21.205192602355787,0.0,396.5165768137131,1.6446620691618654,21.936977,0.08,0.0,396.1764058352287,-418.44476,-38.40210819805096,8.60363148425189,-52.06683406216411
2025-08-09 00:00:00,936,23.53942562111104,0.0,22.608754419276025,0.0,399.6049785237476,0.6770198909120596,21.953596,0.08,0.0,399.26187576765324,-418.53888,-21.025120748484195,5.998005439753288,-34.304118935608926
2025-08-09 01:00:00,937,23.430989887583,0.0,21.866086050834912,0.0,397.142925074331,0.87329106486037,21.95674,0.08,0.0,396.80165317224254,-418.55673,-27.14801590381706,5.98696441115936,-42.916130498149535
2025-08-09 02:00:00,938,22.56552136982896,0.0,22.484011403936417,0.0,394.2616043622231,0.8692272568581008,21.930162,0.08,0.0,393.9205528778207,-418.4062,-23.965081811060806,2.6759021314604157,-45.774815766623455
2025-08-09 03:00:00,939,21.550668254186576,0.0,21.960352133671087,0.0,387.7649932882076,0.7136840111498203,21.880817,0.08,0.0,387.4269320012053,-418.12646,-26.62724077855506,-1.3822193817673893,-58.70899300286718
2025-08-09 04:00:00,940,21.005516800087094,0.0,21.445638625043443,0.0,383.7056197170696,0.6296832043702278,21.83484,0.08,0.0,383.36968704949953,-417.8659,-29.286493648694808,-3.457469241942441,-67.24018160285647
2025-08-09 05:00:00,941,21.04997950939014,16.97960219541581,21.972157015451337,0.0,385.2617941944622,0.5509679702872551,21.796492,0.08,15.28164197587423,384.9246149388269,-417.64865,-24.86734434533134,-3.023480602738903,-45.333219156416014
2025-08-09 06:00:00,942,22.31476835160902,126.5234591653924,21.922752631029997,0.0,391.5581455531081,0.754325288467483,21.770254,0.08,113.87111324885316,391.2187794629299,-417.50024,-25.082497919576397,2.2202412382154892,64.72739188979712
2025-08-09 07:00:00,943,21.90760294364975,289.1154824992685,21.338745263778517,0.0,387.9833073908674,0.948267146677119,21.75506,0.08,260.20393424934167,387.64598467572876,-417.4142,-30.8140026072646,0.6719978705282411,200.29369910044338
2025-08-09 08:00:00,944,21.711701641332127,458.4315574292227,20.178148803243012,0.0,383.9120767762852,0.5323490766197344,21.768908,0.08,412.5884016863005,383.57778969124456,-417.49265,-34.20390067067061,-0.22296095963851864,344.246684483564
2025-08-09 09:00:00,945,22.7332333000312,608.0666842973519,19.343606150082927,0.0,386.7227142541402,0.8085319493882166,21.769146,0.08,547.2600158676167,386.38861464936934,-417.49387,-40.84286966502841,3.9245406627398425,479.2364355479006
2025-08-09 10:00:00,946,22.957278414834605,727.1627736252603,19.74984390734596,0.0,389.0057449178272,0.935635357689387,21.84474,0.08,654.4464962627343,388.6702500706623,-417.92188,-40.42914498860272,4.684042243312371,589.4497685881062
2025-08-09 11:00:00,947,24.588978158420105,807.6996531615264,19.04923859816303,0.0,395.2873393430355,0.6234919067550638,21.92947,0.08,726.9296878453738,394.95065281952276,-418.40222,-38.14912649819991,9.340918445988198,674.6699109329973
2025-08-09 12:00:00,948,25.294694195636623,838.1763166192043,16.197491184392305,0.0,389.7749958542202,0.541356799289032,22.029951,0.08,754.3586849572839,389.4447827161036,-418.97208,-50.69231308523781,10.7467992737343,684.8858774458683
2025-08-09 13:00:00,949,26.34550212547504,816.5673163053561,18.233099857203666,0.0,401.8291777892242,0.2559880044405713,22.151945,0.08,734.9105846748206,401.4914549856359,-419.665,-34.657650820056894,11.50686517147728,693.586245466955
2025-08-09 14:00:00,950,26.52939150658034,743.0449110832739,19.874883061919487,0.0,407.77254687481656,0.2252369739549454,22.28766,0.08,668.7404199749465,407.4303054558729,-420.4367,-28.26682961683208,11.429582714975462,638.8967719859941
2025-08-09 15:00:00,951,28.31485795386027,627.0868737457517,21.805687748683845,0.0,422.77829626750855,0.9513147560261159,22.42338,0.08,564.3781863711766,422.42820500629455,-421.2095,-26.462410494061093,19.69161444418659,558.8260921537685
2025-08-09 16:00:00,952,29.374355635661573,478.1782627129481,21.50369105454518,0.0,427.6806262678942,0.7773772872382537,22.537865,0.08,430.3604364416533,427.3292781391276,-421.8624,-25.432767145484362,20.08585207576188,430.480403270824
2025-08-09 17:00:00,953,28.37945448825189,309.35212618174467,24.31820361147153,0.0,429.7711417444887,1.1747546057901146,22.615122,0.08,278.41691356357023,429.4154325683304,-422.3032,-16.8726670596045,21.09614428326753,289.75263121689176
2025-08-09 18:00:00,954,27.69405984310481,140.9972211680567,25.295113709132885,0.0,428.4221812733111,0.7107289820706418,22.646881,0.08,126.89749905125105,428.06575582665835,-422.48462,-10.244675212432563,16.065509409354192,138.29946993420606
2025-08-09 19:00:00,955,27.596259495694767,21.53797586462925,24.21794664034925,0.128310234605169,426.42400521989816,1.5781497052151758,22.660252,0.08,19.43437914733011,426.06898070018906,-422.56094,-21.174552600786473,21.442458489883993,23.21032213310106
2025-08-09 20:00:00,956,26.84420247049127,0.0,23.757140015107456,0.0092400184651688,420.00220160735927,0.2804258972518073,22.67035,0.08,0.0,419.65053386553876,-422.61865,-15.54892346065137,11.602183278009694,-6.914858660852914
2025-08-09 21:00:00,957,25.325814917081857,0.0,26.851381373562,0.0,419.1296049686974,0.5204405407607626,22.654007,0.08,0.0,418.77460689370054,-422.5252,-3.011595820769823,9.016042410004644,2.253845963404107
2025-08-09 22:00:00,958,25.12647820562444,0.0,26.32734487533739,0.0,416.87645238210285,0.1540394840391913,22.621193,0.08,0.0,416.52282723726785,-422.3379,-4.676646917556986,7.324900965537319,-3.16680933975182
2025-08-09 23:00:00,959,24.771854906938643,0.0,26.18370389188987,0.0,414.6453847017304,0.3277402787881854,22.585846,0.08,0.0,414.2927016103126,-422.13614,-5.547812315173118,7.020349221785511,-6.370900399090655
2025-08-10 00:00:00,960,24.19893766224584,0.0,26.347857435007224,0.0,411.9483992820382,0.33311318213568086,22.55445,0.08,0.0,411.5964764375452,-421.9569,-4.653266813957954,5.458434289485557,-9.555265266614676
2025-08-10 01:00:00,961,23.462708289977456,0.0,25.98253596989205,0.0,407.2183293324444,0.9267248853204716,22.52151,0.08,0.0,406.86848439876997,-421.76907,-7.911023212880357,3.981619488213967,-18.829992812224553
2025-08-10 02:00:00,962,23.036498716483948,0.0,24.62186643716917,0.0,401.8679353027308,1.1324464166419996,22.50433,0.08,0.0,401.5215580102061,-421.67108,-17.742764658203356,2.435664973560752,-35.45662321740526
2025-08-10 03:00:00,963,22.40097221393944,0.0,23.92397645911971,0.1335621333985759,398.1248754551752,1.733398120972563,22.4688,0.08,0.0,397.7800464760473,-421.46854,-26.51264069763933,-0.37158886352803694,-50.5727194620732
2025-08-10 04:00:00,964,22.007891098261094,0.0,24.020263815029196,0.4190345734368313,406.9115835708682,1.8081089627245193,22.412756,0.08,0.0,406.5580771284006,-421.14902,-25.690106133438462,-2.2831652836867207,-42.564211622708946
2025-08-10 05:00:00,965,21.64331036437761,13.564222638070085,23.219461203046524,0.7550490075287324,429.2668387791134,1.8436418327201756,22.370996,0.08,12.487503108500897,428.8928625093331,-420.9112,-32.51339484333552,-4.181324947134913,-16.225548020292678
2025-08-10 06:00:00,966,21.6997144939138,94.9426305979038,22.079489491594448,0.689589944643564,420.2544183104548,1.4461410733262678,22.36735,0.08,87.14709567726638,419.88845274409846,-420.89035,-38.395533981057824,-3.4799262795343076,44.269737818975855
2025-08-10 07:00:00,967,22.03112179776588,218.9665496949544,20.51055653000296,0.7511956354762631,423.48740766516994,1.9223414545699844,22.361538,0.08,201.54821696554967,423.1195666618352,-420.8573,-56.11013548849799,-1.90837181080169,145.79197652339772
2025-08-10 08:00:00,968,22.53825024264341,370.19245582120834,18.51079758670116,0.0,383.3240175911036,1.880190577655292,22.333502,0.08,333.1732102390875,382.9923580840372,-420.69763,-71.14553820703863,1.1508408654622824,225.47323914561088
2025-08-10 09:00:00,969,22.847450080189788,601.8773226027181,19.870172070213297,0.0,388.7871989528104,1.6464641667755149,22.387869,0.08,541.6895903424463,388.45161002276217,-421.0073,-56.58146044537698,2.420205761548925,454.9726519802086
2025-08-10 10:00:00,970,23.587836195635703,722.1032900666521,19.023880991802606,0.0,390.1152202826802,1.7590618597222045,22.448626,0.08,649.8929610599869,389.78038950885247,-421.35355,-64.34950020994368,6.023904198363516,559.9942084146811
2025-08-10 11:00:00,971,24.080124010362567,798.6318600145253,19.24733661898499,0.0,393.2708965644776,1.430894783717412,22.524279,0.08,718.7686740130728,392.9346248488584,-421.7849,-57.44658592269467,7.435239823831374,639.9070406536929
2025-08-10 12:00:00,972,24.583883001143025,827.4788018837005,21.23607248023176,0.0,401.4455333974064,2.1772973007180085,22.631166,0.08,744.7309216953305,401.1035883470643,-422.39484,-52.840563821378794,11.10389218040588,681.7030019756407
2025-08-10 13:00:00,973,25.59267330472187,806.699388728963,20.36436729478696,0.0,404.28495649355096,2.089617909047678,22.715757,0.08,726.0294498560667,403.9432250171138,-422.87814,-58.40754671410885,15.53332184947952,664.2203066980043
2025-08-10 14:00:00,974,26.32016855761492,734.776108019948,21.51530018909253,0.0,411.31016403739903,2.021860067118221,22.869553,0.08,661.2984972179532,410.9644065067673,-423.75787,-49.291011783572884,17.95549404953632,617.1695124555279
2025-08-10 15:00:00,975,26.25236579069337,619.5323063493389,21.68104130028425,0.0,411.4021441517684,1.5716736084893435,23.024885,0.08,557.579075714405,411.05613171327246,-424.64755,-44.75646665153491,15.018137756412608,514.2493260423207
2025-08-10 16:00:00,976,26.50829558183858,469.5200241603279,21.345856127885657,0.0,411.84141040985736,0.9755202241701562,23.139227,0.08,422.56802174429515,411.4956988474818,-425.30353,-40.031988533617344,12.947844314854935,381.6760485409833
2025-08-10 17:00:00,977,26.576469489544536,302.4856234715471,22.24073506003357,0.1928424684922119,417.2493410589731,1.031027805096009,23.214052,0.08,273.3345252314698,416.89927049491683,-425.73315,-36.280638904895916,13.171805583795887,241.39180810841168
2025-08-10 18:00:00,978,26.358687894246145,120.84884344565155,23.11668160053404,0.5590463718865802,437.84556040864646,0.4429932775829322,23.2328,0.08,110.35807261683968,437.47760387406856,-425.84082,-25.47643903937851,9.966194235022948,106.48461137405266
2025-08-10 19:00:00,979,26.20525824186564,15.92029158265504,21.618092426619658,0.5598718318796463,432.88223269845713,0.4280730571857302,23.208374,0.08,14.538697149806007,432.51802438278395,-425.70056,-32.51579650971176,9.56798474018663,-1.591651760372672
2025-08-10 20:00:00,980,25.60545668936004,0.0,21.71472421616516,0.416464079210084,420.1096414185511,0.47416078634237063,23.134533,0.08,0.0,419.7545682094934,-425.27655,-33.00354256431575,8.28010168010314,-30.245422967687947
2025-08-10 21:00:00,981,24.38599158418151,0.0,21.781201864318437,0.0,401.87067800198906,3.1491696622549745,23.065256,0.08,0.0,401.52785401725873,-424.87906,-67.77664081340603,9.352847693203257,-81.77499794083467
2025-08-10 22:00:00,982,23.512931459901893,0.0,22.31736868806305,0.0,398.7278898010815,2.423692355840825,23.062305,0.08,0.0,398.3854707098638,-424.86224,-55.070093712703446,2.8342387780233214,-78.71262787716009
2025-08-10 23:00:00,983,22.98283355439179,0.0,21.6855251157944,0.0,394.3677144276659,2.5122594684000426,23.100637,0.08,0.0,394.0276618334401,-425.08215,-63.85156876480836,-0.7671000370371497,-95.67316028871791
2025-08-11 00:00:00,984,22.266425752618545,0.0,21.086286078805824,0.0,389.1426440223768,1.917230742354246,23.093126,0.08,0.0,388.8052460940971,-425.03906,-62.650123199562664,-4.84546311976215,-103.72940272522774
2025-08-11 01:00:00,985,21.71196925535355,0.0,20.49786295064454,0.0095628549294254,384.7825497404824,1.5829390925670024,23.046097,0.08,0.0,384.4475053918267,-424.76917,-63.18467344440188,-7.359136348052508,-110.86546943969016
2025-08-11 02:00:00,986,21.206666099895187,0.0,20.26400945133609,0.0679398910932954,381.914989028157,1.5604253064107798,22.97516,0.08,0.0,381.581143069693,-424.3626,-64.72262091802816,-9.84560147145016,-117.34968918306657
2025-08-11 03:00:00,987,20.6228171216996,0.0,19.66840586314393,0.3187838430202979,383.61085881706686,2.1269385473880695,22.89314,0.08,0.0,383.2740138970591,-423.89273,-78.87482887355205,-14.542066463133214,-134.0356121525168
2025-08-11 04:00:00,988,20.12375155504003,0.0,19.38591965708366,0.511234409013417,390.4709683817901,1.727379786835632,22.836994,0.08,0.0,390.12677185422,-423.5715,-75.10854894200803,-16.177293288341613,-124.73057306167651
2025-08-11 05:00:00,989,19.7099949059068,12.967826228890086,18.74580060283732,0.5269047687127104,387.5172638115352,2.3058254143045165,22.802132,0.08,11.82874931122663,387.1745726224156,-423.37195,-91.52581803413177,-21.00562757809561,-136.9000719207726
2025-08-11 06:00:00,990,20.05748646295024,99.04720321761948,18.464688561809865,0.5355326560904115,389.0309433648995,1.4654242706373908,22.775845,0.08,90.37396300314283,388.6878399737454,-423.22165,-77.71012463164175,-15.274231593658447,-37.14420241833387
2025-08-11 07:00:00,991,20.18763207376253,246.55726913002104,17.77413547148878,0.3566949860972549,377.5559537750707,1.7702302273009338,22.752466,0.08,223.72114064334633,377.2233064673957,-423.08798,-88.73513400009323,-15.366150633812683,73.7551802991017
2025-08-11 08:00:00,992,20.66699689314362,426.2526938876203,17.563444499152993,0.1167407050109832,372.1225998029828,2.0405366840934533,22.9076,0.08,384.52580071524494,371.7959542784129,-423.97556,-97.56787994159755,-14.08481442468589,220.6935052074525
2025-08-11 09:00:00,993,21.165372591092023,594.353645890266,17.632960917260394,0.0220318930342865,373.9370395011342,2.0627847317960484,23.004549,0.08,535.1433713928133,373.61006313608385,-424.53104,-97.75127186959043,-11.477912076977518,374.993214205376
2025-08-11 10:00:00,994,21.920336783007883,716.6637077617718,18.38329071111217,0.0,379.8707874327238,1.634951764947214,23.095959,0.08,644.9973369855946,379.5405503290623,-425.05518,-82.03153568524993,-6.530553009175294,510.9206228389816
2025-08-11 11:00:00,995,22.94583812621425,797.1695452035219,19.099829453995586,0.0,387.0927501737776,1.6710667482309995,23.142006,0.08,717.4525906831698,386.7588758847144,-425.31943,-74.83543413860771,-1.0633011269415062,602.9933038121005
2025-08-11 12:00:00,996,23.747238133109533,825.3111099019338,19.82912839939961,0.0,393.24555177925873,1.7977584704769836,23.216776,0.08,742.7799989117404,392.90844546505406,-425.74875,-70.33224069087231,2.8919914386204653,642.4994463452457
2025-08-11 13:00:00,997,24.65365194560826,797.8785308186991,20.69023547149018,0.0,400.31628501332057,1.3631866588496824,23.258987,0.08,718.0906777368292,399.9754830618343,-425.99127,-55.28313568472358,6.582620388576549,643.3743735298602
2025-08-11 14:00:00,998,25.42728654419807,724.9754194384697,21.524480974586723,0.0,406.6287871365898,1.0305744078309418,23.323034,0.08,652.4778774946227,406.28464253457116,-426.3595,-44.09041026832769,8.734059639191516,597.0466723297452
2025-08-11 15:00:00,999,26.18996575757717,608.3457215774823,22.086431668171485,0.0,412.16112381108553,1.2718163656680974,23.401995,0.08,547.5111494197341,411.81430916879765,-426.81387,-43.327287239215934,12.101773310454238,501.28607136875445
2025-08-11 16:00:00,1000,26.68716972049833,459.8925447300104,22.29379168419696,0.0,415.3599201507549,0.5784949589937987,23.503546,0.08,413.90329025700936,415.0117263900207,-427.39847,-33.33826166465459,10.683221291006829,378.86150825580427
2025-08-11 17:00:00,1001,26.80376931979288,293.611918259307,22.680617848505165,0.0,417.0063044786287,1.0564516125934489,23.619137,0.08,264.2507264333763,416.6570385095854,-428.06482,-38.46903326111198,12.687057861808382,227.06097020772054
2025-08-11 18:00:00,1002,26.544622407846877,131.4015795915587,23.41739117817321,0.0,417.52196110251367,1.4108627790366417,23.711073,0.08,118.26142163240281,417.1715774206386,-428.59528,-39.68598731301217,12.79357117916356,79.94530704028654
2025-08-11 19:00:00,1003,25.88175110549372,18.0960099866812,22.86604831414269,0.2029899299832685,415.4574470933503,1.228720074541009,23.76735,0.08,16.3559091356693,415.107041198857,-428.92023,-43.076526597705104,9.32298257406868,-31.210820739891332
2025-08-11 20:00:00,1004,25.37350961980883,0.0,23.33628147240944,0.2810209073121635,416.5839607696788,1.2892776814477547,23.754343,0.08,0.0,416.231246675789,-428.84512,-41.35109295783555,7.4173337818463745,-46.54763579121579
2025-08-11 21:00:00,1005,24.960450856023044,0.0,23.577679245636816,0.0367426151462617,409.5730862137736,0.6284773742030937,23.69464,0.08,0.0,409.22521723051847,-428.5005,-32.13048019069424,4.782146874819546,-46.62360436660623
2025-08-11 22:00:00,1006,24.51547071121331,0.0,23.993822586661853,0.0531811567824468,408.34363903701046,0.6850019388570983,23.640144,0.08,0.0,407.99563688245445,-428.18597,-30.354322475542183,3.4355110012071357,-47.109148712974346
2025-08-11 23:00:00,1007,23.619667084067487,0.0,25.28022507988384,0.0,406.4551997344249,1.181219537614645,23.603678,0.08,0.0,406.10642949964756,-427.97562,-27.00170280633531,0.07574061255964237,-48.79514914920623
2025-08-12 00:00:00,1008,22.92757520227337,0.0,24.37990477893768,0.0,400.73291671290224,1.3717671026528226,23.57775,0.08,0.0,400.3872291294913,-427.82623,-35.717248839931074,-3.323231773158352,-66.47948439375439
2025-08-12 01:00:00,1009,22.53152335869157,0.0,24.05427025675745,0.0,397.9059105815165,1.3123748286488606,23.531126,0.08,0.0,397.5616167448646,-427.55743,-37.50104390339523,-5.096152188488836,-72.59301342905073
2025-08-12 02:00:00,1010,22.389850572973444,0.0,23.549365023805795,0.0,395.9698454847918,1.012323515154635,23.498419,0.08,0.0,395.6268537346642,-427.36896,-37.93537758325955,-5.236846836769766,-74.91432820489635
2025-08-12 03:00:00,1011,21.942387497120706,0.0,23.224973608074816,0.005041088379585,392.8867777156295,1.1937160952493007,23.47716,0.08,0.0,392.54528325835486,-427.2466,-42.66906200298718,-7.737824073318988,-85.10821536677943
2025-08-12 04:00:00,1012,21.45704300166443,0.0,22.99451173844894,0.0,389.844821312407,1.1803312511610202,23.441723,0.08,0.0,389.5047013279977,-427.0424,-44.527469514468486,-10.13719419515596,-92.2023512976424
2025-08-12 05:00:00,1013,21.68912969510285,13.630817917814234,22.831706781116694,0.0,390.6330091575085,0.3590115989446869,23.391218,0.08,12.26773612603281,390.2928107338788,-426.7517,-35.107367391050005,-6.766548303234633,-66.06507781874804
2025-08-12 06:00:00,1014,21.959909076008277,118.66630993170828,22.536909861738906,0.0,391.29029455148265,0.6930482250096192,23.3645,0.08,106.79967893853745,390.95023361605405,-426.59805,-40.12911960984498,-6.1229939449744135,24.899746021256487
2025-08-12 07:00:00,1015,21.963519635141097,278.60450878927736,21.663127258204828,0.0,389.1044846624057,0.38211423232139874,23.334564,0.08,250.74405791034962,388.76633275965094,-426.42584,-41.19240465720832,-5.407764625017421,166.48437910261856
2025-08-12 08:00:00,1016,22.02575128181394,447.3679245310675,21.508303564483583,0.0,389.0219813113692,0.48646556254180423,23.34747,0.08,402.6311320779608,388.68406299891296,-426.5001,-43.61551251950736,-5.382407577606064,315.817183427026
2025-08-12 09:00:00,1017,22.403289215722797,599.0014464754975,21.526533803494427,0.0,390.9903710453862,0.548245641966903,23.397078,0.08,539.1013018279477,390.6517275235156,-426.7854,-44.24875890096549,-4.067113526294776,454.651756533578
2025-08-12 10:00:00,1018,22.747224626536426,717.0697906612622,21.72455477160028,0.0,393.2608778612066,0.40155048105047003,23.455208,0.08,645.362811595136,392.9211662493805,-427.12006,-41.025834279024615,-2.723291491591528,567.4147959215567
2025-08-12 11:00:00,1019,23.561058607807126,796.0539950194507,21.052564888064968,0.0,395.6657037895388,0.15489571804149582,23.519672,0.08,716.4485955175056,395.32603953562887,-427.4915,-40.07662616788214,0.14000825285721272,644.3465315424064
2025-08-12 12:00:00,1020,25.79244061185568,826.9804286101721,21.56612532829976,0.0,408.66151747968127,0.04067765271154995,23.610043,0.08,744.282385749155,408.31660987033536,-428.0124,-32.06366824746255,6.186609809745151,698.7095470450541
2025-08-12 13:00:00,1021,26.95600604591345,803.1730035924584,21.798168164972,0.0,415.46052524909646,0.3486628681649363,23.699125,0.08,722.8557032332126,415.11295392150686,-428.52637,-34.03727554916824,9.900629545514839,685.305643963566
2025-08-12 14:00:00,1022,27.51000655421228,729.9340146390487,23.168567151348025,0.0,422.0845325416175,0.3999371706330132,23.782667,0.08,656.9406131751438,421.7328924283619,-429.00873,-28.249678912505317,11.25602951534898,632.6711281790056
2025-08-12 15:00:00,1023,28.420526366992192,613.3901044986171,23.240957467929803,0.0484314729831769,427.39289225990336,0.8391808480908659,23.870918,0.08,552.568652678821,427.0392606077411,-429.51883,-32.65667220677533,15.670851201053393,533.1032629351371
2025-08-12 16:00:00,1024,29.408033433800824,446.1599834266582,22.696670949453267,0.3277453973871512,439.0508690342335,2.026754087305096,23.938265,0.08,404.5170454950626,438.69027091865195,-429.90842,-50.67203442645151,26.444226485581147,389.0710917247974
2025-08-12 17:00:00,1025,28.78209791495499,275.9935900860687,25.016499155455094,0.3912798580373853,445.0266525080572,1.885988613113573,23.979652,0.08,250.6765950621361,444.65942835750695,-430.14792,-33.88476262943985,22.925050037826797,254.22839212685815
2025-08-12 18:00:00,1026,28.31676894022428,126.92425017407136,22.47800160729193,0.1932618119820726,427.3228594244881,1.4056026457090063,23.991488,0.08,114.69343424038021,426.9690100144543,-430.21646,-46.34159328442243,18.299359471001168,83.40374925977267
2025-08-12 19:00:00,1027,27.341665861791626,16.8816247586161,24.567253755542183,0.0,424.7161820566269,1.266145499592823,24.029415,0.08,15.193462282754489,424.3619001643966,-430.43613,-33.50046682685252,14.029984508643313,-10.351246580042496
2025-08-12 20:00:00,1028,27.013998563896,0.0,21.801419920830675,0.0,415.778880405289,1.969871560298828,24.007137,0.08,0.0,415.43119504070535,-430.3071,-62.68837287411138,15.6889414955205,-61.875334726557405
2025-08-12 21:00:00,1029,26.823598623414853,0.0,20.320105620384712,0.0,410.61503584559614,1.3751162955928216,24.008854,0.08,0.0,410.2711744472006,-430.31702,-63.7201608515104,12.586230946878052,-71.17977205899423
2025-08-12 22:00:00,1030,26.18527735209568,0.0,21.46454518417969,0.0,410.4580990797394,1.6382566266407603,24.02681,0.08,0.0,410.1127051891949,-430.42093,-62.11348878448404,10.66171060302432,-71.76000194734294
2025-08-12 23:00:00,1031,26.34776036801861,0.0,20.25305082688663,0.0,407.91779573452567,2.859355357915857,24.030243,0.08,0.0,407.5749615296979,-430.4409,-93.87654084420822,15.09915707020258,-101.64330969547964
2025-08-13 00:00:00,1032,26.508839711170765,0.0,19.70231621592243,0.0,407.1572316100307,2.5480872897342928,24.021572,0.08,0.0,406.81545348939653,-430.3907,-92.42223976496982,15.108813599196324,-100.88865871153321
2025-08-13 01:00:00,1033,25.814195964120245,0.0,20.387868772129163,0.0,405.5083376217251,1.8576163199564162,24.003582,0.08,0.0,405.1661477490939,-430.28644,-74.80421794016857,9.582732095850726,-90.34177608350518
2025-08-13 02:00:00,1034,24.41425090989952,0.0,23.088629473855004,0.0,405.3796055719041,0.29434088262461944,23.953876,0.08,0.0,405.03386274206673,-429.99884,-34.64902719730347,1.6059681597617979,-58.008036627506186
2025-08-13 03:00:00,1035,24.072350136331693,0.0,23.638805735483963,0.0,404.94750815332526,0.8342191671882508,23.921768,0.08,0.0,404.6012316364154,-429.8129,-38.37784692423286,0.6408376142045632,-62.948674402128546
2025-08-13 04:00:00,1036,23.996477911579746,0.0,22.792071290158624,0.0,402.4466501527026,0.6214116846329981,23.88108,0.08,0.0,402.1023127024217,-429.5776,-40.55882675368231,0.4595712899885744,-67.57454896244388
2025-08-13 05:00:00,1037,23.21417613191977,12.68756028860484,21.87648922264672,0.0,396.0521074798818,0.7953998543586567,23.84766,0.08,11.418804259744357,395.7112074329709,-429.38437,-49.916761734191205,-2.7559540396854247,-74.9270729776457
2025-08-13 06:00:00,1038,23.018038459439424,116.34016523290268,22.18646736693276,0.0,395.8377458103377,0.846938081889221,23.831707,0.08,104.7061487096124,395.4965177615713,-429.2921,-48.81069592452225,-3.6222283520616743,18.47762793678728
2025-08-13 07:00:00,1039,23.13984612505891,277.37762894893103,19.817137187070674,0.0,390.1204174629808,0.9272035466871167,23.803291,0.08,249.63986605403792,389.78443180434834,-429.12793,-65.48104174294215,-3.0049540238557455,141.81037240408835
2025-08-13 08:00:00,1040,23.61986413625573,447.2690388913645,18.288865694839394,0.1686958797457957,389.9643680017549,0.7793096442488916,23.774498,0.08,403.9429853949004,389.6297486900047,-428.96164,-70.73768083131715,-0.6556932740399265,293.21772057525106
2025-08-13 09:00:00,1041,23.58747341450612,590.5178377928103,17.852570279415122,0.3414228950965883,394.24881749824647,0.6195404151011608,23.836956,0.08,535.5990873904145,393.9104379731243,-429.32245,-70.86132119500962,-1.0098778318256916,428.3158776062348
2025-08-13 10:00:00,1042,23.75526907546396,712.8111930771429,18.0547673322496,0.32875247308706,395.1847085168668,0.38948818704455895,23.921906,0.08,646.297474719327,394.8459606757177,-429.81378,-65.00883664049428,-0.6215620474288249,545.6992549688405
2025-08-13 11:00:00,1043,24.16047512578569,778.5783323303782,18.288844842267107,0.3432795383024797,398.6476554360879,0.5666620327552756,23.966501,0.08,706.2055405183587,398.306995276509,-430.07178,-66.99261330499732,0.7557085296791947,608.2038536757996
2025-08-13 12:00:00,1044,24.842907781505744,783.7099236125839,18.65765788146239,0.2870517908173523,400.9520181552648,0.1621891676616192,24.021845,0.08,709.8042276443184,400.61116662295717,-430.3923,-54.52402244085512,2.6664896669956057,628.1655580266192
2025-08-13 13:00:00,1045,25.84625406052828,774.6319940842708,18.027167193904912,0.1355018039296655,399.850655361988,0.7193189759655768,24.079807,0.08,699.0828630912724,399.51332177984887,-430.728,-68.07755623306466,6.72005998304882,606.5106917949336
2025-08-13 14:00:00,1046,26.571366939415498,736.4742072228298,20.22032950390411,0.0135668658787433,409.0110931912176,0.30915762344745723,24.17564,0.08,662.9978045857324,408.66792124140346,-431.28354,-46.753697786404956,7.541923394974589,601.1704126173462
2025-08-13 15:00:00,1047,27.978422156549527,616.6092544590734,18.74288027221124,0.0,411.95826585412544,0.48336285927596073,24.258987,0.08,554.9483290131661,411.6162703736294,-431.76718,-54.177675322888135,11.64555547242679,492.2652981398498
2025-08-13 16:00:00,1048,28.7543045020916,468.2760095827639,20.63008604448278,0.0,421.8056296372593,0.5507334966424551,24.313562,0.08,421.4484086244875,421.4574942849062,-432.0842,-45.07996466963601,13.701785145392021,379.44352538710285
2025-08-13 17:00:00,1049,27.84265562334747,295.6708791405688,22.59678407050671,0.0,422.3766411958284,0.3199042842418249,24.370121,0.08,266.10379122651193,422.02563826063266,-432.41272,-34.96157215104314,10.285688926989895,231.0408265365288
2025-08-13 18:00:00,1050,26.53276778948475,129.03912173003496,24.97226462523998,0.0,421.3098418087881,0.8046342827268161,24.36657,0.08,116.13520955703147,420.9562476381476,-432.39215,-31.566313953759213,8.322800084012282,81.45579244652585
2025-08-13 19:00:00,1051,27.043223990236243,15.635085617016642,22.51146335538066,0.0,417.8436469748772,0.9594140956187195,24.38949,0.08,14.071577055314979,417.49431209076033,-432.52536,-47.40028343154638,10.495428230214879,-37.86432616267804
2025-08-13 20:00:00,1052,26.304847283326296,-1.7763568394002505e-15,23.999383028531213,0.0,417.6983510816991,0.13519246138543758,24.387846,0.08,-1.5987211554602255e-15,417.3471827514578,-432.51578,-29.300072658574578,5.7670488968462035,-38.70161859816119
2025-08-13 21:00:00,1053,25.021718248645243,0.0,25.56520288397113,0.0,414.5690433301806,0.6355441156882895,24.352856,0.08,0.0,414.2170951610546,-432.31235,-28.399227984302335,2.6073589636538053,-43.88712127170331
2025-08-13 22:00:00,1054,24.846945674131405,0.0,24.06084070892732,0.0,410.0651771126366,0.3071337570920682,24.316813,0.08,0.0,409.71658914940616,-432.103,-33.00945256905485,1.8513549075391909,-53.544505338281375
2025-08-13 23:00:00,1055,24.26244408544881,0.0,23.939629199980438,0.0,406.6805557208386,0.24767510341978435,24.319384,0.08,0.0,406.33330145919075,-432.11804,-33.970204586420884,-0.20061053829592326,-59.95555565771356
2025-08-14 00:00:00,1056,24.121305459855023,0.0,23.054167193009302,0.0,403.75755289185673,1.1384351983391583,24.275295,0.08,0.0,403.41242294412046,-431.86194,-51.15139123605553,-0.7256461761060315,-80.32655294460359
2025-08-14 01:00:00,1057,25.081987495565272,0.0,19.77934894801734,0.1641186052734774,401.7904470990698,3.0234060664738993,24.216751,0.08,0.0,401.4495036613354,-431.522,-109.4063451761856,6.057426438421939,-133.42141825025635
2025-08-14 02:00:00,1058,25.514725324655387,0.0,18.99277123186632,0.1589167365148121,401.5922105559221,1.407455114142098,24.193151,0.08,0.0,401.25255422898385,-431.38516,-80.25021213196123,6.332512932773209,-104.05030732371979
2025-08-14 03:00:00,1059,25.039101007367776,0.0,20.07650573415077,0.2123219193274009,403.65990257969537,1.368920302316648,24.165478,0.08,0.0,403.3172610346117,-431.2246,-72.55955433512517,4.214589118090959,-96.25231355742251
2025-08-14 04:00:00,1060,24.29118282149267,0.0,19.045692343885115,0.0,393.75534930437817,2.6333816015874265,24.14491,0.08,0.0,393.41920526246736,-431.10532,-109.50649380696457,0.9685853200339032,-146.22401938657268
2025-08-14 05:00:00,1061,23.568853995334223,11.459961918771182,20.112602001047435,0.4125624154741412,404.5075499411989,1.2067501079379581,24.050123,0.08,10.415229730570346,404.16031600070846,-430.55597,-71.35869934259037,-2.3403905666004667,-89.67951341619329
2025-08-14 06:00:00,1062,23.950311424491588,110.4357930065211,19.01874941610432,0.0824676607631948,392.39299334328297,2.129859855354322,24.117947,0.08,99.55369779932195,392.05713949035027,-430.9491,-99.32907362305053,-1.008864343798713,-39.676197356864556
2025-08-14 07:00:00,1063,24.7980414689589,275.9964956681247,16.214431594363855,0.0,387.3389595888341,1.474394770823532,24.114677,0.08,248.3968461013122,387.0095680916278,-430.93018,-103.5621428380589,3.4156563824223345,104.32975195605346
2025-08-14 08:00:00,1064,24.12112940661717,445.3907497791514,18.58377938186071,0.1253750246274984,392.5590729952124,0.6878860650114844,24.117416,0.08,401.86445859346384,392.22351500139433,-430.9461,-70.18934488226135,0.015188750338663022,292.96771150590416
2025-08-14 09:00:00,1065,24.88526496196312,596.0190336299356,18.093778062469067,0.0,393.8991326208336,1.6474940893792984,24.125923,0.08,536.4171302669421,393.5643847404675,-430.99527,-93.39149671279878,3.9574896472295014,409.5522381664497
2025-08-14 10:00:00,1066,25.86718628909557,715.2121261765408,18.322586255050027,1.0,467.5799200027236,2.9104396837341184,24.223827,0.08,668.008125848889,467.1855093146773,-431.5631,-119.67097275534435,11.023191350222893,594.9827434068824
2025-08-14 11:00:00,1067,26.29257482615526,782.9104903891139,20.28101714404403,1.0,477.019015259964,2.9678803644793685,24.3108,0.08,731.2383980234323,476.61793745763487,-432.06805,-101.6688538645324,13.318156172707063,687.4375835900231
2025-08-14 12:00:00,1068,26.96322923698005,808.841591558706,19.64673714090765,0.0652105210423411,409.6725002762059,2.6816064301097953,24.382187,0.08,728.8843184515744,409.3297898651583,-432.48297,-101.46308748678375,16.086500348325615,620.3545499868683
2025-08-14 13:00:00,1069,27.2289788369078,782.6460573068591,19.951401539235757,0.7899800735390791,455.3551408659946,2.3294735478466873,24.4582,0.08,721.7541761050156,454.974978132596,-432.9248,-91.92065874880925,15.888625519114173,667.7723163204164
2025-08-14 14:00:00,1070,27.47771876285907,726.5530813786099,21.577340042616296,0.0,417.64300924513617,2.7620828251103586,24.536839,0.08,653.897773240749,417.2949846970654,-433.38245,-86.5350312062128,18.44361394927169,569.7188943918107
2025-08-14 15:00:00,1071,27.62807091882064,610.0389218518656,21.568798986051814,0.0163157714435694,418.44385053084966,1.805174757764211,24.60763,0.08,549.2056267235237,418.09555346894007,-433.79474,-70.01847746834562,15.098190339593575,478.5861542941805
2025-08-14 16:00:00,1072,27.7906563878729,459.2729225625393,23.10906710903583,0.046723357412607,423.6065645791176,2.4695929905277345,24.692978,0.08,413.719155624236,423.2544017283754,-434.2922,-69.85582734717144,18.145545247422003,350.971069442315
2025-08-14 17:00:00,1073,28.120214140348025,288.33100607139806,22.89039830711966,1.0,496.8547562524448,2.595896405066901,24.697762,0.08,269.30115967068576,496.4427218902052,-434.31998,-73.15961106834352,20.409640048732985,278.6739337346398
2025-08-14 18:00:00,1074,28.15708769762523,121.05993617506527,22.16760098177101,1.0,494.81588372187554,1.135871999525777,24.7033,0.08,113.06998038751097,494.4056539170152,-434.35236,-53.99917494208518,13.947113725319783,133.07121713072948
2025-08-14 19:00:00,1075,27.14001699701049,13.7356071659663,21.98442245140544,1.0,487.83105860535215,1.1873471570732992,24.717388,0.08,12.829057093012523,487.423509180574,-434.43442,-58.822310934902234,10.411449008421087,17.407286622496002
2025-08-14 20:00:00,1076,26.59117727287469,0.0,20.83058861588628,1.0,480.6874054527635,1.2611730616029913,24.72617,0.08,0.0,480.2841554590619,-434.48566,-69.49723863435919,8.389374780180937,-15.309365133397627
2025-08-14 21:00:00,1077,25.773958954527416,0.0,23.24752762046161,1.0,483.1744178315632,0.7337329520508898,24.724741,0.08,0.0,482.76656465114127,-434.4773,-46.709232719496,4.1513047555835305,5.731341765353796
2025-08-14 22:00:00,1078,25.411641221971426,0.0,23.425284940319116,1.0,481.4449002182448,0.5975353354973312,24.70529,0.08,0.0,481.0373876129679,-434.36392,-44.11077110728765,2.7132797304072054,5.275974116946838
2025-08-14 23:00:00,1079,25.24265646385743,0.0,22.529961620840822,1.0,477.72857204198976,1.1348935893332746,24.688086,0.08,0.0,477.3236854780488,-434.26358,-58.49778297657474,2.5376697964128714,-12.900008024378707
2025-08-15 00:00:00,1080,25.140460938797677,0.0,22.41948981336349,1.0,476.7634172972353,0.9623753603328667,24.721115,0.08,0.0,476.3590346439376,-434.4563,-57.05101161912449,1.8343253843234952,-13.313950418988387
2025-08-15 01:00:00,1081,24.87906395947914,0.0,22.86142031944814,1.0,476.4821391995352,0.1716442677267777,24.731066,0.08,0.0,476.07719056709635,-434.5143,-41.991904162573746,0.5009985953175439,0.07197225569952448
2025-08-15 02:00:00,1082,24.45027214636877,0.0,22.67962893413969,1.0,473.3054110504164,0.21437478504083016,24.730198,0.08,0.0,472.9018460714717,-434.50916,-44.631088111514124,-0.9855899383287157,-7.22398725180863
2025-08-15 03:00:00,1083,23.79593757101702,0.0,24.408794807013365,1.0,474.2594701805688,0.6004271819744795,24.709215,0.08,0.0,473.8530667132229,-434.38687,-41.51601622371558,-3.786601983840071,-5.836422832223362
2025-08-15 04:00:00,1084,23.009338556249418,0.0,21.789429955305696,0.525447914541483,413.302415751309,1.3839827696061144,24.725868,0.08,0.0,412.9461086909858,-434.48386,-74.58336373661164,-9.141552347917482,-105.2626635947152
2025-08-15 05:00:00,1085,22.7754919555822,10.80334356407909,22.399726200817028,0.5399845993420173,414.7157477730015,1.0224787069034496,24.703518,0.08,9.858859645190353,414.3575804448901,-434.3536,-63.67848319142973,-9.427409343119164,-83.2430596222028
2025-08-15 06:00:00,1086,22.680657256435552,107.11293955119116,21.708148361614807,0.1309618566168887,394.0231285895397,0.6073295778305171,24.67287,0.08,96.65682611357687,393.6825845730148,-434.17496,-60.890690827926065,-8.677736476126068,-13.403973892851067
2025-08-15 07:00:00,1087,22.724801614760736,271.95388514675665,20.87936863027299,0.0,390.9236759351658,0.2559113687172988,24.607292,0.08,244.75849663208098,390.5859251567998,-433.7928,-58.275234927511185,-7.291707656745568,135.98469356009284
2025-08-15 08:00:00,1088,22.69295988120905,441.05373223876745,19.90112201806575,0.0,388.0920320775777,0.2987236325986475,24.643225,0.08,396.94835901489074,387.75664582866693,-434.00208,-65.51393884747783,-7.688567166095061,277.5004236346722
2025-08-15 09:00:00,1089,22.985298697485177,593.5211512341045,19.60413525756674,0.0,388.736181541652,0.5820742009023536,24.700647,0.08,534.1690361106942,388.40099120116514,-434.33688,-73.57274967000608,-7.3265164411663575,407.33387765576504
2025-08-15 10:00:00,1090,23.678229481593576,713.5480520277837,19.06324221123344,0.0,390.6887518364282,0.41364867507512276,24.748257,0.08,642.1932468250053,390.35366055581375,-434.61453,-71.41645853381786,-4.204950829069677,522.3109655472283
2025-08-15 11:00:00,1091,24.77979200057393,791.1495349989677,19.34293612828233,0.0627596618740062,397.397539615981,0.8855274249176983,24.791939,0.08,712.9060156702775,397.0595473772428,-434.86935,-77.81523829396319,-0.05288034667247541,597.2280901588379
2025-08-15 12:00:00,1092,26.19246467506639,817.4655796868203,21.49727545092481,0.0074094114692881,410.5892773148829,0.6415594464630336,24.833921,0.08,735.8223725629176,410.2437918483955,-435.1145,-55.71497313343252,5.132424036955977,660.3691133617116
2025-08-15 13:00:00,1093,26.836980794114083,798.9835439762369,22.68395893185528,0.0,417.1930554069157,1.3250638544743778,24.88912,0.08,719.0851895786133,416.84372070170804,-435.43692,-59.89849478964532,8.895678234563587,649.489173559224
2025-08-15 14:00:00,1094,27.830744784580705,724.0103029039457,21.014038451710444,1.0,489.0060328466179,1.7313192636004255,25.099104,0.08,676.2256229122852,488.5996231974877,-436.66483,-80.40532958514243,13.536010842866743,661.2911019280441
2025-08-15 15:00:00,1095,29.81041479906617,498.9759450856831,17.90931869519798,1.0,490.1946630671127,3.2441456621145885,25.03522,0.08,466.043532710028,489.79326943236515,-436.29102,-136.01281057646088,31.34527423422377,414.87825017515604
2025-08-15 16:00:00,1096,28.491399315306523,253.1909186422652,19.07699306818745,1.0,486.3894757907564,6.439421609251484,24.972355,0.08,236.48031801187568,485.9872435742092,-435.9233,-206.5879352359153,38.703806205786094,118.66012322978384
2025-08-15 17:00:00,1097,28.163639754898668,159.02306863342258,17.80346894915225,1.0,479.5987244199781,4.468857572287794,24.998528,0.08,148.5275461036167,479.20113006984775,-436.07645,-176.04473834577186,26.819843954878795,42.42733524936827
2025-08-15 18:00:00,1098,26.83440235563853,90.78957709261928,23.03804347650737,1.0,489.1809195406311,3.85297616307871,24.98806,0.08,84.7974650045064,488.77129814493856,-436.0152,-101.72837826830695,14.6028846897287,50.42807181696047
2025-08-15 19:00:00,1099,26.25215889610189,11.2897077143123,20.74631396526051,0.6948021394673708,442.36990957000666,2.4031101288677097,24.968708,0.08,10.365073658850392,441.9978509088816,-435.90207,-99.30447694595186,7.838894160865676,-75.00472730915104
2025-08-15 20:00:00,1100,26.00398081512958,0.0,21.59966492913404,0.3390484269652522,417.87781266548086,1.7021123751433702,24.945818,0.08,0.0,417.52569183291257,-435.76828,-77.94387003602317,5.53206160107069,-90.65439663133678
2025-08-15 21:00:00,1101,25.40464303067341,0.0,22.58722956957102,0.0,409.318357571424,0.28373685630304957,24.932116,0.08,0.0,408.9718770951075,-435.6882,-46.467887201746485,1.6407079245704599,-71.54350408636539
2025-08-15 22:00:00,1102,24.76049848034029,0.0,23.25768757802977,0.0,407.625134732885,0.6780712977682066,24.914524,0.08,0.0,407.2783928384523,-435.5853,-50.61325988865482,-0.6325969714820711,-79.55276065254397
2025-08-15 23:00:00,1103,24.775450619120303,0.0,22.598678111374237,0.0,406.0332520092279,1.4768181453088685,24.893913,0.08,0.0,405.68790355781925,-435.4649,-68.284727650682,-0.6101478530122558,-98.67187673103125
2025-08-16 00:00:00,1104,23.889336565768872,0.0,23.930216375831208,0.0,404.6951295765089,0.38878636723607013,24.870577,0.08,0.0,404.3485847796694,-435.32852,-43.41014755548737,-3.8077707498959747,-78.19785525422957
2025-08-16 01:00:00,1105,23.49599897112978,0.0,24.130458133118616,0.1123888265795723,403.9789443643311,1.2542655014455728,24.844797,0.08,0.0,403.63197082430975,-435.17795,-54.99940694006544,-6.860936241454632,-93.40632035525721
2025-08-16 02:00:00,1106,23.005874399557115,0.0,24.198556024698288,0.0652186653145684,401.0036089254939,0.6521172835505143,24.815596,0.08,0.0,400.65789545669406,-435.00742,-46.55778095340785,-7.927990259679975,-88.83529152787813
2025-08-16 03:00:00,1107,22.44269855080097,0.0,23.74998127034382,0.2086101325368959,399.6582643605566,1.144232002349829,24.784534,0.08,0.0,399.31221823054847,-434.82626,-57.501460036666366,-12.005804926221455,-105.02131016007374
2025-08-16 04:00:00,1108,22.53008942258134,0.0,23.430669113836814,0.0330052154857882,396.4816117716384,0.15567817998857428,24.758457,0.08,0.0,396.13854655173924,-434.674,-44.240556777822285,-8.481094247436953,-91.25711570398876
2025-08-16 05:00:00,1109,22.910040825449528,9.73576896418404,23.141806902676844,0.115642562265033,398.5736488909755,0.9856394056101064,24.728466,0.08,8.782506448873566,398.22977773559336,-434.49902,-57.73044688066593,-8.766378185735277,-93.9835643194343
2025-08-16 06:00:00,1110,22.26187573665049,106.9798746823214,23.1644105041377,0.2310993222529866,397.9604222387951,1.5361094215690367,24.697079,0.08,96.75708698800739,397.61536697087644,-434.31607,-67.08071002601903,-13.781307737102786,-20.805634360878592
2025-08-16 07:00:00,1111,22.066902420432143,260.3513904299201,21.93814376283745,0.0092479260547838,390.338554664904,1.4011262872636039,24.742613,0.08,234.35737260684692,389.9996000796684,-434.5816,-76.41734346708691,-14.787207026827181,98.57081818869496
2025-08-16 08:00:00,1112,22.469644732956795,405.7081047619944,20.78312700863992,0.6581922678284107,418.0447809975025,1.4872008233166611,24.831926,0.08,371.9036540696924,417.682889737132,-435.1029,-88.28366846101848,-13.184716804559956,253.01525326780842
2025-08-16 09:00:00,1113,23.33292085164237,493.8256076972007,21.724987935445988,0.127979312309547,397.37378485181966,2.763534960882583,24.85921,0.08,445.59088771313174,397.03205810109654,-435.26224,-102.83433099075734,-10.842539032264657,293.68383824237816
2025-08-16 10:00:00,1114,24.21586117233278,684.0910712943398,21.46521115329084,0.5831046631570511,423.2789549028667,2.197968688983186,24.893482,0.08,625.2539397604198,422.91739919222505,-435.46243,-92.8130453102306,-4.202987659888883,515.6928731211973
2025-08-16 11:00:00,1115,24.714105119686508,733.225191414648,21.817194218332556,0.2467957398562714,407.856333482994,0.8788743158094253,24.950813,0.08,663.4119798662267,407.50927231295094,-435.79733,-64.02228076993879,-1.03830784674977,570.0633307988172
2025-08-16 12:00:00,1116,25.376713840149364,693.353807037366,22.03587159108251,1.0,477.0427002268362,1.7681085336964804,25.020922,0.08,647.5924557728998,476.6388066461797,-436.20746,-78.76558129496101,1.9374043161548569,611.1956269441795
2025-08-16 13:00:00,1117,25.81236439614395,748.4436989627334,23.172647653596112,0.059382044214108,413.2312926205548,2.563641683396214,25.100693,0.08,674.3779985451672,412.8825808562024,-436.6743,-83.39446051250202,4.572498938112137,571.7643319383078
2025-08-16 14:00:00,1118,26.8916889775673,676.3867094661215,22.157379491135107,1.0,486.8228295424199,2.790440018907264,25.18523,0.08,631.7451866413575,486.41535911364286,-437.1694,-96.44088287096619,11.157222187010671,595.707481994873
2025-08-16 15:00:00,1119,27.39276773316004,571.1086949775602,19.815321644398114,0.288550095755016,417.9756719414264,2.1859073735283316,25.261679,0.08,517.2716448999699,417.6271470508746,-437.61752,-104.77723841742953,12.071639059266689,404.5756693993223
2025-08-16 16:00:00,1120,27.73620294194791,366.07150348175617,21.81290430637033,1.0,491.0245860766101,3.14493634595992,25.319414,0.08,341.91078425196025,490.6162082439997,-437.9562,-107.58252630175896,16.60868603467921,303.5969449534897
2025-08-16 17:00:00,1121,27.60743991308823,144.37695934752475,22.351951904783814,0.7661843993007771,462.4106878359258,6.187457749776309,25.308355,0.08,132.9875785009163,462.0257345909114,-437.8912,-161.34989494849276,25.046098304837457,20.81831161418806
2025-08-16 18:00:00,1122,24.128767846686287,45.222605833647975,17.67479077871505,1.0,454.84509314195685,8.202666281590382,25.273947,0.08,42.23791384862721,454.4563159672832,-437.68945,-308.580204927601,-16.24271348074707,-265.81814171743764
2025-08-16 19:00:00,1123,24.413660077403847,3.2050579108317336,17.549824085427662,1.0,456.06476643537087,3.2916789009394947,25.13026,0.08,2.993524088716839,455.6757931589856,-436.84726,-164.67388830692127,-5.480313190886064,-148.33214377158924
2025-08-16 20:00:00,1124,23.585638941078685,0.0,16.670954341546214,1.0,447.893877548673,6.6855351420741265,25.016964,0.08,0.0,447.5094496500615,-436.18423,-275.8634896829624,-17.522655180866472,-282.06092983290796
2025-08-16 21:00:00,1125,20.78400351105728,0.0,20.214070968169818,1.0,443.8680196387936,4.216837700613759,24.888756,0.08,0.0,443.47874913134893,-435.43478,-159.82520432087912,-38.96972500229629,-190.75096412737335
2025-08-16 22:00:00,1126,21.43469154582533,0.0,19.12443937907338,0.8684846648052846,428.27913917443146,3.515616338353781,24.825115,0.08,0.0,427.9054227618868,-435.06302,-154.40796622831826,-28.6122790513812,-190.17784131664075
2025-08-16 23:00:00,1127,21.10411233151342,0.0,20.63185757219448,0.7267453110713261,416.39028160512095,2.6315820275892103,24.804398,0.08,0.0,416.02601118520465,-434.94205,-117.11903378564675,-27.139952431697676,-163.17502215128042
2025-08-17 00:00:00,1128,21.23648066260995,0.0,21.070785661568287,0.5587221799508576,404.2728531641504,0.3346114768035358,24.811228,0.08,0.0,403.91954469749805,-434.98193,-65.77257794098801,-15.341052393189985,-112.17601923042994
2025-08-17 01:00:00,1129,20.838792222592986,0.0,20.766690079391285,0.6017938859255698,404.5763579162761,1.4726092405267928,24.756174,0.08,0.0,404.2216963118995,-434.66064,-91.45444376800486,-22.92167601371129,-144.81506800106666
2025-08-17 02:00:00,1130,20.384017776403084,0.0,20.51945599716693,0.4884627221877312,393.5381436205985,1.216862931321693,24.695297,0.08,0.0,393.19194227758413,-434.30573,-88.47372914416685,-24.092667499190895,-153.68017946342985
2025-08-17 03:00:00,1131,20.1889041498456,0.0,21.36317032643638,0.711390063569257,412.04935655176325,1.5449117176536065,24.656158,0.08,0.0,411.68632226143296,-434.07748,-87.41455545575974,-27.020426848251248,-136.8261441734374
2025-08-17 04:00:00,1132,19.811100635176672,0.0,21.12753768015058,0.864200763083534,424.78670101473926,2.195315311662819,24.61035,0.08,0.0,424.41134626659425,-433.81058,-102.2480067742851,-33.428340743161556,-145.07557864343053
2025-08-17 05:00:00,1133,19.966048907940603,4.461346323008845,21.111966712477766,0.9623274251613644,437.1153835268813,1.7378380985405724,24.573244,0.08,4.155883598987915,436.7295988802786,-433.59442,-92.39175385166592,-29.15525498458979,-114.2559477437079
2025-08-17 06:00:00,1134,20.101533807797185,57.58500363344463,20.948300021651548,0.822357109082557,421.3593595981304,1.7733458978561059,24.56085,0.08,53.19371303658458,420.98787125893256,-433.52228,-94.01841286170482,-28.305013981881096,-81.6641203801
2025-08-17 07:00:00,1135,19.645628401846807,129.5905291989975,20.1315408313302,0.852861378703405,419.71248425470327,2.869618186457407,24.54119,0.08,119.90725627797678,419.3411364556033,-433.40784,-125.81923932569559,-38.526617383622344,-58.505300889800345
2025-08-17 08:00:00,1136,19.604491206148907,218.69541134517064,18.80084285944247,0.8943282406909893,419.9604493194754,1.7238847451771986,24.531664,0.08,202.84022876524256,419.5887633847561,-433.35242,-114.42902452297298,-31.382856702857776,43.264693931980375
2025-08-17 09:00:00,1137,20.024754110916888,353.0460869033301,18.690590738433347,0.7214900341625616,404.2995890697696,2.066373644579387,24.493904,0.08,324.51534323058877,403.9429290721725,-433.13254,-121.40355002545681,-30.097247598455688,143.82493683705195
2025-08-17 10:00:00,1138,20.457090537675867,544.1759918278016,19.32001503200139,0.6664215529170536,403.6540111865931,2.006179440146158,24.505638,0.08,499.00428346691405,403.2991116352765,-433.2009,-112.54561684181623,-26.627771654242586,329.9291093893348
2025-08-17 11:00:00,1139,21.12413138416161,669.9841100143797,19.34824992933433,0.5111119182274918,395.5110524439587,2.5245756146460625,24.54581,0.08,610.8055301383857,395.16510127398897,-433.4347,-122.70326004010316,-24.437925424944325,425.39475356451476
2025-08-17 12:00:00,1140,21.831501542485853,766.6998519519298,19.57777208298725,0.5411465425345898,401.9176384495515,3.2041524507791213,24.578144,0.08,699.6994446333645,401.5679960370234,-433.62305,-133.87074632645795,-21.725927210791745,512.0477202581383
2025-08-17 13:00:00,1141,22.918285994400605,754.5231796022933,20.046504848188928,0.324257743615181,396.6018708112114,3.8155355802498274,24.589891,0.08,684.034894395248,396.25972245257384,-433.69147,-138.3582552422458,-14.23186278765266,494.013031532767
2025-08-17 14:00:00,1142,24.057786742188625,680.3723831931301,19.440279207079477,0.308518650365281,400.0884642507814,3.013184099496547,24.659584,0.08,616.5544390217733,399.7463047264681,-434.0974,-126.02063898877411,-4.3691626485462045,451.8135300015461
2025-08-17 15:00:00,1143,24.529553563018908,562.4994287886745,18.29607442344549,0.4418699022052517,405.7487369761252,3.0462391741237584,24.676529,0.08,511.6731365471953,405.40298338847606,-434.19614,-138.0887693223697,-1.0610283612248137,343.7301857774675
2025-08-17 16:00:00,1144,24.94295008550625,386.1476085923976,18.49204899877794,0.6226114160509475,421.47914476060015,4.199329979123365,24.698263,0.08,353.4674670660969,421.1211157430476,-434.323,-163.66126957838088,2.1195235668240944,178.72383875071276
2025-08-17 17:00:00,1145,24.93118665969314,252.57719967064924,17.22100808820624,0.4944657007277511,407.6259018194218,1.8099544270257057,24.708508,0.08,230.13993082903167,407.2796095558721,-434.38263,-115.12451243111185,1.2303213392676193,89.14271989852834
2025-08-17 18:00:00,1146,24.84669530939709,108.10118906503952,18.34897498681542,0.1567624781785146,396.1392714615114,2.2841124400068273,24.699097,0.08,97.60365665002286,395.80252098206586,-434.3278,-117.77307556561391,0.9095611991484321,-57.785126041017385
2025-08-17 19:00:00,1147,23.636499425135128,10.231655919981208,19.799066636808018,0.0878694935410903,393.1107923721357,0.9297087686890814,24.68403,0.08,9.224476535151013,392.77351610303765,-434.2399,-77.74130805084546,-4.822850547691255,-114.80606464198871
2025-08-17 20:00:00,1148,22.965193191967728,0.0,19.50839892387593,0.369566335087536,397.3799743770342,0.87194554254795,24.656607,0.08,0.0,397.0372780427303,-434.08017,-80.15965402952065,-7.861321703098665,-125.0638673676234
2025-08-17 21:00:00,1149,22.31836815724796,0.0,19.65204928911685,0.5435093520941576,404.8670103357033,1.6989833728688666,24.620129,0.08,0.0,404.5161190724024,-433.86746,-99.00955424373988,-13.461884724082186,-141.82278205362283
2025-08-17 22:00:00,1150,21.28009794718008,0.0,19.27289766667909,0.1507560093357453,380.7212037855693,2.3053288908818867,24.585203,0.08,0.0,380.3885899403704,-433.6641,-118.90057328176744,-22.581075112883795,-194.75715147185895
2025-08-17 23:00:00,1151,21.048398676914644,0.0,19.56145108626981,0.3876184717464847,388.5887666615916,1.9261470572238626,24.550549,0.08,0.0,388.2486715027854,-433.46222,-107.4822023899043,-22.30982167192635,-175.00557179732652
2025-08-18 00:00:00,1152,20.720240759689545,0.0,18.557635874017528,0.1394660798182,375.69387649034,2.4543268067744957,24.510359,0.08,0.0,375.36423192788095,-433.22824,-130.0711922338428,-26.97892884483665,-214.91413011759536
2025-08-18 01:00:00,1153,20.341078893398503,0.0,18.78709183179713,0.2191542657500138,376.2994174439827,1.9788628191831648,24.47612,0.08,0.0,375.96827115376544,-433.0292,-116.9348363232664,-27.114644466601263,-201.1104149583678
2025-08-18 02:00:00,1154,19.78945328846441,0.0,18.88712557434505,0.3881859339472187,380.33646105511946,2.1438565932868747,24.434275,0.08,0.0,380.0003274472851,-432.78564,-120.66586911862265,-31.905127555158995,-205.35631375774656
2025-08-18 03:00:00,1155,19.301222422802653,0.0,19.066904089853285,0.53909180008579,387.18809632835575,1.7699785815442222,24.385487,0.08,0.0,386.84460685298313,-432.50214,-110.85102954943312,-32.840004107653726,-189.34856303457246
2025-08-18 04:00:00,1156,18.68094541019059,0.0,18.69081491950821,0.6825332082967399,393.812013495738,2.1277652636480937,24.341908,0.08,0.0,393.46095624699456,-432.24887,-123.90790522080579,-39.83462708259252,-202.53044690601314
2025-08-18 05:00:00,1157,18.58611064567475,5.781161747674502,18.41088318692564,0.9072386480164192,414.5575177456555,1.9623850522609223,24.30254,0.08,5.366234337028086,414.1876938897587,-432.0202,-122.40449911970649,-39.04103196165013,-173.91180549128862
2025-08-18 06:00:00,1158,18.38313026327125,66.67396966239218,18.028840179274656,0.7914678471804097,400.1208511819037,2.0008046403215323,24.283295,0.08,61.491175572204426,399.76334046023544,-431.90836,-127.53669969981743,-40.79541989994145,-138.9859592802096
2025-08-18 07:00:00,1159,18.31130336692104,169.04959462735746,17.723055758867492,0.6063708910974789,382.9137433597639,2.059094428890258,24.233522,0.08,154.64546525713882,382.57141542285484,-431.61942,-131.2974999795798,-41.426017496930456,-67.12605207971973
2025-08-18 08:00:00,1160,18.64204781688511,370.8465430249821,17.778417790086817,0.5157726703953633,378.5037967116611,1.8986833698215535,24.242702,0.08,338.1434718341696,378.1662833809557,-431.67276,-125.82456042937525,-37.660760738513424,121.15167403747097
2025-08-18 09:00:00,1161,19.307663619610253,523.6408352818423,17.94231839502677,0.5143761405351135,382.2535275041747,2.6134011890716997,24.164507,0.08,477.4410603742666,381.9144326616632,-431.21912,-137.36011914126993,-36.551005305143754,254.22525237857866
2025-08-18 10:00:00,1162,20.123720691895755,685.172415831428,18.42352686427233,0.474020405807445,385.3273864784873,2.281187045998302,24.298487,0.08,623.8916497990997,384.987723889266,-431.99664,-124.56950600283336,-29.065226112930134,423.247998506196
2025-08-18 11:00:00,1163,20.93143755032702,780.5218875774847,18.15703396416169,0.2511133326461623,378.3377475902991,1.529359070564299,24.355946,0.08,706.2801123277995,378.00632481620477,-432.33044,-107.64869441004461,-19.979437025229156,524.3278613727931
2025-08-18 12:00:00,1164,21.62671807643545,816.3228791447023,18.172937938131398,0.1712834847759948,379.6786899419712,0.8178823211206406,24.410257,0.08,737.2902119442468,379.347872449734,-432.646,-88.79028364712104,-13.304608646309934,581.8971960067998
2025-08-18 13:00:00,1165,22.458565299748216,796.78433110431,18.33779998492697,0.0983506558300804,383.0415842999213,0.859769327417248,24.43413,0.08,718.5069895777837,382.7099662347689,-432.78494,-86.16737297535586,-9.254731797491733,573.0099084127517
2025-08-18 14:00:00,1166,23.30323804485141,718.7077635404273,17.734861062857807,0.1694312089371231,386.6767916093315,0.6972175469524293,24.470568,0.08,649.098705991318,386.344188285711,-432.9969,-83.83023866841832,-5.04361569919904,513.5721527023803
2025-08-18 15:00:00,1167,24.405123025789635,599.6861218391305,17.00004749503248,0.1137933141613281,388.8418021091272,1.1683671153651907,24.459305,0.08,540.9475812270557,388.5101410651928,-432.9312,-96.92388882622423,-0.2564475303150889,399.3461725568029
2025-08-18 16:00:00,1168,25.40138789307105,429.95115664145607,17.548949337788358,0.7766953508912825,435.2951183206848,1.5565021333041242,24.462154,0.08,396.23745440149696,434.92663988121615,-432.94788,-99.44871935737449,4.751272944934697,303.5187718937108
2025-08-18 17:00:00,1169,25.510624447031205,195.39822985409967,18.14307290154953,0.4747290550599586,412.4679318359273,1.1820395436783622,24.473467,0.08,177.92615843054148,412.11906624073833,-433.01373,-85.48503414203505,4.717177815810979,76.2636354348995
2025-08-18 18:00:00,1170,25.130805392891038,103.05788001139268,19.398570292048547,0.6767763495961393,430.1774154937237,1.739911065311175,24.478786,0.08,94.54423245267822,429.8125195056729,-433.04465,-90.57170683027944,3.4903780208821806,4.230775932157064
2025-08-18 19:00:00,1171,24.424330006581897,8.195880718302405,20.24188213513322,0.0303926564723825,397.9448469300869,1.6987607802801783,24.47562,0.08,7.380592597927601,397.60547119067104,-433.02618,-84.92467278727733,-0.27849788024967836,-113.24329096095961
2025-08-18 20:00:00,1172,24.136920558339057,0.0,19.993700425067,0.3885860299633927,405.8630878145906,1.4531135464549916,24.492758,0.08,0.0,405.51619941877306,-433.12595,-82.93366445621236,-1.8373718143560112,-112.3807828967172
2025-08-18 21:00:00,1173,23.64602999063436,0.0,20.35032249729327,0.4498080556102132,407.7458220793906,0.1599158008787012,24.493631,0.08,0.0,407.3960149295522,-433.13095,-55.195197148842226,-3.0130870221946267,-83.943220169219
2025-08-18 22:00:00,1174,22.926395755435635,0.0,20.511994164749886,0.4555140207424956,404.7490589027855,0.9699065536628576,24.485975,0.08,0.0,404.3999036829238,-433.08636,-72.52655620148332,-7.411211453449447,-108.6242287181027
2025-08-18 23:00:00,1175,22.303575595231223,0.0,20.74146944113292,0.0263077186375855,388.46101802469946,1.6116930508742497,24.450808,0.08,0.0,388.12430726611524,-432.88184,-84.54578842040306,-12.250027559503145,-141.55334465129096
2025-08-19 00:00:00,1176,21.863426296005517,0.0,20.76828663564745,0.0,386.2613534865574,1.3827080051456624,24.40566,0.08,0.0,385.92541363232976,-432.6194,-80.27096105299591,-13.92491577615813,-140.88984796244927
2025-08-19 01:00:00,1177,21.392380315913726,0.0,20.819398186993688,0.0,384.02475889511794,2.326682233118594,24.37208,0.08,0.0,383.6895494710423,-432.42407,-98.49875074635708,-20.26123090036602,-167.4945044413058
2025-08-19 02:00:00,1178,20.89392653162804,0.0,20.82995587652716,0.1301682284202122,382.6529230471464,1.9463736889834122,24.377169,0.08,0.0,382.31762299872054,-432.4537,-92.6000041138453,-22.269751763150577,-165.0058377122597
2025-08-19 03:00:00,1179,20.398965040101587,0.0,20.67475639779548,0.0356023750630807,378.761438743329,1.7255267647773291,24.35086,0.08,0.0,378.4282752546451,-432.3008,-90.65699665317308,-24.462979078099472,-168.99251224420559
2025-08-19 04:00:00,1180,19.844199998899512,0.0,20.30940385905079,1.0,438.7183918844036,1.1887513576347202,24.334192,0.08,0.0,438.3308262357227,-432.20404,-84.60516742170489,-25.07460773075269,-103.5529894440786
2025-08-19 05:00:00,1181,19.57383367948285,6.898168264816494,20.16775546967647,1.0,436.7234047770894,1.6147811684848028,24.301085,0.08,6.4428891593386055,436.33679072601217,-432.0117,-94.51811738594846,-29.255742182280176,-113.00586791529972
2025-08-19 06:00:00,1182,19.612408348973247,80.24913563827944,20.069115530825854,0.7268753785308826,406.716117150705,0.7363250365016548,24.254622,0.08,73.78200995730805,406.3561752469833,-431.74182,-76.74768509792155,-23.294960511310773,-51.64628169400348
2025-08-19 07:00:00,1183,19.697601478180104,237.6181387553707,19.19542629407592,1.0,434.3584660172374,0.8034104124951174,24.260359,0.08,221.9353415975162,433.97431501708076,-431.77512,-84.65003792359049,-23.231252755332235,116.25324996887738
2025-08-19 08:00:00,1184,20.13221661540581,411.34249321017865,19.0832792889966,0.9247393429754714,427.2955851449734,0.5505892368126323,24.22914,0.08,382.23609580619916,426.9189527766208,-431.59393,-78.07578960624336,-19.142952167628238,280.34237370347967
2025-08-19 09:00:00,1185,20.59751050647725,578.6972801269485,19.243935919206805,0.9550591139904347,434.0703971770826,1.0404742083804415,24.267883,0.08,538.8108314048836,433.68916958993714,-431.81888,-86.7981915146704,-19.222648221551236,434.660283084771
2025-08-19 10:00:00,1186,21.31361158650532,689.6867525191395,19.609580060918805,0.120932263557805,381.3078079907957,0.9043251343579876,24.326414,0.08,622.2272208011998,380.9747678100503,-432.1588,-79.87725857810257,-14.87122219750397,476.294694359081
2025-08-19 11:00:00,1187,22.542692416323405,788.9727010613487,19.88708211476737,0.0343962918176491,387.37174042044967,0.2549194879141781,24.370539,0.08,710.5448455147523,387.0365901784258,-432.41522,-61.349594886970536,-7.0590941600952695,596.7575244781435
2025-08-19 12:00:00,1188,23.979711840586106,806.2122977150732,18.012535162470122,0.5429883924867761,408.55678916907885,0.08275123407701043,24.440325,0.08,735.8064795350647,408.2071790539745,-432.82098,-63.911737516913426,-1.5575397902932635,645.7233973951137
2025-08-19 13:00:00,1189,25.30443091432221,781.9803380846887,19.12793576242923,0.0,399.1956254201238,0.6335201705916269,24.483904,0.08,703.7823042762199,398.85745625190447,-433.07446,-67.06336640158514,3.1732583521641207,605.6751895880782
2025-08-19 14:00:00,1190,25.303413715755028,683.5462670259219,18.43274780443916,0.6159022066192006,422.6915701699478,0.35076579464599555,24.52949,0.08,625.5333375002429,422.3334941976543,-433.33963,-64.87819853300894,2.712049180447573,552.3610522183827
2025-08-19 15:00:00,1191,26.122093338252228,562.6453632065802,19.444369224272123,0.5084817289942499,422.1476370613356,0.9447219188714662,24.544998,0.08,512.9025211556361,421.7922365443695,-433.4299,-70.44648290150552,6.522564785305497,437.34093846075865
2025-08-19 16:00:00,1192,26.45366291903963,372.0956217611565,19.53757760325843,0.562877919353529,428.2688408260341,0.21381593699554152,24.584074,0.08,339.8411778834327,427.9091909746383,-433.65753,-53.0531939787326,5.834139285663357,286.8737824267204
2025-08-19 17:00:00,1193,26.956193525716003,221.1716952094044,15.454071428504072,1.0,462.78267260697896,5.1772780902943945,24.617828,0.08,206.57436332558368,462.39551245486473,-433.85413,-222.1916712919354,22.351518400648178,35.275596912598715
2025-08-19 18:00:00,1194,26.31361268534266,62.8752209568043,16.92229009246619,1.0,464.9650795597954,4.430006322503175,24.629839,0.08,58.72545637365521,464.57419897591944,-433.92416,-183.2413538796093,14.645301984768068,-79.22056036362595
2025-08-19 19:00:00,1195,25.40864438630689,4.253508484054713,17.84032073030943,1.0,463.0547352539692,3.766021988630034,24.623632,0.08,3.9727769241071016,462.66277983499384,-433.8879,-157.18350418556537,6.273883035926126,-118.16197332608516
2025-08-19 20:00:00,1196,23.932424694245128,0.0,18.96417003998064,1.0,458.2750492533297,4.8293106273108,24.59309,0.08,0.0,457.88275256059814,-433.70996,-172.79310861055188,-6.381170967854992,-155.00148795530873
2025-08-19 21:00:00,1197,22.410631824849705,0.0,18.914276539193388,1.0,449.12493330676455,2.7407829236050496,24.570417,0.08,0.0,448.7359603828523,-433.57788,-128.74711254435587,-15.532580472064307,-129.12161349294288
2025-08-19 22:00:00,1198,22.29169727617148,0.0,18.833176906951085,1.0,448.1536415699449,2.945675181134188,24.523315,0.08,0.0,447.76515488644526,-433.30374,-133.74611439254969,-16.680094375556454,-135.964795336739
2025-08-19 23:00:00,1199,21.662464305928324,0.0,19.9180849284636,1.0,448.057043685092,1.5738081394826993,24.51835,0.08,0.0,447.6667550484395,-433.2748,-94.01568595029156,-16.526936193492315,-96.15067788636001
2025-08-20 00:00:00,1200,21.72460931418988,0.0,20.68402865044545,1.0,450.84489858668775,1.76488331139069,24.485447,0.08,0.0,450.45236954541525,-433.08334,-90.31696125283011,-16.62162044229224,-89.56955565556648
2025-08-20 01:00:00,1201,21.79365518595108,0.0,19.976580990215798,1.0,449.0139974723351,0.9687959909298381,24.469404,0.08,0.0,448.62327038999285,-432.98996,-79.44268525462711,-13.26664349836772,-77.07601807979884
2025-08-20 02:00:00,1202,21.653993056727582,0.0,19.926701914264054,1.0,448.03511183767927,0.971000723570124,24.454777,0.08,0.0,447.6448168261275,-432.90494,-80.03497158167514,-13.959801185001448,-79.2548936846897
2025-08-20 03:00:00,1203,20.841000100536803,0.0,21.005941777125365,1.0,446.6449453053809,1.3717620461476183,24.422188,0.08,0.0,446.2534120237629,-432.7154,-81.12326049377678,-20.25589161179822,-87.84113314821835
2025-08-20 04:00:00,1204,21.03256494282516,0.0,20.433056849551196,1.0,446.0023107210264,0.20410537184240032,24.389565,0.08,0.0,445.61191914574056,-432.52573,-61.663046454192624,-13.69473130504533,-62.27158493185677
2025-08-20 05:00:00,1205,21.18337388708829,3.4110044848361816,20.69174968346022,1.0,447.68799068041767,0.4304164028732533,24.370796,0.08,3.1858781888369934,447.29657974064,-432.41663,-63.76667341458917,-13.850782190298823,-59.5516236519735
2025-08-20 06:00:00,1206,21.26037060161872,27.47552559818407,20.913441499703573,1.0,448.82227968687255,0.3823566314722299,24.346931,0.08,25.662140908703922,448.4301102095663,-432.27795,-60.86175957911312,-13.159602919395546,-32.20706548180095
2025-08-20 07:00:00,1207,20.22509722136067,69.16806228991771,21.08014245200155,1.0,443.2728841537278,3.135385332934982,24.347742,0.08,64.60297017878314,442.8824500385063,-432.28275,-113.26686634062771,-33.29201631820196,-71.35620780286834
2025-08-20 08:00:00,1208,20.306194546636902,100.14077005425496,20.86555198390696,1.0,443.097143236664,2.690786648061873,24.326488,0.08,93.53147923067412,442.70710906740743,-432.15918,-106.78173696643931,-30.039165865029783,-32.7414942208875
2025-08-20 09:00:00,1209,20.63662940946483,189.43836884708887,19.96359352583542,1.0,442.2225621344367,2.222721867279584,24.325792,0.08,176.935436503181,441.83429235025824,-432.15527,-106.3256609044578,-25.06779290232943,55.221001609152
2025-08-20 10:00:00,1210,21.245587656526823,260.0490970585917,19.46936438610765,1.0,444.1720846096843,3.6179496889041247,24.306402,0.08,242.88585665272464,443.78393406786034,-432.04254,-139.0839495525253,-26.054879276286368,89.48842038786704
2025-08-20 11:00:00,1211,21.429600437089903,457.66158554104805,19.647570398421355,1.0,445.8229123693208,2.770526305228356,24.326128,0.08,427.45592089533886,445.43387198197144,-432.15723,-118.80241330657998,-21.34101621064874,300.58913679758166
2025-08-20 12:00:00,1212,22.161879099480416,593.9581483216814,20.25153966456709,0.9541889395134444,446.17992631789787,3.044078093120772,24.365938,0.08,552.9876904020304,445.7927642756406,-432.38843,-116.44241693127405,-16.747942131542413,433.2016678804795
2025-08-20 13:00:00,1213,23.19834964837105,577.7030528039594,19.020287813149054,1.0,454.118014275997,2.851324574434137,24.39081,0.08,539.5746513188981,453.7270868697183,-432.533,-123.43831393182977,-8.534690985641316,428.79574376919214
2025-08-20 14:00:00,1214,22.782857354692624,355.0475355549398,20.254984846786048,1.0,455.7457017766889,3.918478952340878,24.396673,0.08,331.6143982083138,455.3521213642719,-432.56705,-133.0605501330016,-13.940915210111688,207.39800711033172
2025-08-20 15:00:00,1215,20.956753491080576,144.16274909290482,21.412310865910825,1.0,448.5491630326915,3.3079002593611193,24.416157,0.08,134.6480076527731,448.15631212450097,-432.68042,-112.16330454514544,-28.294099022416585,9.66649628783701
2025-08-20 16:00:00,1216,19.67673841432986,46.31998055102787,19.46031785796648,1.0,435.09025788469967,3.5598398462752714,24.427628,0.08,43.26286183466003,434.7053973338299,-432.74698,-145.99915471311763,-41.57126929354739,-142.34914359794067
2025-08-20 17:00:00,1217,18.548093480615197,36.8709581460099,18.32955388278796,1.0,425.01278264692354,7.203023293279848,24.374405,0.08,34.43747490837324,424.63351928404865,-432.43756,-250.63839264568153,-80.05147413086809,-304.056433619284
2025-08-20 18:00:00,1218,18.629506521376868,12.325214203238836,18.24155905141881,1.0,425.17770987652966,5.464923196374428,24.310726,0.08,11.511750065825073,424.7985401567168,-432.0677,-207.98389024405753,-64.92317553843188,-268.6644635482288
2025-08-20 19:00:00,1219,18.20769697965653,0.5272654784712234,18.09902006507432,1.0,422.34027162058845,2.644164920052386,24.257296,0.08,0.49246595689212264,421.96239045869885,-431.75742,-142.27421763330702,-47.11342603036038,-198.69020301956078
2025-08-20 20:00:00,1220,18.271127869192757,0.0,18.70612368374132,1.0,424.69171698393257,1.2404784767469477,24.190418,0.08,0.0,424.31192008970373,-431.36942,-101.63003883641692,-35.03200968121884,-143.71954371113515
2025-08-20 21:00:00,1221,18.77328542665026,0.0,18.281050232379805,1.0,426.1173203670886,0.8294114096469015,24.220797,0.08,0.0,425.73773838334,-431.54556,-94.6679081643822,-28.818211376526822,-129.29394390170964
2025-08-20 22:00:00,1222,18.62665954504712,0.0,18.572859354256277,1.0,426.2563343004617,1.8898328974953962,24.23048,0.08,0.0,425.87619423418244,-431.6017,-117.36173523305712,-37.62014629037773,-160.70740237714304
2025-08-20 23:00:00,1223,18.77519758865992,0.0,18.297731589546927,1.0,426.1836038230848,0.47127075471811103,24.232752,0.08,0.0,425.80396845176557,-431.615,-86.31161716435244,-26.311953825396156,-118.43459277235803
2025-08-21 00:00:00,1224,18.4291950740128,0.0,19.01102810876559,1.0,426.5642591882918,1.5638023421567318,24.219423,0.08,0.0,426.1832580954054,-431.53763,-106.11387540288062,-36.59043359048021,-148.05867907178356
2025-08-21 01:00:00,1225,18.13089936390793,0.0,18.349355189333256,1.0,422.7401817496649,1.627155976425706,24.227863,0.08,0.0,422.3617158011997,-431.58667,-115.05585155080924,-39.3842853162042,-163.66509098768876
2025-08-21 02:00:00,1226,18.07999774519203,0.0,17.455141548346862,0.9973686923595716,419.1308422470628,1.8697855213312975,24.210466,0.08,0.0,418.7554583601272,-431.48572,-129.66453039620086,-41.59435259241994,-183.9891424019311
2025-08-21 03:00:00,1227,18.273728298476385,0.0,16.954093471578044,1.0,418.7814217975894,2.8922835134831564,24.190676,0.08,0.0,418.4069180164113,-431.37082,-160.26426885436882,-47.864481174515404,-221.0926511042698
2025-08-21 04:00:00,1228,18.31193302344093,0.0,16.57283931551596,0.9986473259674022,417.4698159162253,0.3246719114548682,24.162035,0.08,0.0,417.09659640985257,-431.2048,-95.47740775698513,-27.503969066572573,-137.089583880502
2025-08-21 05:00:00,1229,18.582823453586457,2.9596528565109983,16.944456607530373,0.985312323823262,418.6801782060777,1.1022664426062783,24.14355,0.08,2.7614025673811886,418.30666697838086,-431.09753,-111.68740290726318,-31.52886740196941,-153.24573494315803
2025-08-21 06:00:00,1230,18.66934424114754,23.97141246243517,17.456484933263987,1.0,422.7364329461185,1.5197508509065027,24.116816,0.08,22.389299239914447,422.3595574145007,-430.94254,-116.85537754448738,-33.761836617308376,-136.81089290777118
2025-08-21 07:00:00,1231,18.833465714475096,36.79646527868493,16.368859544651922,1.0,419.7778401567999,2.2923709630714364,24.099884,0.08,34.36789857029172,419.40408064273447,-430.84436,-146.80384858197235,-37.81168815400482,-161.68791787451346
2025-08-21 08:00:00,1232,18.87895016223388,115.64077635029724,16.166112217252103,1.0,419.28270493738046,2.4157129619880293,24.11578,0.08,108.00848511117762,418.90951854113507,-430.93652,-152.5627466737794,-38.419601575689676,-95.0008680346564
2025-08-21 09:00:00,1233,18.86770948284834,95.00216664600224,16.515146066825285,1.0,420.5017290141029,3.1279812360208648,24.08649,0.08,88.73202364736608,420.12742483965917,-430.76675,-166.96282606171843,-43.156456855165096,-132.0265885802489
2025-08-21 10:00:00,1234,18.78373200890519,181.3580549266539,16.71578356429027,1.0,420.7611112493909,3.582563189093418,24.06915,0.08,169.38842330149473,420.3863310468371,-430.6663,-176.1796981478555,-46.93164412772762,-64.00287821045441
2025-08-21 11:00:00,1235,18.79916973522927,165.9646733336734,17.86677406446352,0.9976614060930884,424.5809875892823,1.9320899716375501,24.034363,0.08,154.98467404060364,424.2028504399822,-430.46475,-120.69883042877672,-35.0774935204206,-7.053551665877137
2025-08-21 12:00:00,1236,18.464863786306807,187.10038454356877,18.157125535347728,1.0,423.97278145559847,4.106475554819651,24.031807,0.08,174.7517591636932,423.59420041607405,-430.44992,-169.03013724588382,-53.55708373768872,-54.691182058102136
2025-08-21 13:00:00,1237,19.12774516924736,245.1896473281261,17.151786408739962,1.0,424.2327660849412,4.043006067744954,24.029198,0.08,229.00713060446978,423.85590458499865,-430.43488,-179.57732324474506,-46.139302099390584,-3.2884656429484878
2025-08-21 14:00:00,1238,19.191087265789463,185.76007252142944,17.337477503422125,1.0,425.2408397779989,3.2308883329132216,24.022793,0.08,173.49990773501509,424.86326891582775,-430.39777,-156.4884517176037,-40.26152431134263,-28.784565491384704
2025-08-21 15:00:00,1239,18.68106915891548,88.09704660239805,17.857241879337604,1.0,424.1750792193437,6.01601402351323,23.958357,0.08,82.28264152663978,423.7969556793415,-430.02463,-215.25833984615775,-63.73422022892974,-202.93759055465307
2025-08-21 16:00:00,1240,18.416578433431766,76.21980010951134,17.604085412051116,1.0,421.8341515705108,4.540695370122466,23.891933,0.08,71.18929330228359,421.45733824399224,-429.64044,-183.41259388154964,-55.70831420840656,-176.1147184382116
2025-08-21 17:00:00,1241,17.60291309633351,25.00324570432024,17.902337039609318,1.0,418.3182991161637,2.6336543312919436,23.882484,0.08,23.353031487835104,417.9422423190098,-429.58572,-137.2038070691809,-49.08613002692851,-174.58038716621766
2025-08-21 18:00:00,1242,16.789855122055542,11.366903221066218,16.935062916522735,1.0,410.5574666726437,1.856542680750917,23.841171,0.08,10.616687608475848,410.18602610556985,-429.347,-131.13238567115914,-48.92655839880039,-188.60321521919508
2025-08-21 19:00:00,1243,16.69389530460387,0.322800449669872,16.83604654139957,1.0,409.6907197285241,0.3247570833202788,23.807009,0.08,0.3014956199916604,409.31978382543633,-429.1494,-93.57822340817341,-35.11295756096281,-148.2193155862082
2025-08-21 20:00:00,1244,17.0308437712755,0.0,17.622672017456182,0.9957241738135856,413.7089708203292,0.4884480435612207,23.781971,0.08,0.0,413.33538642225926,-429.00485,-90.0194335145321,-34.324547086177326,-140.01344647337203
2025-08-21 21:00:00,1245,17.487952859885468,0.0,17.79227209383886,0.9848985205184468,415.4958977111825,1.3591040629656779,23.683172,0.08,0.0,415.1220417824486,-428.43427,-105.28466438668019,-37.94898749753127,-156.5458752384816
2025-08-21 22:00:00,1246,17.41569425021396,0.0,17.89295064890595,0.9951070787156976,416.6581160254403,2.6271677540438794,23.763336,0.08,0.0,416.2830020869529,-428.89713,-134.90197667998447,-49.644423424367865,-197.16052326154008
2025-08-21 23:00:00,1247,17.458528445234265,0.0,17.45688894729226,1.0,416.0181345403914,1.4423144717833494,23.758133,0.08,0.0,415.64372242976026,-428.867,-111.90106993327049,-39.399782681094294,-164.52413457913576
2025-08-22 00:00:00,1248,17.805997282737394,0.0,17.308650387259217,0.9747926799204968,414.4102611712223,0.3659110721667332,23.730759,0.08,0.0,414.0383091959635,-428.70908,-86.05380962191869,-28.258423152219837,-128.9829995059094
2025-08-22 01:00:00,1249,17.438771724600656,0.0,17.840965183316822,1.0,417.20421700630567,1.39693917333317,23.71691,0.08,0.0,416.8286793181073,-428.62906,-106.50386200295578,-38.86595959082294,-157.1702011135621
2025-08-22 02:00:00,1250,17.714660077149517,0.0,17.62416226249041,0.989494308851458,416.7325949692057,1.6945581321113528,23.673994,0.08,0.0,416.3582912053886,-428.38123,-113.60391502514122,-38.870820803435315,-164.49767020912546
2025-08-22 03:00:00,1251,17.731097777547575,0.0,17.741999813611038,0.9440437081215992,411.876663066392,2.321452758594864,23.659122,0.08,0.0,411.50676841845916,-428.29547,-126.26490931956893,-43.51765674471087,-186.57126883722688
2025-08-22 04:00:00,1252,17.74663700789256,0.0,17.580589954125138,1.0,418.0312974280188,2.066822931381337,23.633127,0.08,0.0,417.65592112325,-428.14548,-121.59515943853694,-41.19680187073474,-173.28151748094356
2025-08-22 05:00:00,1253,17.78409257176702,2.5932827795458637,17.868555317168887,0.9481894130668868,413.0624692522052,2.8218262707376915,23.617062,0.08,2.4134397173181985,412.6916634460303,-428.05286,-134.8676196888016,-46.55379266970579,-194.36916564047135
2025-08-22 06:00:00,1254,17.93612027895165,31.694201551232958,17.83262406158368,0.9391684773333132,412.7370656494885,2.3738469878654334,23.57777,0.08,29.47879775851526,412.36699223476523,-427.82623,-123.95107874750285,-41.503614514444116,-151.43513617882272
2025-08-22 07:00:00,1255,17.914220982565496,92.31747388543056,17.882489266537714,0.8307296781000627,401.07020476865074,2.992294276808837,23.540192,0.08,85.31574069765347,400.710530657796,-427.60968,-136.18035785006956,-45.946015148251554,-123.70978181865289
2025-08-22 08:00:00,1256,18.02808108382078,181.185895166312,17.872254622700197,0.9912954466230058,419.5203062166066,3.5957810206683907,23.524487,0.08,169.12130587914217,419.1444210400391,-427.5191,-148.77739741351758,-49.11619366472149,-37.14696816296407
2025-08-22 09:00:00,1257,18.75686989990521,298.26268767074305,16.663464299128762,0.9657459442859728,416.31031276028415,2.1952209558316245,23.51939,0.08,277.90562359103524,415.93941933636654,-427.48972,-128.4258564557686,-33.13940206453097,104.79006883093032
2025-08-22 10:00:00,1258,19.09768882211506,258.1700498272859,17.053658911321964,0.9320119710074534,415.6303345560413,3.8709668704410976,23.517324,0.08,240.01324083526924,415.26102853210614,-427.47797,-162.5130171273764,-40.20828848657346,25.074997444831773
2025-08-22 11:00:00,1259,19.67751908316092,542.5285012996476,16.580024569555174,0.6338778058290633,388.2897070464065,3.582186086438157,23.53283,0.08,496.834541753564,387.94624616240753,-427.56726,-160.35198091898846,-33.206128321333765,263.6554179334618
2025-08-22 12:00:00,1260,20.5265400585414,759.2680569418385,15.755017074906602,0.1722840824332426,366.71197356311694,2.8812370264783,23.55799,0.08,685.7746344526871,366.38972738194263,-427.71222,-150.20990373216003,-22.85234312799692,451.3898957361916
2025-08-22 13:00:00,1261,21.11967515486356,736.9342474117952,16.180601274561038,0.9179732679363062,422.0003650339219,4.463196851453611,23.540083,0.08,684.4977114852378,421.6312311166716,-427.60898,-182.84716839712746,-23.004877420413454,472.66791851288406
2025-08-22 14:00:00,1262,21.41193401333726,555.3682236587503,15.866465960919284,0.7483659368172727,404.68007452928856,3.969334884861459,23.582779,0.08,511.12146992306435,404.3268886698282,-427.85507,-174.62123764971008,-19.122743993466656,293.8493049282314
2025-08-22 15:00:00,1263,21.353269271176487,415.3738155477007,15.938917558443697,0.9632197954496796,427.7297940915654,4.784328753163841,23.549877,0.08,386.9571258389891,427.35632252636026,-427.6654,-194.02116220065258,-21.71372249740721,170.91315839385206
2025-08-22 16:00:00,1264,21.27488398860152,243.8675741942675,15.909641422441394,0.8123809969141945,410.3789095991617,4.294110474845404,23.541857,0.08,225.15254736000617,410.02037112381225,-427.61932,-181.84154439462043,-20.977957942403393,4.734092416325851
2025-08-22 17:00:00,1265,21.30124170604671,171.22365410444098,15.864988267792372,0.90755892576394,420.6235394910368,4.680584196662755,23.522057,0.08,158.93765837513908,420.2561252670706,-427.50522,-191.80575962108276,-21.660113763816383,-61.77730824854879
2025-08-22 18:00:00,1266,20.96298798330747,41.15401387935936,14.89436905432594,0.9846224818340312,424.02868915072,4.174998279196338,23.518614,0.08,38.39546712232133,423.65733179583873,-427.48532,-193.25314962727828,-23.38603225090324,-182.0717040049433
2025-08-22 19:00:00,1267,20.498677169530534,1.584215861166264,14.612176996216276,0.974442447571681,419.0812668054934,3.5799245740484706,23.495401,0.08,1.4769729963586178,418.71292195366476,-427.35153,-181.5406186569204,-25.32380525327377,-214.0260609425927
2025-08-22 20:00:00,1268,20.459138090112447,0.0,15.824476168347624,0.9326131964511356,418.71356662838247,3.547423863487239,23.46961,0.08,0.0,418.3454322928103,-427.203,-164.75356321497367,-25.319047743008255,-198.9301815948591
2025-08-22 21:00:00,1269,19.67765032457237,0.0,17.12447761112267,0.9113565810092422,416.7025109533308,5.111983095195241,23.417143,0.08,0.0,416.33391795611135,-426.90097,-185.48753610492696,-39.64873139231726,-235.70332000011723
2025-08-22 22:00:00,1270,18.90016769407339,0.0,17.05570536325501,0.7898299255437595,399.52265076634905,3.7900395679579253,23.391256,0.08,0.0,399.16711075340413,-426.75204,-157.8533624875141,-40.44019014243396,-225.8784865542783
2025-08-22 23:00:00,1271,18.840044894988864,0.0,17.12024378083897,0.8196617426115874,402.3688590703506,2.2900140349953486,23.367138,0.08,0.0,402.010618434037,-426.61316,-122.27417931019119,-31.867233126139542,-178.74395318198125
2025-08-23 00:00:00,1272,18.270512033766977,0.0,16.04198686994828,0.873397989703166,401.15077088653385,3.000945291814731,23.338192,0.08,0.0,400.7920246632426,-426.44672,-152.75925828522955,-40.91823378928069,-219.33218371986138
2025-08-23 01:00:00,1273,17.813346946116894,0.0,15.62714668909872,0.9984942586875448,411.2396292668196,3.630191562431947,23.323948,0.08,0.0,410.8705442974479,-426.36478,-175.2482898248059,-49.506875896084914,-240.24939803477105
2025-08-23 02:00:00,1274,17.400542800415167,0.0,15.458634243478548,0.909213956973026,398.2523707923671,3.0530960331919004,23.293129,0.08,0.0,397.8937848333186,-426.18753,-163.2761695768746,-48.88648980895473,-240.45640507008886
2025-08-23 03:00:00,1275,17.105429366205556,0.0,15.48533221791607,0.793776062864763,385.1666074313737,2.9604877379585064,23.255138,0.08,0.0,384.8190006035996,-425.96918,-160.68107476325167,-50.56490599081109,-252.39615739655693
2025-08-23 04:00:00,1276,16.88548869892213,0.0,15.322937857905206,0.9073846866240256,394.8450351362133,2.7500240597738523,23.236582,0.08,0.0,394.4880781138692,-425.86255,-157.57502428562137,-50.70127360803047,-239.65076860790762
2025-08-23 05:00:00,1277,16.653115572571323,2.525543809723156,15.153942485980307,0.9355311284961204,396.0442366693101,3.423601302424352,23.206053,0.08,2.3484567787723716,395.6855414411962,-425.68726,-177.3590599904684,-58.36125225702492,-263.37356988689976
2025-08-23 06:00:00,1278,16.274760699508192,42.59209372201473,14.058286943497649,0.9233056618287552,388.5420941474468,4.009811458127954,23.174635,0.08,39.57471100033881,388.1891449969033,-425.50674,-209.27627691045478,-67.2136137995951,-274.23277909757337
2025-08-23 07:00:00,1279,16.139332063439667,88.89399764841254,13.88552488235858,0.9911308571716144,394.6217735169602,3.787381544832107,23.135702,0.08,82.9738529948427,394.26291926727805,-425.28336,-204.8939564292682,-66.23325848035715,-219.1737983603952
2025-08-23 08:00:00,1280,16.261974940184018,129.3193805484362,13.74997824826836,0.9946787664796288,395.1184622914769,3.610461067610437,23.12436,0.08,120.73775568668354,394.75950309275197,-425.2182,-200.93233504810988,-63.19779224102103,-173.8510691932892
2025-08-23 09:00:00,1281,16.698828208691282,238.3106062143517,13.488166896036478,0.8225505678931943,378.29114314599815,3.295900933696093,23.121077,0.08,220.13988704832724,377.94864984107005,-425.19928,-193.48692560413008,-55.96310954003822,-76.5607780399272
2025-08-23 10:00:00,1282,17.090814010447048,459.2791580778704,12.935605136110375,0.8424092963486531,379.90648551247614,2.9785492797059985,23.103346,0.08,424.7150473348288,379.56358655229945,-425.09756,-188.9987450719944,-49.42642059839786,140.75590351947042
2025-08-23 11:00:00,1283,17.7818738363992,526.806576890427,12.667560762268767,0.7270960606127959,371.7641196710415,3.280201775204467,23.146227,0.08,484.3571119465145,371.43038156315185,-425.34378,-199.71218465150366,-45.578929878034955,185.15259846254958
2025-08-23 12:00:00,1284,18.29520787626086,699.1864581225557,12.279010727054724,0.8099413099159146,380.03765003876094,3.5559924328699997,23.132296,0.08,645.4470142408588,379.69785065444273,-425.26373,-210.74337914068786,-42.3785740583465,346.75917878611085
2025-08-23 13:00:00,1285,18.679832299177065,626.6425508229843,12.906080717345665,0.7501640273948843,379.2145515992478,3.1000368996766747,23.119814,0.08,576.7662776349872,378.87650408459564,-425.1921,-186.65093652742019,-35.91025040528365,307.8894866325822
2025-08-23 14:00:00,1286,19.011248701876525,509.187488595336,13.302172206572724,0.9922340229897898,407.5585741489743,1.8824179489299364,23.119297,0.08,475.314291481827,407.19619648145067,-425.18912,-144.44367742900283,-26.396165660912033,286.48152744172216
2025-08-23 15:00:00,1287,19.19941551015097,327.3848144524944,13.697905794578029,0.95116941911421,405.5175107451831,4.048213244031119,23.13306,0.08,304.74095324601075,405.1574755343146,-425.26813,-202.54028190154358,-36.34811501974143,45.74190441763402
2025-08-23 16:00:00,1288,19.161529659282337,264.35765552207687,13.513409177121384,0.9453444965084166,403.8721657730076,2.8938030800821637,23.109484,0.08,245.97846183966965,403.5134856511595,-425.1329,-171.01164815900248,-30.499246713388146,22.84814856570415
2025-08-23 17:00:00,1289,19.389028308790277,139.2464753084334,12.985029672004003,0.9478979420955456,403.0706428556439,3.610164764044919,23.083197,0.08,129.58729725130425,402.7133074185467,-424.982,-197.09279423401037,-31.84340909698877,-121.61759329005444
2025-08-23 18:00:00,1290,19.03341635776644,34.66418267613963,12.258090117182263,0.8071251076536217,383.400063349418,3.681085577135391,23.061852,0.08,31.995218776981527,383.05922487106056,-424.85962,-209.77302955133567,-35.35069635585507,-254.92890139977365
2025-08-23 19:00:00,1291,18.743967738514755,2.5108456165094357,11.667940755539831,0.8843681737741806,386.8396533653373,3.031642745630632,23.019115,0.08,2.3274333860077867,386.49498087617053,-424.61447,-196.67011769385334,-34.061679783126635,-266.52385465034854
2025-08-23 20:00:00,1292,18.50808488714631,0.0,12.662693496919784,0.7068260711809444,373.63086337173246,2.72240076076148,22.984404,0.08,0.0,373.29734698172064,-424.4156,-175.5007789332669,-34.01207241978908,-260.6310927502416
2025-08-23 21:00:00,1293,17.934175101785513,0.0,13.813563381831283,0.4308153471980799,356.97002054547494,2.859294896297096,22.961952,0.08,0.0,356.6499448008926,-424.2869,-167.9147173608106,-39.62247068058789,-275.174138992459
2025-08-23 22:00:00,1294,17.66914988691309,0.0,14.366753915376544,0.7872779235813223,383.317478960392,2.1224955356594317,22.886564,0.08,0.0,382.9730655703519,-423.85516,-140.907083774968,-36.24713098159325,-218.0363127604281
2025-08-23 23:00:00,1295,17.356310403719476,0.0,14.282257745909586,1.0,403.7110264056403,2.670500652287524,22.835197,0.08,0.0,403.3473994719898,-423.5612,-156.48240839080876,-42.27718024422049,-218.9733769071801
2025-08-24 00:00:00,1296,16.352371932064557,0.0,14.778659509830495,0.8717835950622131,386.35086641324,3.2516185046428427,22.817926,0.08,0.0,386.0001220185391,-423.46237,-168.83909274642616,-56.01613299097425,-262.3174755450332
2025-08-24 01:00:00,1297,15.907017445828956,0.0,14.420557077592187,0.8723822261539681,382.7821263746975,2.6799192597673547,22.779026,0.08,0.0,382.43340105494707,-423.2398,-159.18807974296638,-54.89194488215136,-254.88643069907693
2025-08-24 02:00:00,1298,15.865328144497823,0.0,14.704325381941764,1.0,397.43449317956265,1.8917806912926984,22.749401,0.08,0.0,397.0723001491163,-423.07034,-135.09237820491336,-47.87098588816298,-208.96140696153816
2025-08-24 03:00:00,1299,15.73155682029278,0.0,14.598329380844104,1.0,396.3162446904215,1.2899453081297108,22.714563,0.08,0.0,395.95468961516264,-422.87134,-120.52379266274147,-43.16242198075426,-190.6028629189581
2025-08-24 04:00:00,1300,15.537921540965044,0.0,14.545976196811814,0.8679814317495849,380.9337849629984,1.5499625145072997,22.687948,0.08,0.0,380.58573182945725,-422.71924,-127.87297346360889,-46.86090200699584,-216.8673819223975
2025-08-24 05:00:00,1301,15.170501366545352,3.531215446879488,14.534037054122155,0.7210067672282691,365.6848056451264,1.8347381496737982,22.648666,0.08,3.245776064793448,365.34971424111603,-422.49487,-135.8046267162667,-52.26737936003903,-241.97138881727125
2025-08-24 06:00:00,1302,14.829121202728402,76.52336866764293,14.261634659518002,0.6247062715419004,355.6879085453878,2.1676384583952646,22.590914,0.08,70.05285742071382,355.3610964606522,-422.16504,-147.32062362658715,-58.055946484374324,-202.1276552920954
2025-08-24 07:00:00,1303,14.72074203618638,220.8202901431532,13.666694248992494,0.3912334704815797,339.66776436008394,2.0133170287047046,22.572437,0.08,200.56409337604703,339.3554039748604,-422.05966,-149.85271209742749,-57.26668329386719,-89.25955990562157
2025-08-24 08:00:00,1304,15.22714956265196,398.612839209896,13.499591520330316,0.1393480555120248,333.8164724542646,2.05627223217764,22.543236,0.08,359.76655512439936,333.510720175409,-421.89304,-150.26383460874925,-53.04484237396637,68.07556242842088
2025-08-24 09:00:00,1305,15.939401977288467,568.9816980984147,13.498591723329502,0.0,335.8926503502252,2.0367047053896834,22.490086,0.08,512.0835282885732,335.58672075221153,-421.5898,-145.85556649020202,-46.39468818936598,233.83018112879483
2025-08-24 10:00:00,1306,16.90905725951552,701.5891846475413,14.424028304220467,0.0,343.4937677707283,2.6337389554430284,22.511538,0.08,631.4302661827871,343.18329197011997,-421.71216,-148.07974949910812,-43.08884144316159,361.7328090075124
2025-08-24 11:00:00,1307,17.906248600764343,779.0244536817779,14.693477990463848,0.0,348.98854731976394,2.3662121778780465,22.599358,0.08,701.1220083136002,348.67555979504505,-422.2133,-136.7134987147209,-33.650832343556395,457.2199496968523
2025-08-24 12:00:00,1308,19.26750467088823,798.3749837716585,13.935962589534732,0.4016716944598693,362.3164241508605,3.0836973659850373,22.643156,0.08,725.3591611846097,361.99491499135326,-422.46335,-159.86773274463576,-26.561573834603767,478.46142120805155
2025-08-24 13:00:00,1309,20.270103455769004,709.9572844327796,12.578187663511033,0.5815679703353132,372.3787986438095,3.217403699529075,22.675875,0.08,648.8585449760083,372.0509222985046,-422.6502,-176.50231575740236,-18.919090572694966,402.83785342488426
2025-08-24 14:00:00,1310,20.796346284044603,642.6972193571006,13.454907988427347,0.5162578471426588,374.2222223907132,3.2492583528777845,22.72971,0.08,586.030647601151,373.89406229417517,-422.95786,-166.20561705828013,-15.115220514672938,355.6460170977638
2025-08-24 15:00:00,1311,21.10687213215533,538.5314115056822,13.55417734482747,0.5435540861071979,377.912500725724,3.2057872762614683,22.72668,0.08,491.51169422522014,377.5818988424907,-422.94058,-162.54102698787494,-12.476825325314117,271.1351584791311
2025-08-24 16:00:00,1312,21.048628850850548,384.21335328605977,13.13038152512916,0.1857917943452497,360.03699444762105,1.462085195621896,22.72838,0.08,347.12981667055715,359.7218885269246,-422.95035,-117.88659014229047,-9.10667282524251,156.90809432955822
2025-08-24 17:00:00,1313,21.264338920106525,241.4857082072108,13.605528279683194,0.3505869309935848,368.3148842342205,1.5322757775202784,22.707834,0.08,219.08230297717225,367.99306992553585,-422.8328,-114.7410894264576,-7.895622969095928,41.60586631770141
2025-08-24 18:00:00,1314,21.00422389096343,84.50949889770823,14.058009081269812,0.1866286064989414,363.3729313725465,2.466386792463075,22.673464,0.08,76.35426573890534,363.0547967108942,-422.6364,-136.2071719110284,-11.25032880085945,-130.68485183630708
2025-08-24 19:00:00,1315,20.868809129623287,3.6563780621897735,14.84349948271638,0.1868072264117003,365.5611283850134,1.6349094155565995,22.619558,0.08,3.303548208358225,365.24074284442025,-422.3286,-106.95958969890188,-9.912467931436398,-170.6563798588098
2025-08-24 20:00:00,1316,20.324500296608107,0.0,15.901123437677972,0.3976398333493401,374.1792772080928,1.0533392678644624,22.586433,0.08,0.0,373.84995436865097,-422.13943,-85.94573400280659,-11.292286702924578,-145.52750115153333
2025-08-24 21:00:00,1317,19.492706801428085,0.0,16.418150833566393,0.2457302522810366,365.78859823861904,1.972771210297101,22.560099,0.08,0.0,365.46457579398617,-421.98914,-103.96991143590441,-19.48036248572642,-179.97483386983217
2025-08-24 22:00:00,1318,18.793254138288944,0.0,16.94371896309484,0.3091038159277636,366.21998252355934,1.4598363148662954,22.537905,0.08,0.0,365.89380738163624,-421.86255,-90.07768174339017,-21.72784813941669,-167.77427132929563
2025-08-24 23:00:00,1319,18.38630039487276,0.0,16.95479045679452,0.3829668082280675,367.4056912823741,1.4109995162538884,22.503563,0.08,0.0,367.077419902577,-421.66672,-89.56310540159151,-23.910750909822035,-168.06315393813344
