time,Tair_[°C],sol_[W/m2],vap_[mbar],cloud_[-],rain_[m/hr],U10_[m/s],Temp_[C],Adir,H_sw,H_lw_in,H_lw_out,H_le,H_c,H_net_atm
2025-07-01 00:00:00,20.53,0.0,18.4,0.3784,0.0,0.599999099999325,22.5553716,0.074,0.0,381.8127247597636,-421.9622005981777,-58.21059868682619,-8.815134711580557,-107.17520923682079
2025-07-01 01:00:00,20.23,0.0,18.1,0.3774,0.0,0.5000659156551265,22.507538266666668,0.074,0.0,379.3713683472843,-421.6893324855433,-58.50043675059307,-9.720208696968664,-110.5386095858207
2025-07-01 02:00:00,20.63,0.0,17.7,0.3763,0.0,1.0000037249930622,22.459704933333335,0.074,0.0,380.101769282117,-421.41659673496696,-68.70979691848889,-8.859145335587039,-118.88376970692589
2025-07-01 03:00:00,20.03,0.0,17.6,0.3165,0.0,0.7000357133746821,22.4118716,0.074,0.0,374.22059431354995,-421.14399330363705,-64.71635054866135,-10.837859385525993,-122.47760892427443
2025-07-01 04:00:00,19.83,7.0,17.3,0.2408,0.0,0.699981921195112,22.364038266666668,0.074,6.332577535243293,369.69611487676895,-420.87152214875056,-66.64509762724883,-11.601746657542835,-123.08967402153
2025-07-01 05:00:00,19.83,54.0,17.8,0.2111,0.0,0.6000260411015508,22.33535626666667,0.074,48.81665805802448,370.36526027013014,-420.7082054086799,-60.99565903972045,-11.12784961353851,-73.64979573378423
2025-07-01 06:00:00,21.83,206.0,18.0,0.1869,0.0,0.4999864098153069,22.3066896,0.074,186.1219941536595,380.1977613048129,-420.5450234744581,-52.54792918929441,-1.8747997624765567,91.35200303224333
2025-07-01 07:00:00,22.93,227.0,18.3,0.188,0.0,1.1000028409054223,22.278022933333332,0.074,205.1007637969095,386.6324476205915,-420.3818890154085,-57.92696583735452,2.941680067948054,116.36603663268608
2025-07-01 08:00:00,24.73,564.0,19.6,0.1895,0.0,0.7999892811781918,22.493494133333332,0.074,509.6070985915493,399.71214444056176,-421.6092420245765,-43.631806254943335,8.550040066446956,452.62823481903814
2025-07-01 09:00:00,26.63,700.0,19.6,0.1893,0.0,1.1000394538379066,22.7091608,0.074,632.4881758435964,409.6273903316282,-422.84039768340676,-46.66480399061655,15.308022141583674,587.918386642785
2025-07-01 10:00:00,28.33,814.0,19.0,0.1893,0.0,1.499975446465708,22.924827466666667,0.074,735.4933930524106,416.8017021518993,-424.0742477308512,-55.66993511168481,22.45360041155377,695.0045127733277
2025-07-01 11:00:00,29.53,883.0,18.8,0.1893,0.0,1.8000250359370005,23.177464533333335,0.074,797.8386560998509,422.59578471037685,-425.5230411273813,-62.740928452929076,27.776021726340957,759.9464929562585
2025-07-01 12:00:00,30.83,938.0,20.1,0.1893,0.0,2.2000089113455883,23.4301312,0.074,847.5341556304191,433.7608524468213,-426.97571396370176,-61.36651015458361,34.80572401143295,827.7585079703881
2025-07-01 13:00:00,30.53,597.0,19.8,0.1893,0.0,2.2999806107878387,23.682797866666668,0.074,539.4220585408958,431.18525116344784,-428.4321030374159,-69.93315279420456,33.809660169530126,506.05171404225325
2025-07-01 14:00:00,30.43,647.0,20.8,0.1893,0.0,1.6999974499980874,23.775259466666668,0.074,584.599785386867,433.67985960923943,-428.96598847793877,-53.99258880390502,27.848403090701126,563.1694708049637
2025-07-01 15:00:00,32.03,708.0,19.9,0.1893,0.0,2.6000070249905094,23.8675928,0.074,639.7166121389517,439.7719820789423,-429.4996310679704,-73.79091383539702,41.52749851633413,617.7255478308607
2025-07-01 16:00:00,28.93,330.0,23.5,0.1893,0.0005,3.0000328481535,23.959926133333333,0.074,298.17299718340973,432.9588725875898,-430.0337714000624,-57.90746083123101,30.849416701612704,274.0400542413188
2025-07-01 17:00:00,28.33,312.0,24.6,0.1893,0.0,1.5000534023827288,23.868406666666665,0.074,281.9090155188601,432.4694294588746,-429.5043370413331,-32.15781335185922,19.31699637809606,272.0332909626385
2025-07-01 18:00:00,27.73,61.0,23.4,0.1866,0.0,2.0999520970726926,23.77674,0.074,55.11341590382707,426.0319199182498,-428.97454132889123,-46.864454513175794,20.607471056440083,25.9138110364499
2025-07-01 19:00:00,26.83,29.0,21.6,0.1841,0.0,2.0999393729343714,23.68507333333333,0.074,26.199962883418692,416.2857557249116,-428.44523589687236,-61.449926907970436,16.86636633441502,-30.543077862097448
2025-07-01 20:00:00,26.33,8.0,19.3,0.1646,0.0,1.899978591984657,23.540115999999998,0.074,7.224393156805055,406.54950650521243,-427.6092172407013,-75.11508577467346,14.413007461715951,-74.53739589164134
2025-07-01 21:00:00,25.83,0.0,17.0,0.1637,0.0,3.7000294444774355,23.395115999999998,0.074,0.0,396.6623252403941,-426.7741771317048,-133.9206157526298,18.501712404807222,-145.53075523913324
2025-07-01 22:00:00,23.83,0.0,17.1,0.159,0.0,1.2000390201989268,23.250116,0.074,0.0,386.7531025667194,-425.9403606270143,-79.61909878325984,2.7004347054677704,-116.10592213808695
2025-07-01 23:00:00,22.73,0.0,17.1,0.1583,0.0,0.9000148109892414,23.143418666666665,0.074,0.0,381.24436222281065,-425.32758278751305,-74.80863305145606,-1.8385106552540482,-120.73036427141251
2025-07-02 00:00:00,21.43,0.0,17.7,0.1565,0.0,1.000036104348238,23.036752,0.074,0.0,376.6410451083176,-424.71564220211536,-75.10102978599726,-7.713111911802451,-130.88873879159746
2025-07-02 01:00:00,20.83,0.0,17.6,0.1584,0.0,0.6999989499992125,22.930085333333334,0.074,0.0,373.427147499772,-424.1043621770543,-69.8185577363804,-9.4455727826828,-129.94134519634554
2025-07-02 02:00:00,20.13,0.0,17.8,0.125,0.0,0.7999803310082068,22.838739733333334,0.074,0.0,370.01422055637863,-423.5814080534765,-71.08772804748098,-12.845668502288646,-137.50058404686746
2025-07-02 03:00:00,19.43,0.0,17.7,0.1393,0.0,0.6999989499992125,22.7474064,0.074,0.0,366.5603361047504,-423.0590078411196,-70.43558735338694,-15.671498232207245,-142.60575732196338
2025-07-02 04:00:00,18.73,5.0,17.8,0.1783,0.0,0.6999716065670093,22.656073066666664,0.074,4.516638853817863,364.245609114728,-422.5370909824147,-70.283456719124,-18.990974912723008,-143.04927464571588
2025-07-02 05:00:00,19.23,77.0,18.2,0.1831,0.0,0.5999645989556384,22.63102,0.074,69.5638316913424,367.931175822737,-422.3940117209501,-63.889522098464624,-15.672089681102886,-64.46061598643827
2025-07-02 06:00:00,21.13,226.0,18.3,0.1908,0.0,0.5999645989556384,22.60602,0.074,204.21036214901613,377.7153408043116,-422.2512717505179,-58.02168288097975,-6.273349113767562,95.37939920806258
2025-07-02 07:00:00,22.83,398.0,17.2,0.1702,0.0,0.8999679383178046,22.58102,0.074,359.4586875068314,382.3123723902566,-422.1085679603228,-65.92121160676157,1.0765604814981993,254.81784081150184
2025-07-02 08:00:00,24.73,572.0,18.7,0.1634,0.0,0.9,22.806486133333333,0.074,516.530264183818,396.41909467954537,-423.39687157802194,-54.3831496707189,7.718316546080181,442.8876541607027
2025-07-02 09:00:00,26.53,743.0,18.1,0.1637,0.0,1.2000243039205498,23.0321528,0.074,670.9520227631651,403.8564250649218,-424.6892717122214,-61.84047807547529,14.391386282237654,602.6700843226279
2025-07-02 10:00:00,28.23,820.0,18.5,0.1637,0.0,1.6999950264633128,23.257819466666668,0.074,740.4854087022818,414.0528047063731,-425.9846283364795,-67.50179337199802,22.362621695175033,683.4144133953523
2025-07-02 11:00:00,29.43,899.0,18.4,0.1637,0.0,1.2999975769208187,23.59939333333333,0.074,811.824856613843,420.12049989924,-427.9509419501747,-61.189087575435465,22.226866054621297,765.0321930420941
2025-07-02 12:00:00,30.83,925.0,18.3,0.1637,0.0,1.7000234174857711,23.94106,0.074,835.3036622556228,427.33256493816333,-429.9245919778112,-70.85840681021759,28.52875906054102,790.3819874662985
2025-07-02 13:00:00,31.63,892.0,18.0,0.1637,0.0,2.5000143119590335,24.28272666666667,0.074,805.5036397102871,430.6671861784637,-431.90506079628454,-94.42817829402405,37.52795868292082,747.3655454813629
2025-07-02 14:00:00,31.43,525.0,19.0,0.1637,0.0,2.5999417012694725,24.195736533333335,0.074,474.0912677667048,432.9093665286,-431.40017509573715,-88.0758431103465,38.053084645595085,425.5777007348162
2025-07-02 15:00:00,30.83,368.0,18.9,0.1637,0.0,3.1000188144590353,24.1084032,0.074,332.3154029298045,429.30655548953735,-430.8937428837047,-100.16063293975905,40.41598474003986,270.9835673359179
2025-07-02 16:00:00,29.03,293.0,18.4,0.1637,0.0,5.999962208214315,24.021069866666668,0.074,264.58807896313243,417.9830504248652,-430.3877566883324,-174.21692681867327,50.80891172741847,128.77535760841045
2025-07-02 17:00:00,28.83,250.0,17.2,0.1636,0.0,4.699983201033808,23.82848746666667,0.074,225.75724243084295,412.9175751597242,-429.2735601645168,-155.77960434464998,42.192898964598655,95.81455204599901
2025-07-02 18:00:00,29.13,245.0,13.7,0.1658,0.0,6.700027063378177,23.6358208,0.074,221.25297895540294,401.29522351493284,-428.16104227394806,-254.8779252967713,60.29198351597384,-0.1987815844097156
2025-07-02 19:00:00,28.03,89.0,13.0,0.1721,0.0,3.400017419073026,23.443154133333334,0.074,80.38490322227695,392.8814998944387,-427.05068821110086,-161.76245238440217,31.209446288975922,-84.33729118981145
2025-07-02 20:00:00,26.73,6.0,13.5,0.1759,0.0,1.299998315383524,23.354737333333336,0.074,5.419671947809879,388.55855777022305,-426.541858402802,-97.28335129971842,14.407564548144999,-115.43941543634249
2025-07-02 21:00:00,25.43,0.0,14.5,0.1968,0.0,1.099958917414646,23.266404,0.074,0.0,386.5329022141962,-426.0339631305873,-89.0815814306188,9.153861165390767,-119.42878118161914
2025-07-02 22:00:00,23.63,0.0,15.2,0.2063,0.0,0.6999586987815781,23.178070666666667,0.074,0.0,380.4228222339469,-425.52652156723616,-79.54994628852043,1.818207075699683,-122.83543854611003
2025-07-02 23:00:00,22.33,0.0,16.2,0.2039,0.0018,1.300046499168395,23.101727733333334,0.074,0.0,377.3949988814916,-425.0883256141318,-91.06710587904152,-3.889203881794767,-142.64963649347652
2025-07-03 00:00:00,20.03,0.0,20.1,0.2367,0.0003,2.3000046804300203,23.0253944,0.074,0.0,378.5747157208338,-424.6505232187225,-81.21749840053344,-20.271638868498297,-147.56494476692046
2025-07-03 01:00:00,20.03,0.0,20.5,0.308,0.0,1.5999975999982001,22.94906106666667,0.074,0.0,382.12477361839984,-424.2130590829672,-65.35298892429894,-17.027313883782124,-124.46858827264845
2025-07-03 02:00:00,19.53,0.0,20.2,0.3333,0.0,1.3000056692184077,22.88238666666667,0.074,0.0,379.8477227806268,-423.8312266439936,-63.3954252678166,-18.502904473521998,-125.8818336047054
2025-07-03 03:00:00,19.33,0.0,19.9,0.3366,0.0,1.3,22.81572,0.074,0.0,378.1783573021949,-423.4496962699798,-65.24891987789283,-19.325192249933824,-129.84545109561157
2025-07-03 04:00:00,19.33,4.0,19.3,0.3366,0.0,0.9000247218826826,22.749053333333332,0.074,3.6275205001803537,376.5279984875889,-423.06842354250114,-62.595915432505315,-17.115378121943934,-122.62419810918112
2025-07-03 05:00:00,19.73,56.0,18.6,0.3398,0.0,0.8000412801849665,22.729349066666668,0.074,50.789699554270555,376.6609286815677,-422.9557823623521,-64.79534588539221,-14.386113159139414,-74.68661317104547
2025-07-03 06:00:00,21.43,170.0,18.7,0.348,0.0,0.6,22.709682400000002,0.074,154.21757869249393,385.81865291022183,-422.8433785559555,-56.080660862817986,-5.39222888822305,55.71996329571928
2025-07-03 07:00:00,23.43,363.0,17.5,0.367,0.0,0.9000055110942377,22.690015733333336,0.074,329.47373790569503,393.17042610732415,-422.7309971551901,-63.77315160071196,3.1320945189148097,239.27210977603198
2025-07-03 08:00:00,24.83,389.0,17.8,0.3727,0.0,1.2999595147542096,22.871188266666667,0.074,353.12914656178947,401.629690075807,-423.76712068858836,-68.30566710469884,8.877055086796013,271.5631039311053
2025-07-03 09:00:00,26.23,659.0,18.2,0.3731,0.0,1.8999996447368088,23.052521600000002,0.074,598.2384096133751,410.2752615815991,-424.8060698770004,-76.06529118063598,16.186511185450037,523.8288213227878
2025-07-03 10:00:00,27.83,839.0,19.3,0.3731,0.0,1.8000004277777268,23.233854933333333,0.074,761.6419205851619,422.3202686509081,-425.84692828807937,-64.57130070795489,21.596959443852583,715.1409196838882
2025-07-03 11:00:00,27.93,609.0,19.9,0.3731,0.0,2.1999946409025637,23.368225866666666,0.074,552.8485454545454,424.7150042123949,-426.61945415001475,-68.98145995627904,23.863420947063855,505.8260565077103
2025-07-03 12:00:00,27.43,297.0,20.2,0.3731,0.0,2.299967338898533,23.5025592,0.074,269.61579310344825,422.90485005831545,-427.3928139997162,-71.71681993964917,21.52445343074786,214.93546265314617
2025-07-03 13:00:00,28.43,666.0,21.0,0.3731,0.0,2.599990948061166,23.636892533333334,0.074,604.5929905956112,430.73908774185395,-428.1672248116598,-69.90713431467817,27.387906257414702,564.6456254685419
2025-07-03 14:00:00,28.23,495.0,19.6,0.3731,0.0,2.200041120070259,23.687626133333335,0.074,449.3596551724138,425.4249112617406,-428.4599697454612,-75.78480976709197,23.778595387195466,394.3183823087967
2025-07-03 15:00:00,28.33,367.0,20.0,0.3731,0.0,2.499973607860691,23.7382928,0.074,333.1616029258098,427.20062563308954,-428.75247825132215,-78.7295919379137,25.805272351454228,278.6854307211177
2025-07-03 16:00:00,27.93,263.0,20.1,0.3731,0.0,2.9999608530779196,23.788959466666668,0.074,238.7506854754441,425.3221785852373,-429.04513650272344,-89.01013998297981,26.341427172120657,172.35901474709877
2025-07-03 17:00:00,27.33,176.0,19.8,0.3733,0.0,2.099983011836048,23.708064800000002,0.074,159.77322628634658,421.1679753981882,-428.57794812104237,-75.05457650575556,19.103594165058084,96.41227122279496
2025-07-03 18:00:00,26.63,77.0,20.0,0.3785,0.0,2.3000429409034955,23.6270648,0.074,69.9111088498304,418.26842822088577,-428.1105338026791,-77.52115086688895,16.974101137741073,-0.4780464611107931
2025-07-03 19:00:00,25.83,38.0,20.5,0.3929,0.0,1.7000455199788034,23.5460648,0.074,34.51586509862486,416.2096617854875,-427.64350191603734,-63.70724832991911,11.413706575208725,-29.211516786635368
2025-07-03 20:00:00,24.73,3.0,19.7,0.4282,0.0,2.2999355164873645,23.450742933333334,0.074,2.7277875047715994,409.96833864960496,-427.0943821967455,-81.84620513544962,7.640760825450469,-88.60370035236814
2025-07-03 21:00:00,23.53,0.0,19.5,0.4653,0.0,1.7999717136666342,23.3554096,0.074,0.0,405.25145608081993,-426.5457255136355,-75.94391837434722,0.963896591431131,-96.27429121573164
2025-07-03 22:00:00,22.83,0.0,19.8,0.5123,0.0,1.3000181114122988,23.26007626666667,0.074,0.0,405.48583048336997,-425.9975976144808,-64.96973346552366,-2.1400820668234686,-87.62158266345797
2025-07-03 23:00:00,22.53,0.0,19.9,0.558,0.0,1.19999819999865,23.1920544,0.074,0.0,407.4115770848321,-425.60682260572486,-62.22081467857075,-3.2359156144000236,-83.65197581386352
2025-07-04 00:00:00,22.23,0.0,20.0,0.5811,0.0,1.19999819999865,23.124054400000002,0.074,0.0,407.8360318504374,-425.21644199812647,-61.163996271282535,-4.408420896118555,-82.95282731509018
2025-07-04 01:00:00,21.83,0.0,20.4,0.5639,0.0,1.599974577923037,23.0560544,0.074,0.0,405.57176882011515,-424.8263300046013,-64.16508782869134,-6.765822275629421,-90.1854712888069
2025-07-04 02:00:00,20.63,0.0,21.4,0.5624,0.0097,1.600016440540534,22.996714133333334,0.074,0.0,401.8762101361895,-424.4861177751848,-57.131347876260364,-13.562420977749548,-93.30367649300523
2025-07-04 03:00:00,19.83,0.0,21.4,0.5457,0.0083,1.8000362357463806,22.9373808,0.074,0.0,396.4857252692065,-424.14614963962146,-60.19858686502155,-19.05178281648407,-106.91079405192056
2025-07-04 04:00:00,19.33,1.0,20.7,0.5043,0.0009,1.39998544278146,22.87804746666667,0.074,0.9114636624991643,389.2587756600981,-423.8063857536369,-60.97762870747965,-20.178230420338195,-114.79200555885751
2025-07-04 05:00:00,19.43,9.0,20.9,0.4747,0.0,1.1999704204687716,22.8310376,0.074,8.195232544417491,388.4648673729247,-423.5373354124497,-55.596819642143366,-18.35491121844937,-100.82896635570027
2025-07-04 06:00:00,19.73,42.0,21.1,0.4608,0.0,0.9,22.784037599999998,0.074,38.227509355509355,389.702480377364,-423.26846962436287,-48.79575303102548,-15.08080586960723,-59.21503879212221
2025-07-04 07:00:00,20.03,52.0,21.0,0.4445,0.0,1.0999958045374536,22.737037599999997,0.074,47.30522404371585,390.0318247020805,-422.9997318656394,-50.92143489611247,-13.904436538797787,-50.488554554753314
2025-07-04 08:00:00,20.13,62.0,21.3,0.4429,0.0001,1.000036104348238,22.740996799999998,0.074,56.39959745681073,391.245839482927,-423.02236493977574,-47.23800174711037,-13.021396844962219,-35.63632659211058
2025-07-04 09:00:00,20.63,246.0,21.1,0.4429,0.0001,0.8,22.7449968,0.074,223.77904797379745,393.2936064894798,-423.04523217261084,-45.31556859873281,-9.796554248834184,138.9152994430995
2025-07-04 10:00:00,21.83,440.0,21.0,0.4429,0.0,1.0999983499987624,22.7489968,0.074,400.2552077580117,399.2531057428027,-423.06810033253004,-47.77066204222855,-4.414853115600373,324.2546980104555
2025-07-04 11:00:00,22.43,407.0,20.3,0.4429,0.0,1.1000045681723327,22.892218666666665,0.074,370.2360671761608,400.4494069221525,-423.88751655138844,-53.610781694450374,-2.1812470361247476,291.0059288163497
2025-07-04 12:00:00,23.13,447.0,20.0,0.4429,0.0,0.9,23.035552,0.074,406.6229042450709,403.25986908759165,-424.7087616288744,-53.004504210161514,0.4110995185641316,332.58060701219074
2025-07-04 13:00:00,24.33,679.0,20.6,0.4429,0.0,0.8999986499989875,23.178885333333334,0.074,617.6665592447498,411.3273472955659,-425.5311994467799,-48.38608632839922,4.784271838471096,559.8608926036077
2025-07-04 14:00:00,25.43,640.0,19.7,0.4429,0.0,1.399966071017437,23.402820799999997,0.074,582.1893931025625,414.56889338240336,-426.81851749144687,-63.146056907643256,9.427641306640945,516.2213533925166
2025-07-04 15:00:00,26.43,727.0,19.0,0.4429,0.0,1.4000560345929016,23.626820799999997,0.074,661.330763727442,417.78336842859744,-428.1091263670253,-68.58825407921529,12.632450467914248,595.0492021777131
2025-07-04 16:00:00,26.23,521.0,19.1,0.4429,0.0,1.5000421327416107,23.850820799999997,0.074,473.9385528225548,417.02155666574237,-429.40265992848697,-73.88307316668782,11.221982047831482,398.8963584409538
2025-07-04 17:00:00,26.23,297.0,19.6,0.4424,0.0,1.6000036281208865,23.783720533333334,0.074,270.16810169491526,418.53339968169706,-429.01486869669355,-71.23965797344886,11.829436679854807,200.27641138632472
2025-07-04 18:00:00,25.53,218.0,19.2,0.4378,0.0,1.3000184037158857,23.7163872,0.074,198.2771819229292,413.2771892266483,-428.6259945960568,-69.093553367166,8.268131208949793,122.10295439530451
2025-07-04 19:00:00,24.23,52.0,20.3,0.4351,0.0,1.3999300053931267,23.649053866666666,0.074,47.29156930155281,409.47258003225875,-428.2373849221745,-65.53049433730737,2.8579310314110615,-34.14579889425922
2025-07-04 20:00:00,22.83,3.0,19.6,0.4151,0.0,2.3999876416348482,23.4861304,0.074,2.726714745409805,398.9583746048685,-427.2981766626301,-90.15136498845894,-4.241326969047347,-120.0057792698581
2025-07-04 21:00:00,21.73,0.0,18.9,0.3634,0.0,2.4999815699320664,23.3231304,0.074,0.0,388.6329059468816,-426.36007404702946,-98.67308222891428,-10.785185580108122,-147.18543590917028
2025-07-04 22:00:00,20.73,0.0,18.7,0.3408,0.0,1.2999906615049202,23.1601304,0.074,0.0,381.9797670508271,-425.42351693282967,-77.3040140185824,-12.99596430950973,-133.7437282100947
2025-07-04 23:00:00,19.63,0.0,17.5,0.2998,0.0,1.8000148054946659,23.0590808,0.074,0.0,371.31297187626143,-424.84368657337654,-99.07324289130408,-21.229157446504903,-173.83311503492408
2025-07-05 00:00:00,18.93,0.0,16.6,0.2462,0.0,1.2000340828493163,22.9580808,0.074,0.0,363.34781683585,-424.2647332973836,-94.28388191176562,-22.20887832706747,-177.4096767003667
2025-07-05 01:00:00,18.23,0.0,16.7,0.1973,0.0,0.7999882811641681,22.8570808,0.074,0.0,358.99580345498913,-423.68637194700057,-85.11831291796223,-23.593270911783605,-173.40215232175726
2025-07-05 02:00:00,17.93,0.0,16.5,0.1728,0.0,0.4,22.7700696,0.074,0.0,356.411181744858,-423.1885896807721,-77.37604134150894,-22.32581866143101,-166.47926793885404
2025-07-05 03:00:00,17.73,0.0,16.0,0.155,0.0,0.6,22.6830696,0.074,0.0,353.5593942214765,-422.6913101600484,-84.75439678930934,-24.253417730056572,-178.1397304579378
2025-07-05 04:00:00,17.63,4.0,16.0,0.1589,0.0,0.4,22.5960696,0.074,3.611737765466297,353.1641414944045,-422.1944690247219,-79.23497373928997,-23.023348136833498,-167.67691164097462
2025-07-05 05:00:00,18.13,50.0,17.1,0.1616,0.0,0.2999995499996625,22.556365066666668,0.074,45.14943429068755,358.95691914412714,-421.96786929162283,-67.5400390596348,-19.49516699615101,-104.89672191259393
2025-07-05 06:00:00,19.23,66.0,17.3,0.1535,0.0,0.19999969999977502,22.5166984,0.074,59.58654427294882,364.65995635113416,-421.741576766322,-60.65040722389761,-13.347244631474425,-71.49272799761107
2025-07-05 07:00:00,20.13,228.0,17.1,0.1613,0.0,0.4999992499994375,22.477031733333334,0.074,205.88004437918096,368.5478438649385,-421.5153752701804,-64.79894750579282,-10.046913760138798,78.06665170800743
2025-07-05 08:00:00,22.13,514.0,18.7,0.1595,0.0,1.4999923799806452,22.56925946666667,0.074,464.11449171420816,383.16126689617454,-422.04144956457867,-67.90485646354864,-2.3020076590639977,355.0274449231914
2025-07-05 09:00:00,22.73,447.0,17.6,0.1595,0.0,2.2999657606147097,22.6615928,0.074,403.61707742461294,382.8419725818989,-422.56861932924477,-92.00880659155102,0.42398508912417227,272.3056091748403
2025-07-05 10:00:00,24.43,802.0,17.4,0.1595,0.0,2.099941761097198,22.753926133333334,0.074,724.1630785112742,390.75480100673775,-423.0962828035028,-86.67418239866927,9.446548780185466,614.5939630960253
2025-07-05 11:00:00,25.93,880.0,16.5,0.1595,0.0,2.700035934946052,22.985148266666666,0.074,794.5929041021462,395.39305757953315,-424.41983164136116,-107.19686610636029,18.226135472244277,676.5953994062022
2025-07-05 12:00:00,26.73,879.0,17.0,0.1595,0.0,2.399973801940346,23.2164816,0.074,793.689957620212,401.1940406768608,-425.74712210650165,-97.62735161430761,19.98824743551937,691.497772011783
2025-07-05 13:00:00,27.53,899.0,16.8,0.1595,0.0,2.4000581659618168,23.447814933333333,0.074,811.7488872588972,404.65193332149386,-427.07752327246436,-100.85295656982508,22.792247162258903,711.2625879003607
2025-07-05 14:00:00,27.83,801.0,16.6,0.1595,0.0,2.4999773618975034,23.554581333333335,0.074,723.26013202934,405.51651987414283,-427.6925887785098,-105.87691742274004,24.279160086075958,619.486305788309
2025-07-05 15:00:00,28.13,696.0,16.7,0.1595,0.0,2.000024999843752,23.661248,0.074,628.450751426243,407.42668775361744,-428.30774291657104,-93.60378654443048,22.27929762093555,536.2452073397944
2025-07-05 16:00:00,28.03,500.0,16.6,0.1595,0.0,2.299996210866444,23.767914666666666,0.074,451.47324096712856,406.5565225761203,-428.92356040248455,-104.0775963624699,23.093483889364517,348.122090667659
2025-07-05 17:00:00,27.63,369.0,16.8,0.1594,0.0,2.2000089113455883,23.667746933333333,0.074,333.1865111376725,405.1689103254945,-428.3452441547857,-99.59494280194617,21.168918746877733,231.58415325331285
2025-07-05 18:00:00,26.53,151.0,15.5,0.1573,0.0,2.3999869207976947,23.5674136,0.074,136.33825809952785,394.8707815428494,-427.7665582740169,-117.76671629798258,17.157510568645854,2.8332756390235616
2025-07-05 19:00:00,25.53,68.0,11.9,0.1415,0.0,1.9999968224974758,23.467080266666667,0.074,61.3760279795534,375.07033951956976,-427.1884589361892,-138.50115738580502,11.207442993529533,-118.03580582934154
2025-07-05 20:00:00,23.33,3.0,12.8,0.1313,0.0,1.800021088765351,23.342433066666665,0.074,2.7071668004495106,368.1722870735935,-426.47108464174926,-132.29799968644602,-0.0690748489595403,-187.9587053031118
2025-07-05 21:00:00,21.33,0.0,13.0,0.1342,0.0,1.3000056692184077,23.2177664,0.074,0.0,359.52994738226676,-425.7545024141216,-121.67138709790665,-9.905176956804818,-197.80111908656627
2025-07-05 22:00:00,20.93,0.0,12.1,0.1019,0.0,1.6999744498079965,23.093099733333332,0.074,0.0,353.5461410847648,-425.0388235992957,-141.0767413469718,-12.597982102882437,-225.16740596438513
2025-07-05 23:00:00,19.63,0.0,12.6,0.1088,0.0,1.6000153311765486,22.994079199999998,0.074,0.0,349.66041407573675,-424.47101579908804,-137.34789045173093,-19.90157020639247,-232.0600623814747
2025-07-06 00:00:00,18.93,0.0,12.2,0.1435,0.0,1.5000534023827288,22.895079199999998,0.074,0.0,345.36718073888443,-423.90389465437937,-138.9570838463163,-23.37898408300043,-240.87278184481167
2025-07-06 01:00:00,18.13,0.0,12.4,0.2063,0.0,1.1,22.796079199999998,0.074,0.0,343.80344570389707,-423.33734198288823,-126.5978498373032,-25.666301314976195,-231.79804743127056
2025-07-06 02:00:00,17.43,0.0,12.6,0.2778,0.0,0.9000256551898951,22.7220592,0.074,0.0,343.40257592601546,-422.9141148965597,-120.6138993154879,-28.334182175562724,-228.45962046159485
2025-07-06 03:00:00,17.33,0.0,12.6,0.3443,0.0,0.6999681207026504,22.648059200000002,0.074,0.0,345.3277856088922,-422.49131945338786,-113.8511197570508,-27.10041536999469,-218.11506897154115
2025-07-06 04:00:00,16.83,4.0,12.7,0.4012,0.0,0.6999681207026504,22.5740592,0.074,3.6341275956967727,345.8567233531271,-422.0688410970778,-113.88331877375145,-29.72619427795829,-216.18750319996363
2025-07-06 05:00:00,16.93,69.0,13.1,0.4475,0.0,0.5999933082960176,22.54935306666667,0.074,62.776222222222216,350.116245462206,-421.927860233766,-107.14688549405015,-28.211983492785603,-144.39426153617356
2025-07-06 06:00:00,18.73,205.0,14.2,0.4841,0.0,0.4,22.5246864,0.074,186.7258572465202,364.7549745349932,-421.78713981604307,-86.70452741504758,-16.76628645736454,26.22287809305823
2025-07-06 07:00:00,20.53,321.0,13.7,0.4965,0.0,0.599999099999325,22.500019733333332,0.074,292.50412437645497,372.3359076639584,-421.64645460081965,-88.21067233089188,-8.553951356553323,146.4289537521485
2025-07-06 08:00:00,21.83,493.0,15.0,0.5031,0.0,0.999998499998875,22.6828536,0.074,449.3336176097268,384.08098275652475,-422.69007608069165,-87.67866324341976,-3.974494271096081,319.07136677104404
2025-07-06 09:00:00,23.93,734.0,15.3,0.5034,0.0,1.699950922821009,22.8658536,0.074,668.9942605906722,395.86947518585833,-423.73658460627627,-98.33756770852784,5.559135846919971,548.3487193086465
2025-07-06 10:00:00,24.93,748.0,14.1,0.5034,0.0,1.899983002555549,23.0488536,0.074,681.7543691033009,396.38010705628324,-424.7850351625832,-112.55798445748981,10.03613522193733,550.8275917614485
2025-07-06 11:00:00,25.73,588.0,11.1,0.5034,0.0,2.6000099422886827,23.085304266666668,0.074,535.9245575304022,387.0417564600808,-424.99410185282727,-157.17251416962802,16.16822850276449,356.96792647079224
2025-07-06 12:00:00,24.63,337.0,12.1,0.5034,0.0,2.700029407247262,23.1216376,0.074,307.1540406254176,386.3092499825743,-425.2025723558739,-156.86275017288128,9.738291349555887,121.13625942879261
2025-07-06 13:00:00,23.53,278.0,12.0,0.5034,0.0,2.899972844700447,23.157970933333335,0.074,253.37929760791127,380.3845809382674,-425.4111195446117,-170.0734067781507,2.578277735354693,40.857629958770865
2025-07-06 14:00:00,23.13,223.0,11.4,0.5034,0.0,4.999962192857062,23.0331,0.074,203.25029987972738,375.6481822955565,-424.69470258415754,-244.76082256878237,0.9440203100088449,-89.61302266764717
2025-07-06 15:00:00,22.03,200.0,11.5,0.5034,0.0,6.299960396700919,22.9081,0.074,182.28726446612322,370.76129955208796,-423.97845178537267,-286.79370605712023,-10.214512145255542,-167.93810596953725
2025-07-06 16:00:00,21.13,94.0,12.6,0.5034,0.0,5.60001006427667,22.7831,0.074,85.67501429907792,371.2345516890722,-423.2631073405533,-246.23665741321042,-17.946726058802227,-230.53692482441582
2025-07-06 17:00:00,21.03,47.0,12.7,0.5037,0.0,3.69998176481993,22.7220488,0.074,42.837935307090824,371.185577402562,-422.9140554543734,-187.19913404509197,-14.155302332191672,-210.2449791220042
2025-07-06 18:00:00,21.23,42.0,12.9,0.5088,0.0,1.5999765623283362,22.6610488,0.074,38.28723605150214,373.30509748472474,-422.56551195933287,-121.8111406222943,-7.951599036243908,-140.73591808164423
2025-07-06 19:00:00,20.63,9.0,13.0,0.5226,0.0,3.7000420132749845,22.6000488,0.074,8.208241234601326,371.6480366296506,-422.21718394709006,-181.97889461495004,-16.582962281858208,-240.9227629796464
2025-07-06 20:00:00,19.23,0.0,13.9,0.5441,0.0001,2.7000330090574822,22.54038106666667,0.074,0.0,369.7437424999081,-421.87667196042514,-147.88383282514718,-24.338116153088436,-224.35487843875268
2025-07-06 21:00:00,17.13,0.0,14.4,0.5732,0.0003,2.7000383589867756,22.4807144,0.074,0.0,363.3306117902273,-421.5363720604863,-148.54410584011802,-41.36842884512647,-248.11829495550353
2025-07-06 22:00:00,15.83,0.0,15.4,0.6105,0.0002,1.8000250359370005,22.42104773333333,0.074,0.0,363.10112456892386,-421.1962780750761,-119.02892129901085,-44.67921384288176,-221.80328864804486
2025-07-06 23:00:00,15.93,0.0,15.6,0.6523,0.0,0.9999779997579946,22.37104,0.074,0.0,367.3305534313225,-420.91139758741144,-97.64956993697584,-36.70815226477162,-187.93856635783638
2025-07-07 00:00:00,16.13,0.0,15.7,0.6786,0.0,0.49997049912969865,22.32104,0.074,0.0,370.69343795501624,-420.6267056567796,-84.22205591043907,-30.9260477085955,-165.08137132079793
2025-07-07 01:00:00,16.13,0.0,15.9,0.6923,0.0004,0.4,22.27104,0.074,0.0,372.4640037259421,-420.3421581684295,-79.7901780171628,-29.81210580289446,-157.48043826254462
2025-07-07 02:00:00,15.83,0.0,16.4,0.6754,0.0001,1.000008419964552,22.222372266666667,0.074,0.0,371.2674979984538,-420.065331216731,-88.55873780691697,-36.373208439702296,-173.72977946489647
2025-07-07 03:00:00,15.63,0.0,15.9,0.6571,0.0,0.7,22.1737056,0.074,0.0,367.22534011894095,-419.7886470839007,-86.23343067447577,-34.83753659432464,-173.63427423376012
2025-07-07 04:00:00,15.53,1.0,15.5,0.6741,0.0,1.4000257461918335,22.125038933333332,0.074,0.9172859189984162,366.7124543984384,-419.5120996560882,-104.31930233526968,-41.24310332315018,-197.44476499707127
2025-07-07 05:00:00,15.53,22.0,15.5,0.6798,0.0001,1.0,22.094357866666666,0.074,20.185161642175427,367.1590552921409,-419.33782530340375,-95.02404294106331,-37.56163802893238,-164.57928933908306
2025-07-07 06:00:00,16.03,81.0,15.9,0.6826,0.0002,0.6000508145149043,22.0636912,0.074,74.32696250189767,371.1879983700984,-419.16368701088953,-81.20298892866266,-30.757398704606647,-85.60911377216274
2025-07-07 07:00:00,16.43,129.0,16.4,0.6822,0.0002,0.7999527986075179,22.033024533333336,0.074,118.37054879344362,374.7936469670489,-418.98960295977406,-79.74449442806879,-29.585901478047905,-35.15580310539822
2025-07-07 08:00:00,17.03,234.0,16.4,0.677,0.0,0.8999986499989875,22.047988,0.074,214.67121088435374,377.37613211926987,-419.0745386047774,-80.28075577285891,-26.610921623516436,66.08112700247088
2025-07-07 09:00:00,18.23,403.0,17.0,0.6769,0.0,2.099998690475782,22.062988,0.074,369.7099643262036,385.39412325955396,-419.1596945803227,-95.05163648297571,-25.529163754393068,215.363592768066
2025-07-07 10:00:00,19.03,377.0,16.5,0.6769,0.0,2.500021089911043,22.077987999999998,0.074,345.8577085632227,387.83254612749965,-419.2448635329836,-106.03233780288983,-21.458846583024137,186.9542067718248
2025-07-07 11:00:00,18.13,352.0,15.5,0.6769,0.0,3.199980289001793,22.088325066666666,0.074,322.92284725266416,379.8387406415344,-419.30356422944084,-134.88873925618753,-32.18028606033985,116.38899834823033
2025-07-07 12:00:00,17.83,213.0,15.1,0.6769,0.0001,2.99995533300081,22.0986584,0.074,195.4050183659587,376.9220718158185,-419.3622498862563,-136.45621867005624,-33.82700414798421,-17.318382522519443
2025-07-07 13:00:00,18.03,422.0,17.0,0.6769,0.0006,1.8999862341606584,22.108991733333337,0.074,387.14045892222805,384.3751417219152,-419.42094170308224,-92.67264288407254,-26.281637821008015,233.1403782359804
2025-07-07 14:00:00,18.83,380.0,16.2,0.6769,0.0,1.5000421327416107,22.0960104,0.074,348.6098919204897,385.7973021498898,-419.34721062642546,-89.70178365266091,-18.83260797721721,206.52559181407597
2025-07-07 15:00:00,16.53,48.0,15.7,0.6769,0.0084,2.799977865983944,22.0830104,0.074,44.03493371627239,372.5383395996662,-419.273383269703,-128.60075704153363,-43.870883879097086,-175.17175087439512
2025-07-07 16:00:00,15.13,42.0,15.5,0.6769,0.0034,2.3999535016328966,22.0700104,0.074,38.53056700173833,364.9748488716709,-419.19956566155855,-126.29558122870519,-52.96854589839052,-194.95827691524505
2025-07-07 17:00:00,15.13,21.0,15.6,0.6769,0.0016,1.6000096405959559,22.0210392,0.074,19.265283500869167,365.3103048290261,-418.92158111086405,-106.97217274964152,-45.2851112009682,-186.60327673157852
2025-07-07 18:00:00,15.13,45.0,14.9,0.6775,0.0001,2.099970895036405,21.972039199999998,0.074,41.28379962192817,362.9687604746894,-418.64357147745704,-124.27828948585974,-49.39786786472073,-188.06716873141994
2025-07-07 19:00:00,14.53,54.0,14.3,0.6824,0.0,1.8999826130783408,21.923039199999998,0.074,49.55088524590164,358.33269391731307,-418.36570023901317,-127.06003364253074,-52.18953398962887,-189.7316887079581
2025-07-07 20:00:00,13.93,1.0,14.2,0.6935,0.002,1.5000192865426762,21.87470533333333,0.074,0.9180474550325296,355.9577631374187,-418.091742078011,-119.66908087446079,-52.72129287921766,-233.60630523923825
2025-07-07 21:00:00,13.83,0.0,14.2,0.7107,0.0002,1.1,21.826372,0.074,0.0,356.8291542608605,-417.8179215066602,-109.64851066249459,-48.93578922976129,-219.57306713805556
2025-07-07 22:00:00,13.83,0.0,14.1,0.7405,0.0,0.8,21.778038666666664,0.074,0.0,358.8825316661975,-417.54423545719214,-102.62018622204175,-45.43391771944971,-206.7158077324861
2025-07-07 23:00:00,13.73,0.0,14.0,0.746,0.0,1.1999883707769838,21.737032799999998,0.074,0.0,358.4915496841219,-417.3121464119491,-112.58606112414704,-50.06942187801533,-221.47607972998955
2025-07-08 00:00:00,13.93,0.0,13.7,0.7656,0.0,1.7999799609995661,21.6960328,0.074,0.0,359.99441611187115,-417.0801873179327,-128.45849330550652,-54.340134063583754,-239.88439857515183
2025-07-08 01:00:00,13.63,0.0,13.2,0.7175,0.0003,2.9999931483255096,21.6550328,0.074,0.0,352.71351092334186,-416.84832493659286,-163.95740018786609,-69.19907292748827,-297.29128712860535
2025-07-08 02:00:00,13.73,0.0,13.0,0.6736,0.0002,2.3999869207976947,21.604706933333336,0.074,0.0,349.05419064531014,-416.56385527271567,-149.8466345615328,-61.471200736341615,-278.82749992527994
2025-07-08 03:00:00,14.03,0.0,13.2,0.6892,0.0001,2.7000041259227734,21.5543736,0.074,0.0,352.40743704595604,-416.2794890582617,-152.74777610460012,-61.214121822834784,-277.83394993974053
2025-07-08 04:00:00,13.83,0.0,13.7,0.6614,0.0001,1.6000350058670592,21.504040266666667,0.074,0.0,351.24694650259113,-415.9952684600436,-120.26276669074814,-51.54802486785853,-236.55911351605914
2025-07-08 05:00:00,13.63,17.0,13.9,0.6312,0.0015,1.6000282310009408,21.456704533333333,0.074,15.566535359438927,348.8617989519174,-415.7281074318923,-117.98703345681257,-52.79556690130551,-222.082373478654
2025-07-08 06:00:00,13.73,38.0,13.9,0.6218,0.0003,1.8999953815733341,21.4093712,0.074,34.7829093019881,348.6759884421338,-415.46108864250533,-123.61490754428637,-54.61974886019449,-210.23684730286425
2025-07-08 07:00:00,13.03,33.0,12.8,0.6098,0.003,3.8999755088974597,21.362037866666665,0.074,30.19215623651273,340.5579550866297,-415.1941985017779,-186.66695495132416,-82.18004600730775,-313.29108813726737
2025-07-08 08:00:00,13.03,86.0,12.6,0.6103,0.0001,2.800049722772794,21.331024799999998,0.074,78.68410246815861,339.8257849941519,-415.0194003178718,-161.1148064738854,-69.82287775558376,-227.44719708503047
2025-07-08 09:00:00,13.33,145.0,11.3,0.6097,0.0,3.3000387937113707,21.3000248,0.074,132.66199453355392,335.89534383086874,-414.84473094520524,-189.51027806470614,-71.7870533817966,-207.58472402728532
2025-07-08 10:00:00,14.23,333.0,10.5,0.6097,0.0,4.1999554378588355,21.269024799999997,0.074,304.66513227361,336.43478014777935,-414.6701167132146,-222.10652297534156,-70.51077835911315,-66.18750562627994
2025-07-08 11:00:00,14.23,183.0,10.6,0.6097,0.0004,2.2999980260861093,21.311299466666664,0.074,167.42858620441632,336.8906571794431,-414.9082516272336,-166.50628023331242,-53.302389380172166,-130.39767785685876
2025-07-08 12:00:00,16.13,639.0,10.6,0.6097,0.0,2.50003124980469,21.3536328,0.074,584.6276862547652,345.56024637305393,-415.14681977812864,-165.42005625427305,-38.88900197054844,310.732054624869
2025-07-08 13:00:00,17.93,816.0,8.7,0.6097,0.0,3.3000113696773834,21.395966133333335,0.074,746.5668106164137,344.07723825288224,-415.3854907949873,-205.71577717477237,-28.316058796638764,441.22672210289767
2025-07-08 14:00:00,15.83,248.0,9.3,0.6097,0.002,4.899979887713826,21.373351466666666,0.074,226.89775616773363,337.8070451090765,-415.25797881033395,-258.2073830138527,-59.08851926534584,-167.84907981272232
2025-07-08 15:00:00,13.03,296.0,12.1,0.6097,0.0005,2.6000429938752934,21.3506848,0.074,270.8134509098756,337.8262034979475,-415.1302030861596,-162.661851322836,-67.83082674349886,-36.983226744671285
2025-07-08 16:00:00,14.93,311.0,12.2,0.6097,0.0,2.79997088556292,21.328018133333334,0.074,284.53710551679495,346.96437044597087,-415.0024568518914,-159.13378512671403,-51.55180532684977,5.813428657310688
2025-07-08 17:00:00,14.13,106.0,11.5,0.6094,0.0004,1.700021661626698,21.2920288,0.074,96.97937408312957,340.3586308798189,-414.79968646215764,-139.93269350995206,-48.36843442759008,-165.76280943675127
2025-07-08 18:00:00,14.13,151.0,11.9,0.6047,0.0,1.3000595717120045,21.2560288,0.074,138.12499089801474,341.7130885588795,-414.59693032189796,-124.6298940740155,-44.33068054616571,-103.7194254851849
2025-07-08 19:00:00,13.93,50.0,11.0,0.5837,0.0,1.5000421327416107,21.220028799999998,0.074,45.700621337287295,335.6433555250696,-414.3942485218771,-138.79289247266826,-47.48978338067748,-219.33294751286593
2025-07-08 20:00:00,12.63,6.0,11.5,0.5417,0.0,0.6,21.169373866666668,0.074,5.475777823493109,329.4006916796005,-414.1091845731815,-113.68876063013046,-47.507728278385855,-240.42920397860416
2025-07-08 21:00:00,11.93,0.0,11.6,0.4836,0.0,0.6999641705116055,21.1187072,0.074,0.0,323.5530678065474,-413.82420174351864,-117.28398423589418,-53.437010768992906,-260.99212894185837
2025-07-08 22:00:00,12.53,0.0,10.8,0.4158,0.0,0.9,21.068040533333335,0.074,0.0,319.6546645690617,-413.53936602938506,-126.63003510285945,-50.86555306435163,-271.3802896275344
2025-07-08 23:00:00,12.43,0.0,11.3,0.3724,0.0,0.6000332324130057,20.99306,0.074,0.0,319.4788978171554,-413.1181134959592,-113.19442996169172,-47.6775845467047,-254.51123018720023
2025-07-09 00:00:00,12.43,0.0,11.4,0.2998,0.0,0.8999801997821951,20.91806,0.074,0.0,317.2885635260144,-412.6970736352333,-119.01060621838599,-50.48870200468858,-264.90781833229346
2025-07-09 01:00:00,12.23,0.0,11.3,0.2689,0.0,0.8999731218208686,20.84306,0.074,0.0,315.104699911927,-412.2763556916719,-119.35371476058849,-51.43230397561973,-267.9576745159531
2025-07-09 02:00:00,11.53,0.0,10.6,0.2519,0.0,1.6999744498079965,20.776719733333334,0.074,0.0,308.8365339758301,-411.9044833279272,-149.18215370423002,-66.03042984014574,-318.2805328964729
2025-07-09 03:00:00,11.43,0.0,10.3,0.1866,0.0,0.899977699723721,20.710386399999997,0.074,0.0,305.6768618962294,-411.5329014175361,-129.1805886276913,-56.56860365535289,-291.60523180435086
2025-07-09 04:00:00,10.73,2.0,10.7,0.1497,0.0,0.9999715995967086,20.644053066666665,0.074,1.8055015943360537,303.80193553342565,-411.16157096883853,-129.69175892136153,-62.90231515353169,-298.14820791597003
2025-07-09 05:00:00,10.83,59.0,10.2,0.1318,0.0,1.4999516158863258,20.6330088,0.074,53.24152167862113,301.8842526210758,-411.0997701664979,-147.7893238666392,-68.43889234453768,-272.2022120779778
2025-07-09 06:00:00,12.43,225.0,10.5,0.1056,0.0,0.5999725077034781,20.6220088,0.074,202.92643581081083,309.44898322423677,-411.0382239940342,-113.78245836156806,-45.04588166853874,-57.491144989093414
2025-07-09 07:00:00,14.23,406.0,10.7,0.103,0.0,0.7999987999991001,20.6110088,0.074,366.1495055350553,317.8639249625045,-410.97668473243476,-110.4887850421076,-34.6172302114032,127.93073051161419
2025-07-09 08:00:00,15.93,601.0,11.4,0.1005,0.0,1.5999968031218064,20.701594133333334,0.074,541.98113556199,328.1043550609262,-411.48366832561913,-120.56234705191444,-29.476765885500186,308.5627093598824
2025-07-09 09:00:00,17.43,746.0,11.2,0.1007,0.0,1.9000417784880417,20.7922608,0.074,672.7447874480072,333.8746528871566,-411.99157667223903,-126.34279036696088,-21.21585125649641,447.0692220394674
2025-07-09 10:00:00,18.13,715.0,11.1,0.1007,0.0,1.4000125035155935,20.882927466666665,0.074,644.7889048596851,336.5550702684542,-412.49995507029286,-112.88908085510835,-15.24943247329603,440.705506729442
2025-07-09 11:00:00,19.03,826.0,10.7,0.1007,0.0,1.7000052764623996,21.067185866666666,0.074,744.8890005791608,338.80141124523215,-413.53456256206994,-124.15838880416861,-11.817049337487052,534.1804111206673
2025-07-09 12:00:00,20.03,913.0,10.3,0.1007,0.0,1.6000028156225226,21.2515192,0.074,823.3458323592903,341.4309655129461,-414.5715369758756,-123.7764799125932,-6.73981079775214,619.6889701860154
2025-07-09 13:00:00,21.33,961.0,10.6,0.1007,0.0,1.9000011210523007,21.435852533333332,0.074,866.6323602379824,348.73294707907405,-415.61046039682185,-127.8512819810897,-0.6038403644409219,671.299724574704
2025-07-09 14:00:00,21.53,824.0,9.8,0.1007,0.0,2.599996630767048,21.4889576,0.074,743.0853952508819,345.7493379807389,-415.9101285055066,-156.63733550243944,0.27077652803638935,516.5580457517111
2025-07-09 15:00:00,21.53,626.0,10.3,0.1007,0.0,2.3000046804300203,21.5419576,0.074,564.5284677512767,348.21595334165795,-416.2093652732547,-143.6058925067302,-0.07429199226115017,352.85487132068863
2025-07-09 16:00:00,21.33,471.0,10.5,0.1007,0.0,2.6,21.594957599999997,0.074,424.7490548096667,348.261045180432,-416.5087634819042,-152.6388278857539,-1.7631274135443422,202.0993812088963
2025-07-09 17:00:00,20.93,338.0,10.6,0.1004,0.0,2.699972625787158,21.495746133333334,0.074,304.8073893451253,346.90645313284006,-415.94844739406545,-154.30205424011152,-3.870679040904034,77.59266180288427
2025-07-09 18:00:00,19.93,174.0,10.4,0.0987,0.0,2.7999656355034075,21.3964128,0.074,156.90711050333982,341.4300070873975,-415.3880096046203,-161.5270663318948,-10.47110091266222,-89.04905925844002
2025-07-09 19:00:00,18.83,71.0,10.6,0.0987,0.0,2.0999872309135594,21.297079466666666,0.074,64.0253152053858,337.4322683743071,-414.82813834517594,-141.50161589889564,-15.805173670511243,-170.67734433488988
2025-07-09 20:00:00,17.53,4.0,11.1,0.099,0.0,2.5000212179099597,21.212068000000002,0.074,3.6070825881115205,333.8705981433084,-414.3494388551849,-151.3005373417587,-26.357029633595687,-254.5293250991194
2025-07-09 21:00:00,16.43,0.0,11.2,0.1016,0.0,2.3999909708163485,21.127068,0.074,0.0,329.47625068921207,-413.8712182735878,-150.00256887203247,-33.89126048233338,-268.28879693874154
2025-07-09 22:00:00,15.63,0.0,11.1,0.104,0.0,2.6999881258998157,21.042068,0.074,0.0,325.590314198897,-413.39341176448045,-160.61422251946613,-41.904151087821326,-290.32147117287093
2025-07-09 23:00:00,14.73,0.0,11.1,0.0888,0.0,1.4000131606524275,20.96439546666667,0.074,0.0,321.5351504119865,-412.9571566647287,-127.23121525605873,-38.569661100707435,-257.22288260950836
2025-07-10 00:00:00,14.03,0.0,11.5,0.0776,0.0,2.000042344551735,20.8867288,0.074,0.0,320.0447316637175,-412.5212798534902,-140.30275377100634,-48.621873165691824,-281.4011751264709
2025-07-10 01:00:00,13.43,0.0,11.4,0.0716,0.0,1.6999744498079965,20.809062133333335,0.074,0.0,317.03012020479275,-412.08574818473824,-134.24133675515867,-50.13143648935842,-279.42840122446256
2025-07-10 02:00:00,12.43,0.0,11.4,0.0742,0.0,1.2000340828493163,20.744385066666666,0.074,0.0,312.80598016753726,-411.72332159812106,-123.76507357766013,-52.466933602756804,-275.14934861100073
2025-07-10 03:00:00,11.73,0.0,11.4,0.0706,0.0,1.1999676328968212,20.6797184,0.074,0.0,309.8325083748958,-411.3611923479794,-125.14079262112591,-57.53244135447196,-284.2019179486815
2025-07-10 04:00:00,11.23,3.0,11.3,0.0579,0.0,1.1999676328968212,20.61505173333333,0.074,2.703040935070285,307.26870445919167,-410.99930203214944,-126.74901793072131,-61.09050042085465,-288.86707498946345
2025-07-10 05:00:00,11.63,71.0,11.5,0.0454,0.0,0.3,20.6040088,0.074,63.956070602680846,309.6458304474357,-410.9375269821263,-100.51146159244546,-47.11158892907063,-184.9586764535259
2025-07-10 06:00:00,13.43,222.0,11.9,0.0372,0.0,0.8999829553941563,20.5930088,0.074,199.94305359690242,318.77739073837995,-410.8759990280988,-105.59111750483932,-40.842517034747004,-38.58918923240283
2025-07-10 07:00:00,14.93,399.0,12.4,0.0302,0.0,1.8999953815733341,20.5820088,0.074,359.30798720682304,327.1509643659909,-410.8144779835717,-119.4963830842003,-38.06979380182516,118.07829670321675
2025-07-10 08:00:00,16.73,574.0,12.9,0.0298,0.0,2.099992145223405,20.678256266666665,0.074,516.8951866815552,336.9997096583091,-411.35300725629486,-114.95631210546756,-26.381469712754157,301.2041072653478
2025-07-10 09:00:00,18.03,720.0,12.8,0.0299,0.0,1.9,20.7745896,0.074,648.3715303791686,342.48386166334274,-411.89254697144844,-108.86541225878617,-17.00303318836626,453.09439962391053
2025-07-10 10:00:00,19.93,843.0,13.1,0.0299,0.0,1.9000256340376043,20.870922933333333,0.074,759.1350001522766,352.34552514589205,-412.43261726682556,-101.60877836991406,-5.5136423393781335,591.9254873220509
2025-07-10 11:00:00,21.23,919.0,12.5,0.0299,0.0,2.599970532525321,21.058183466666666,0.074,827.5742172478555,356.01751661971804,-413.48396908099744,-122.7363601688218,1.1293734865909073,648.5007781043453
2025-07-10 12:00:00,22.63,962.0,11.1,0.0299,0.0,2.800010178552928,21.2455168,0.074,866.2964058677225,356.4895097322056,-414.5377395526991,-140.24097722778956,9.15236347903766,677.1595622984771
2025-07-10 13:00:00,23.33,934.0,12.1,0.0299,0.0,2.600019778770923,21.432850133333332,0.074,841.0819574640881,364.21423917176577,-415.5935229053815,-125.9615923665918,11.86182378391013,675.6029051477907
2025-07-10 14:00:00,23.73,851.0,11.1,0.0299,0.0,2.7999773213367285,21.5419128,0.074,766.3391282676007,361.62870698860644,-416.2091122653305,-141.5588714924209,14.137735004562122,584.3375865030179
2025-07-10 15:00:00,23.73,736.0,10.8,0.0299,0.0,2.0999968499976376,21.6509128,0.074,662.7797866098167,360.21600845461853,-416.8250309413322,-125.79048248648368,11.562355760367591,491.9426373969869
2025-07-10 16:00:00,23.73,580.0,10.8,0.0299,0.0,2.3999888020572095,21.759912800000002,0.074,522.2992883609969,360.21600845461853,-417.44163295570655,-136.7216990544999,11.773071413054957,340.12503621846395
2025-07-10 17:00:00,23.23,409.0,10.4,0.0297,0.0,2.1000126309143954,21.673402666666668,0.074,368.3096169111303,355.9573630202502,-416.95219788293116,-131.6995082493336,8.807885020443742,184.42315881955952
2025-07-10 18:00:00,22.33,235.0,9.4,0.0298,0.0,1.999984484939821,21.586736000000002,0.074,211.6208516901837,346.76351896162294,-416.4623088943779,-139.54199965351606,4.220347493617751,6.600409597530458
2025-07-10 19:00:00,20.83,73.0,10.1,0.0302,0.0,1.399997899998425,21.500069333333332,0.074,65.7380527972383,343.53328373582553,-415.9728517210513,-120.12827815218864,-3.452269540922004,-130.2820628810981
2025-07-10 20:00:00,19.03,3.0,11.0,0.0308,0.0,2.5000346397600173,21.3810952,0.074,2.7015953686776357,339.61180103174,-415.3016382666038,-149.83500707413415,-16.24792560599154,-239.0711745463118
2025-07-10 21:00:00,17.43,0.0,10.8,0.0316,0.0,2.0999834404108997,21.2620952,0.074,0.0,331.6292392751818,-414.6310917757859,-144.55772205078515,-25.52250448480135,-253.08207903619055
2025-07-10 22:00:00,15.73,0.0,11.2,0.0326,0.0,1.5000034833292888,21.1430952,0.074,0.0,325.90297710810023,-413.9613576117564,-128.40121982291114,-33.37366042338132,-249.83326074994864
2025-07-10 23:00:00,15.13,0.0,11.1,0.0342,0.0,1.1999676328968212,21.0670608,0.074,0.0,322.89263215424023,-413.53385965569805,-122.06939801607533,-34.84060092352023,-247.55122644105336
2025-07-11 00:00:00,14.33,0.0,11.2,0.0354,0.0,0.9000256551898951,20.9910608,0.074,0.0,319.8653919414917,-413.1068860798868,-114.84257461671382,-37.35925937681819,-245.44332813192713
2025-07-11 01:00:00,14.13,0.0,11.2,0.0385,0.0,0.6,20.9150608,0.074,0.0,319.02063166696377,-412.68024322701103,-106.32725790317566,-35.53491961265988,-235.52178907588282
2025-07-11 02:00:00,13.13,0.0,11.3,0.0471,0.0,0.6999586987815781,20.850385066666664,0.074,0.0,315.1994385764285,-412.31743200432913,-110.87336495933721,-42.790436169122486,-250.7817945563603
2025-07-11 03:00:00,13.03,0.0,11.3,0.0455,0.0,0.7,20.7857184,0.074,0.0,314.76719490025863,-411.9549108715294,-110.19051389312396,-43.03763912623101,-250.41586899062577
2025-07-11 04:00:00,12.53,3.0,11.4,0.0669,0.0,0.6,20.721051733333333,0.074,2.7035299777559363,313.17373353618905,-411.5926288454068,-107.55383528212343,-45.03945761685925,-248.3086582304445
2025-07-11 05:00:00,12.83,68.0,11.6,0.0752,0.0,0.39997639930375894,20.6990176,0.074,61.29032751454698,315.2890717078803,-411.4692416312987,-99.42255064918308,-40.728358017942675,-175.0407510759972
2025-07-11 06:00:00,15.13,216.0,12.4,0.0761,0.0,0.8999801997821951,20.6770176,0.074,194.69049243723686,328.2996260968348,-411.3460732371716,-96.98082122682712,-29.9618467947219,-15.298622724649015
2025-07-11 07:00:00,16.83,391.0,12.9,0.0756,0.0,1.299973603578165,20.6550176,0.074,352.42225441696115,337.725070831439,-411.2229324968528,-96.17387401639789,-21.447438116405227,161.30308061874425
2025-07-11 08:00:00,18.63,566.0,12.8,0.0726,0.0,0.7999987999991001,20.7988848,0.074,510.1248699802843,345.46980708049796,-412.02870228016667,-81.82811582895206,-10.067885797023157,351.66997315464033
2025-07-11 09:00:00,20.83,709.0,13.1,0.0725,0.0,1.7999889027435698,20.9428848,0.074,639.00671076524,356.80019993460616,-412.83640105593446,-97.57485669371735,-0.6292616095111612,484.76639134068324
2025-07-11 10:00:00,22.03,828.0,13.0,0.0725,0.0,1.499961856181683,21.0868848,0.074,746.2588949416343,362.0521989847838,-413.64528674747515,-89.63276982762993,4.700126208720645,609.7331635600335
2025-07-11 11:00:00,23.63,910.0,11.8,0.0725,0.0,2.100041773394044,21.281510933333333,0.074,820.1637613488977,364.59842637791303,-414.74044093946975,-111.56858301479382,12.943086829417384,671.3962506019645
2025-07-11 12:00:00,24.73,932.0,11.8,0.0725,0.0,2.6000455534470928,21.4761776,0.074,839.9918962386512,369.8367246960877,-415.8379970739078,-124.20344811568535,19.523777535490815,689.3109532806366
2025-07-11 13:00:00,25.33,859.0,11.4,0.0725,0.0,3.300014001485448,21.670844266666666,0.074,774.1985395590143,370.8856518265156,-416.93773017215614,-148.96864140826324,25.047348063133708,604.2251678682443
2025-07-11 14:00:00,25.73,862.0,12.0,0.0725,0.0,2.50003124980469,21.703307466666665,0.074,776.9023761348898,375.54761599683894,-417.12133696908944,-119.86270664091326,23.053181475228172,638.5191299969541
2025-07-11 15:00:00,25.33,546.0,11.6,0.0725,0.0,2.799985260675492,21.7356408,0.074,492.0982568093385,371.808275759212,-417.3042695315242,-134.01449515177083,22.284310108142193,334.87207799339774
2025-07-11 16:00:00,25.33,503.0,12.7,0.0725,0.0,1.90005087563465,21.767974133333333,0.074,453.3432658884566,376.6516471020445,-417.48726225748516,-100.63742131271468,17.891035077081742,329.7612644973829
2025-07-11 17:00:00,24.93,397.0,12.5,0.0723,0.0,1.900001515788869,21.714376266666665,0.074,357.8062537739275,373.85851624910646,-417.1839542368586,-102.80778939417142,16.35803274366229,228.0310591356662
2025-07-11 18:00:00,24.33,236.0,12.6,0.0729,0.0,1.8,21.6607096,0.074,212.70353878885376,371.3932014411157,-416.8804224952777,-100.79575220767053,13.49900207781708,79.9195676048383
2025-07-11 19:00:00,23.83,98.0,12.7,0.0724,0.0,2.4999805139240587,21.607042933333332,0.074,88.3251487860552,369.4044131273105,-416.5770564149347,-119.10614840434108,13.471913129289423,-64.4817297766207
2025-07-11 20:00:00,21.83,4.0,12.6,0.0741,0.0,2.100002976188367,21.518071199999998,0.074,3.6052326704397943,359.51293954247495,-416.07448323387183,-115.40205348571341,1.8372000965606945,-166.52116441010975
2025-07-11 21:00:00,20.73,0.0,12.4,0.0734,0.0,2.0999777189294178,21.4290712,0.074,0.0,353.5558045602606,-415.5722054787738,-119.6417158012203,-4.248764436753765,-185.9068811564873
2025-07-11 22:00:00,20.33,0.0,12.6,0.0728,0.0,2.0999777189294178,21.3400712,0.074,0.0,352.5034663899503,-415.07038261659255,-117.65260696694436,-6.1973380823553095,-186.41686127594193
2025-07-11 23:00:00,19.43,0.0,12.6,0.0704,0.0,1.8,21.268390666666665,0.074,0.0,348.33318407689967,-414.66654539493715,-112.05774440319117,-10.837631253468047,-189.2287369746967
2025-07-12 00:00:00,18.43,0.0,12.7,0.0728,0.0,0.9999752496937112,21.196724,0.074,0.0,344.17349110266804,-414.26308096320827,-93.75554646545287,-13.877908377038203,-177.72304470303132
2025-07-12 01:00:00,17.53,0.0,12.6,0.0799,0.0,2.0999777189294178,21.125057333333334,0.074,0.0,339.7740315083289,-413.8599110268269,-123.5627368695702,-23.785332871515877,-221.4339492595841
2025-07-12 02:00:00,16.63,0.0,12.4,0.0693,0.0,1.4,21.065381066666667,0.074,0.0,334.879099787075,-413.5244192153773,-110.25159967008663,-25.956381771054843,-214.85330086944379
2025-07-12 03:00:00,15.73,0.0,12.7,0.0789,0.0,0.6999586987815781,21.005714400000002,0.074,0.0,332.0987131126447,-413.1891853385053,-92.8597402469208,-26.8430320946235,-200.7932445674049
2025-07-12 04:00:00,14.83,2.0,12.6,0.0556,0.0,0.7999803310082068,20.946047733333334,0.074,1.8019444558732771,327.58225015458476,-412.8541553272269,-98.18542829866142,-32.87838734572211,-214.53377636115238
2025-07-12 05:00:00,14.93,60.0,12.8,0.0477,0.0,0.6000332324130057,20.9230184,0.074,54.04984274957742,328.71428774318633,-412.72489948292804,-91.16543024705727,-30.50461005278721,-151.63080929000878
2025-07-12 06:00:00,16.53,218.0,13.3,0.0469,0.0,0.4999864098153069,20.9000184,0.074,196.37798515180995,337.64875423948405,-412.5958385715388,-79.65413260984806,-20.35015296293045,21.426615246976638
2025-07-12 07:00:00,17.83,374.0,13.3,0.0486,0.0,1.9,20.877018399999997,0.074,336.916694475761,343.5383755538171,-412.4668079309565,-106.60134095637996,-19.04792995035977,142.3389911918819
2025-07-12 08:00:00,19.53,568.0,14.0,0.0523,0.0,1.9000244735265912,21.0038984,0.074,511.7185693895363,353.9484543955209,-413.17898543987735,-97.061644722376,-8.782824198075415,346.6435694247284
2025-07-12 09:00:00,21.13,711.0,14.0,0.0524,0.0,1.8000000027777776,21.1308984,0.074,640.5503992606285,361.4683220706646,-413.8927596696885,-92.08342879054003,-0.004989322711455504,496.0375435483531
2025-07-12 10:00:00,22.43,845.0,14.4,0.0524,0.0,2.2999594018156055,21.2578984,0.074,761.2729780242349,369.1469109370786,-414.60745829384064,-97.52014019915015,7.02412802641845,625.3164184947412
2025-07-12 11:00:00,23.83,879.0,15.0,0.0524,0.0,2.700027201714827,21.454176266666668,0.074,791.9040800985829,378.13311802076123,-415.71384161472923,-99.63855457457107,14.955640975914532,669.6404429059583
2025-07-12 12:00:00,24.73,860.0,15.4,0.0524,0.0,2.30004384523426,21.6505096,0.074,774.7866995276238,384.01185057509275,-416.8227513484181,-88.46448242526776,17.363004846017038,670.8743211750477
2025-07-12 13:00:00,25.63,940.0,15.5,0.0524,0.0,2.099992145223405,21.846842933333335,0.074,846.8598808790306,388.86427334577604,-417.93387810270485,-83.95507484415637,19.840599176011647,753.6758004539571
2025-07-12 14:00:00,25.83,770.0,15.5,0.0524,0.0,2.1000146404251567,21.93226506666667,0.074,693.7043705072911,389.86891700367323,-418.4180080940062,-84.68834021230587,20.358586648753498,600.8255258534058
2025-07-12 15:00:00,26.33,740.0,15.6,0.0524,0.0,2.700035934946052,22.0175984,0.074,666.6769275005136,392.74958999571265,-418.9020546420989,-96.55878233223793,25.59371942958431,569.5593999514737
2025-07-12 16:00:00,26.33,567.0,15.2,0.0524,0.0,3.599991694434863,22.102931733333335,0.074,510.8186728280961,391.29488191357734,-419.3865210454341,-121.84216510347174,30.155489002949857,391.0403575957174
2025-07-12 17:00:00,25.93,401.0,14.0,0.0521,0.0,2.7999727659389833,22.02239786666667,0.074,361.2646652292212,384.73481862024886,-418.9292917040637,-114.79185097831416,23.9987304181046,236.27707158519678
2025-07-12 18:00:00,24.93,219.0,13.3,0.0522,0.0,3.800006685520435,21.9417312,0.074,197.2995488243146,377.02613045457485,-418.47168328596115,-149.11243728721158,22.79199353506811,29.533552240784807
2025-07-12 19:00:00,23.23,65.0,12.3,0.0567,0.0,2.099941761097198,21.861064533333334,0.074,58.56448155199918,364.7374897181617,-418.0144498643237,-118.7721621573618,7.7936471156765075,-105.6909936358481
2025-07-12 20:00:00,21.93,3.0,12.8,0.0822,0.0,1.9000079262992562,21.7620792,0.074,2.7043718844509335,360.8714736837313,-417.45389499133347,-112.34808610627783,0.9493662846907431,-165.2767692447383
2025-07-12 21:00:00,19.93,0.0,12.9,0.1189,0.0,2.3999697081421676,21.6630792,0.074,0.0,352.3633636643966,-416.8938211508427,-129.85566804603286,-11.549836838102555,-205.9359623705815
2025-07-12 22:00:00,18.63,0.0,12.4,0.1427,0.0,1.7000378819308706,21.5640792,0.074,0.0,344.7880482010769,-416.3343110635711,-119.36958129604952,-17.50899281611449,-208.4248369746582
2025-07-12 23:00:00,17.43,0.0,12.0,0.1849,0.0,1.300015465292625,21.483397866666667,0.074,0.0,338.55768606450994,-415.8787477338957,-115.34041981370646,-22.900322940725435,-215.56180442381765
2025-07-13 00:00:00,17.23,0.0,11.5,0.2469,0.0,1.300010599956785,21.402731199999998,0.074,0.0,337.1319604508921,-415.4236410857392,-118.98930637265622,-23.667062240273648,-220.94804924777694
2025-07-13 01:00:00,16.83,0.0,11.2,0.2751,0.0,0.9,21.322064533333332,0.074,0.0,334.9083527228491,-414.96890806586197,-110.57200907882759,-23.382692668238782,-214.01525709007925
2025-07-13 02:00:00,15.93,0.0,11.8,0.2795,0.0,0.7999882811641681,21.26371333333333,0.074,0.0,333.53098529069536,-414.64020425613575,-105.66502133954027,-27.897047789665205,-214.67128809464586
2025-07-13 03:00:00,15.73,0.0,11.9,0.2718,0.0,0.7000357133746821,21.205379999999998,0.074,0.0,332.8061909925614,-414.31179632069325,-102.07582798111969,-28.062737704415778,-211.6441710136673
2025-07-13 04:00:00,15.13,2.0,12.1,0.2761,0.0,0.6999989499992125,21.147046666666665,0.074,1.8108908869423979,331.0667442999238,-413.98358350586216,-101.80016978675266,-31.444552749951647,-214.35067085570026
2025-07-13 05:00:00,15.53,57.0,13.1,0.2833,0.0,0.7000034428486763,21.127015999999998,0.074,51.61982023650027,336.86623372991016,-413.8709258418737,-92.28762214511487,-28.81248348147181,-146.48497750204993
2025-07-13 06:00:00,18.03,176.0,14.6,0.2908,0.0,0.39999939999955003,21.107015999999998,0.074,159.41810624853733,353.94545658672143,-413.7584635971683,-66.93989256825054,-13.184816632670355,19.480390037169578
2025-07-13 07:00:00,19.63,148.0,15.7,0.2907,0.0,0.599999099999325,21.087016,0.074,134.05579032352426,365.27094671591385,-413.64602427376843,-59.11096739312276,-6.187497111716118,20.3822482608308
2025-07-13 08:00:00,20.93,245.0,15.8,0.2937,0.0,1.200055740372088,21.132297066666666,0.074,221.93381644493934,372.0108203595202,-413.9006256981623,-66.62314490712876,-0.9714892926553216,112.44937690651324
2025-07-13 09:00:00,22.43,500.0,16.1,0.2937,0.0,2.6999857499623956,21.177630399999998,0.074,452.92615601008026,380.40150091478506,-414.1556387187648,-87.97120912607446,8.14508071868617,339.3458897987122
2025-07-13 10:00:00,23.43,476.0,16.0,0.2937,0.0,3.7000294444774355,21.222963733333334,0.074,431.18570052159635,385.0449877575612,-414.4107695604492,-105.30781858435888,16.863876591393613,313.3759767257431
2025-07-13 11:00:00,23.03,339.0,16.4,0.2937,0.0,1.6999705056264947,21.372213866666666,0.074,307.0839337748344,384.40003865119894,-415.25156526927094,-69.17577427468005,8.477412843773129,215.53404572585546
2025-07-13 12:00:00,24.33,616.0,15.0,0.2937,0.0,1.5999517648979296,21.5215472,0.074,558.0050242044189,385.9946837913734,-416.094109518095,-76.23092448606542,13.39150354798243,465.0661775396143
2025-07-13 13:00:00,26.13,903.0,14.5,0.2937,0.0,2.0000285422963344,21.67088053333333,0.074,817.9846377542049,393.1696900227902,-416.9379352569409,-85.25372034247788,22.239279993277353,731.2019521708538
2025-07-13 14:00:00,27.23,837.0,15.2,0.2937,0.0,3.599980999949861,21.794567733333334,0.074,758.1983851608744,401.46595197545724,-417.6378156681559,-112.86130142066489,37.55470901886488,666.7199290663757
2025-07-13 15:00:00,27.23,703.0,14.6,0.2937,0.0,3.000031801498111,21.9182344,0.074,636.8141753501728,399.16278397451475,-418.33846042821483,-107.7300670643102,32.632877389165365,542.541309221328
2025-07-13 16:00:00,27.43,505.0,14.7,0.2937,0.0,1.799978472093486,22.041901066666668,0.074,457.45541757018105,400.57896706543977,-419.03998638957,-80.49191662629526,24.524837490375994,383.0273191101316
2025-07-13 17:00:00,27.33,334.0,15.0,0.2937,0.0,1.799997299997975,21.978717333333336,0.074,302.5546722147336,401.2216426253587,-418.6814528288838,-77.8560398816308,24.394021446076064,231.63284357565374
2025-07-13 18:00:00,26.13,218.0,15.0,0.2989,0.0,2.5999692402026606,21.915384,0.074,197.50236129563226,395.2824343133326,-418.32230130895994,-98.53698400730026,24.535545678228456,100.46105597093309
2025-07-13 19:00:00,24.33,38.0,16.2,0.3178,0.0,1.6999733792033331,21.852050666666667,0.074,34.444083699916774,391.2254906367726,-417.9633809029608,-74.25253992757906,12.293657567847825,-54.25268892600267
2025-07-13 20:00:00,23.43,3.0,16.8,0.3314,0.0,1.5999968031218064,21.779724533333333,0.074,2.7202581805106076,389.2690673523678,-417.5537793628524,-69.22075635371728,8.224413561225072,-86.56079662246621
2025-07-13 21:00:00,22.43,0.0,16.6,0.344,0.0,2.8999863310022693,21.7073912,0.074,0.0,384.1204259330662,-417.14443822127487,-96.23595810544366,4.96082073967846,-124.29914965397388
2025-07-13 22:00:00,22.43,0.0,15.1,0.3823,0.0,1.6999344840316641,21.635057866666667,0.074,0.0,380.7151190014111,-416.73539812100995,-84.93941315686662,4.192571792001923,-116.76712048446355
2025-07-13 23:00:00,21.43,0.0,15.2,0.3827,0.0,0.9000022222194787,21.589036800000002,0.074,0.0,376.1462343085051,-416.4753087357073,-69.71630390849853,-0.69972738561522,-110.74510572131597
2025-07-14 00:00:00,20.43,0.0,16.5,0.3365,0.0,0.9,21.5430368,0.074,0.0,373.5543154936081,-416.2154600882859,-63.06680451207791,-5.094523133331457,-110.82247224008717
2025-07-14 01:00:00,20.23,0.0,17.0,0.2977,0.0,1.6000477305380614,21.4970368,0.074,0.0,372.6306968465734,-415.95573305405395,-71.38080356994277,-7.001753791094451,-121.70759356851775
2025-07-14 02:00:00,18.63,0.0,18.8,0.2916,0.0011,1.4,21.4550336,0.074,0.0,369.9164961940707,-415.71867910150394,-56.12266637454973,-15.686677532254283,-117.61152681423725
2025-07-14 03:00:00,18.33,0.0,19.1,0.3118,0.0017,0.9999904099540154,21.4130336,0.074,0.0,370.0406679841339,-415.48174453481045,-48.49878917179385,-15.645879327264561,-109.58574504973495
2025-07-14 04:00:00,18.03,0.0,19.0,0.3194,0.002,1.2,21.371033599999997,0.074,0.0,368.59348338274236,-415.2449112613567,-51.75112145838378,-17.993937792568623,-116.39648712956676
2025-07-14 05:00:00,18.13,8.0,19.0,0.3141,0.001,1.199996204160663,21.335361866666666,0.074,7.250676315321193,368.87474140316596,-415.04384189973763,-51.06154731532547,-17.182381144928197,-107.16235264150416
2025-07-14 06:00:00,17.93,9.0,18.7,0.3226,0.0037,0.8999731218208686,21.2996952,0.074,8.158850363658043,367.39572349092504,-414.8428741116311,-49.43715219542341,-16.837147634466834,-105.56260008693828
2025-07-14 07:00:00,17.93,27.0,18.1,0.3248,0.0037,3.9000386369881004,21.26402853333333,0.074,24.47798853868195,365.77508581988127,-414.64197931510614,-95.72520777107488,-29.786350217791465,-149.9004629454093
2025-07-14 08:00:00,18.13,133.0,17.6,0.3209,0.0002,4.699988368070713,21.264333066666666,0.074,120.5642188076946,365.12674009202397,-414.6436943098123,-114.09437584818866,-31.182131442641662,-74.22924270092406
2025-07-14 09:00:00,18.73,167.0,18.0,0.321,0.0,0.9999715995967086,21.2646664,0.074,151.38554973198333,369.22270289863286,-414.6455714992582,-54.03885419283239,-12.604543393951685,39.319283544573935
2025-07-14 10:00:00,20.03,467.0,19.2,0.321,0.0,0.7999554300084474,21.264999733333333,0.074,423.3356390708755,379.0829517833857,-414.6474486950779,-40.4836049234296,-5.51833533471102,341.76920190104266
2025-07-14 11:00:00,21.73,733.0,18.0,0.321,0.0,1.8,21.530454133333333,0.074,664.4647182846933,384.07147727187703,-416.14440325249296,-63.38108547279885,1.100754925081198,570.1114617563597
2025-07-14 12:00:00,22.93,945.0,17.4,0.321,0.0,2.0999423087313613,21.7961208,0.074,856.6427814175104,388.2482294117173,-417.6466092480084,-74.72405200158984,6.504971266845133,759.0253208464746
2025-07-14 13:00:00,24.13,949.0,17.6,0.321,0.0,2.900006141372807,22.06178746666667,0.074,860.2687826086957,394.99517981184664,-419.15287859677676,-88.4072151040265,13.681264977319184,761.3851336970583
2025-07-14 14:00:00,24.33,659.0,17.7,0.321,0.0,3.5999713887751943,22.097638133333334,0.074,597.3836962477665,396.3414806506311,-419.35645525546187,-99.82143720070705,16.753230200590313,491.300514642819
2025-07-14 15:00:00,25.23,633.0,18.0,0.321,0.0,3.29997067411212,22.1333048,0.074,573.8146885050626,401.9489565706397,-419.5590606539431,-89.9018866617611,21.520875956275514,487.8235737162736
2025-07-14 16:00:00,25.93,546.0,18.1,0.321,0.0,3.400020507291096,22.16897146666667,0.074,494.9491625967838,405.91825734783833,-419.7617394577394,-89.56341938509924,26.167924062076963,417.7101851638605
2025-07-14 17:00:00,25.53,259.0,17.0,0.3207,0.0,2.4,22.104718133333332,0.074,234.7817032096707,400.2151564508192,-419.39666753524756,-82.00177305791061,19.542580269407505,153.14099933673924
2025-07-14 18:00:00,24.33,197.0,17.5,0.3191,0.0,1.2000290829809084,22.040384799999998,0.074,178.57154012731274,395.61818103807076,-419.0313796994805,-58.41693829760376,9.934603836255524,106.67600700455475
2025-07-14 19:00:00,23.33,70.0,18.2,0.3157,0.0,1.4000345852870921,21.976051466666664,0.074,63.44609986344476,392.5674037130633,-418.66633053561543,-58.5196532438496,6.4662835071116405,-14.706196695845321
2025-07-14 20:00:00,21.63,2.0,16.5,0.3019,0.0,1.600016440540534,21.895730933333333,0.074,1.8120895118073141,378.0781595523953,-418.2108994243881,-78.06807021665874,-1.4189743925905458,-117.80769496943482
2025-07-14 21:00:00,19.73,0.0,16.9,0.3057,0.0,1.300015465292625,21.8153976,0.074,0.0,370.1751034173148,-417.7557674931734,-73.04501342603406,-11.018802584899214,-131.64448008679184
2025-07-14 22:00:00,19.23,0.0,17.1,0.2786,0.0,0.7999554300084474,21.735064266666665,0.074,0.0,367.3868278862022,-417.30100714742235,-62.71436304754802,-11.78484038834536,-124.41338269711355
2025-07-14 23:00:00,19.03,0.0,16.9,0.2657,0.0,0.9,21.6810432,0.074,0.0,365.37250098058513,-416.9954072171274,-65.6682101618647,-12.892205714320745,-130.18332211272775
2025-07-15 00:00:00,18.33,0.0,17.1,0.3247,0.0,0.6999989499992125,21.6270432,0.074,0.0,364.7396133860273,-416.69009424343244,-61.71187583334406,-15.562820351277736,-129.22517704202693
2025-07-15 01:00:00,18.03,0.0,17.1,0.4038,0.0,0.9000256551898951,21.5730432,0.074,0.0,366.79047901259617,-416.3849489569782,-65.10426451564531,-17.81773167410578,-132.5164661341331
2025-07-15 02:00:00,18.23,0.0,17.8,0.4744,0.0005,1.9999704497816961,21.534697333333334,0.074,0.0,373.6701093828517,-416.16836443490797,-75.88841684867106,-21.25140235238493,-139.63807425311225
2025-07-15 03:00:00,17.83,0.0,18.3,0.5243,0.0004,0.9000247218826826,21.496364,0.074,0.0,376.21497276050286,-415.9519351660475,-55.35596749506824,-18.521956543171967,-113.61488644378487
2025-07-15 04:00:00,17.83,1.0,18.5,0.5719,0.0,0.8000221621930232,21.458030666666666,0.074,0.9136157131853511,379.9927785175811,-415.7355903240508,-51.91395451141838,-17.825475524344462,-104.56862612904717
2025-07-15 05:00:00,17.83,20.0,18.7,0.6121,0.0,0.6000260411015508,21.435351466666667,0.074,18.29989768715325,383.4941577995307,-415.60763368471333,-47.44416344160906,-16.750909136597784,-78.00865077623624
2025-07-15 06:00:00,18.43,37.0,19.1,0.6298,0.0001,0.7999803310082068,21.4126848,0.074,33.87822828784119,389.08483043207974,-415.4797772737883,-45.80370237106397,-14.296704962391633,-52.617125887322956
2025-07-15 07:00:00,19.23,142.0,19.1,0.6456,0.0003,0.4999992499994375,21.390018133333335,0.074,130.10135617247488,394.4791157597382,-415.3519503651829,-40.34799882964279,-9.17126776611459,59.70925497127278
2025-07-15 08:00:00,19.13,97.0,19.7,0.6524,0.0005,1.3000184037158857,21.452283466666668,0.074,88.89662748590086,396.25820888932395,-415.70316167678305,-46.59318797196605,-12.372738784860495,10.485747941615216
2025-07-15 09:00:00,19.83,395.0,19.4,0.6526,0.0,0.8999829553941563,21.514616800000002,0.074,362.00468903072584,399.070747594194,-416.05497959599444,-43.76083535416776,-7.889697481808908,293.3699241929487
2025-07-15 10:00:00,21.33,576.0,19.4,0.6526,0.0,1.7999856943875971,21.576950133333334,0.074,527.8853186878432,407.0066165800055,-416.40702078088975,-53.14364532364124,-1.3827453078637313,463.9585238554541
2025-07-15 11:00:00,20.43,227.0,19.6,0.6526,0.0021,1.5,21.593653333333336,0.074,208.03813774677155,402.8209965281031,-416.50139371175214,-49.61151554776849,-6.255029826828359,138.4911951885256
2025-07-15 12:00:00,20.93,266.0,20.5,0.6526,0.0,1.6999739115645274,21.61032,0.074,243.78037286626096,408.0816323246323,-416.5955762173565,-43.90693174644799,-3.774671803647643,187.58482542344123
2025-07-15 13:00:00,21.63,344.0,20.4,0.6526,0.0,2.2000411814327476,21.626986666666667,0.074,315.2648431052397,411.5521799226233,-416.6897746950136,-49.259875806383874,0.018317304765842486,260.88568983123133
2025-07-15 14:00:00,21.63,232.0,19.6,0.6526,0.0,2.0999423087313613,21.6449856,0.074,212.62047558260355,409.2068477676096,-416.7915209624573,-55.6445476942091,-0.0891718553298247,149.30208283821696
2025-07-15 15:00:00,22.23,227.0,19.5,0.6526,0.0,1.3000501913387805,21.6629856,0.074,208.03813774677155,412.12648099035795,-416.8932918932978,-45.72566483221121,2.7164103409866662,160.2620723526072
2025-07-15 16:00:00,22.53,203.0,19.7,0.6526,0.0,1.09996238572053,21.6809856,0.074,186.04291613477807,414.34633951454526,-416.9950814605959,-41.55818720577056,3.7995547063113424,145.63554168926822
2025-07-15 17:00:00,22.13,107.0,19.7,0.6525,0.0,1.8000039472178944,21.6570192,0.074,98.06162894248607,412.1806571692348,-416.85955615731325,-50.44202206506538,2.5850629405229717,45.52577082986523
2025-07-15 18:00:00,21.73,62.0,19.9,0.6532,0.0,0.7999618615909136,21.633019200000003,0.074,56.82238313038313,410.6834816868064,-416.7238739595505,-37.44149902943529,0.4093238186256535,13.749815646829378
2025-07-15 19:00:00,21.33,11.0,19.8,0.6505,0.0,0.9999514488213915,21.609019200000002,0.074,10.080279362726937,408.0179228244048,-416.5882248865357,-40.8204741006192,-1.2705102934437782,-40.58100709346697
2025-07-15 20:00:00,20.43,1.0,19.7,0.6494,0.0,0.9000016055541235,21.572695733333333,0.074,0.9163479934843772,402.84771339321844,-416.3829860217484,-41.37789009692,-5.236579280623252,-59.23339401258888
2025-07-15 21:00:00,19.33,0.0,18.8,0.634,0.0,0.799953423644152,21.5363624,0.074,0.0,393.17858442022805,-416.177767283139,-47.87802817857976,-10.257096604440076,-81.13430764593082
2025-07-15 22:00:00,19.23,0.0,15.8,0.6521,0.0,1.500003533329172,21.500029066666666,0.074,0.0,384.4475881868131,-415.97262441203986,-82.21660572750086,-12.669097704132254,-126.41073965685987
2025-07-15 23:00:00,20.23,0.0,14.2,0.6788,0.0,2.1999625110442222,21.465028,0.074,0.0,385.8072945145692,-415.7750754253466,-107.62071222824656,-7.791560018232265,-145.3800531572562
2025-07-16 00:00:00,20.13,0.0,13.4,0.6656,0.0,1.900042444262759,21.430028,0.074,0.0,381.05282076516824,-415.5776028274371,-107.75408306557384,-7.704754855233959,-149.98361998307666
2025-07-16 01:00:00,19.13,0.0,12.8,0.6126,0.0,1.0000401791928162,21.395028,0.074,0.0,369.6129328284304,-415.3802005801698,-93.54823544915466,-11.150330941002474,-150.46583414189652
2025-07-16 02:00:00,18.03,0.0,13.3,0.6096,0.0,0.7999527986075179,21.357363466666666,0.074,0.0,366.06302847697657,-415.1678487628268,-88.21653548775645,-16.161924736931038,-153.48328051053772
2025-07-16 03:00:00,17.63,0.0,13.5,0.6149,0.0,1.300046499168395,21.3196968,0.074,0.0,365.283763077962,-414.95556635443654,-99.20758269337762,-20.59620449392056,-169.4755904637727
2025-07-16 04:00:00,17.33,1.0,13.9,0.6224,0.0,1.0999637130378437,21.282030133333333,0.074,0.9153612078977932,365.8951607060739,-414.7433653641689,-91.69421445134296,-21.213776819497884,-160.84083472103805
2025-07-16 05:00:00,17.23,14.0,13.9,0.6288,0.0,0.6000215412799776,21.255687733333332,0.074,12.818282380396733,365.8764120367984,-414.59500975072353,-80.41116322186743,-19.01840589610914,-135.32988445150497
2025-07-16 06:00:00,17.43,60.0,14.8,0.6259,0.0,0.6000332324130057,21.2293544,0.074,54.92921621424934,369.9371910841349,-414.4467449827261,-73.06190725379636,-17.789338349314956,-80.43158328745321
2025-07-16 07:00:00,18.83,153.0,14.4,0.6274,0.0,0.6000508145149043,21.203021066666665,0.074,140.07777560833455,375.4972794129724,-414.2985199843954,-71.3155220343584,-10.481761638956234,19.47925136359695
2025-07-16 08:00:00,20.23,231.0,14.7,0.6277,0.0,0.900042004575342,21.2249824,0.074,211.4924767179188,383.6385180152743,-414.42213312739085,-71.72069592430098,-4.532389414460864,104.45577626704042
2025-07-16 09:00:00,20.83,243.0,15.2,0.6278,0.0,1.0999841680678863,21.2469824,0.074,222.4799763882816,388.5324323561349,-414.54599164499587,-70.86084359876783,-1.964255505119123,123.64131799553364
2025-07-16 10:00:00,21.33,352.0,15.4,0.6278,0.0,1.4999516158863258,21.2689824,0.074,322.2755213525726,391.81762967130726,-414.6698779237625,-76.14669792810598,0.3140939330248327,223.59066910503617
2025-07-16 11:00:00,21.43,343.0,14.3,0.6278,0.0,1.5000049933250221,21.389570133333333,0.074,314.0355222270806,388.19927222477503,-415.3494242012144,-86.18973621494952,0.20827418724774177,200.90390822293944
2025-07-16 12:00:00,22.53,723.0,14.8,0.6278,0.0,2.10001344043318,21.5102368,0.074,661.946596414517,395.7567828205318,-416.0302509808282,-93.63804870881843,5.872027156945765,553.9071067023478
2025-07-16 13:00:00,22.73,374.0,14.8,0.6277,0.0,1.8999976973670256,21.630903466666666,0.074,342.41639087663043,396.78202283524473,-416.7119144088846,-90.68682784068181,6.023627938329192,237.823299400638
2025-07-16 14:00:00,21.93,189.0,16.1,0.6277,0.0001,0.7999527986075179,21.580706933333335,0.074,173.03929913284264,397.4125782588866,-416.42824526929815,-60.394900710622835,1.4578616994295819,95.08659311123783
2025-07-16 15:00:00,19.43,164.0,17.0,0.6277,0.0008,1.6999948029332324,21.5303736,0.074,150.1505029512497,387.58637222440933,-416.1439484939536,-75.53627139590975,-12.208225382479771,33.84842990331596
2025-07-16 16:00:00,18.83,148.0,18.6,0.6277,0.0003,1.1999774539548649,21.480040266666666,0.074,135.50167339503025,389.50360865467644,-415.8597973111367,-55.02898123915593,-13.931917893727594,40.18458560568649
2025-07-16 17:00:00,19.33,132.0,17.7,0.6276,0.0,1.4000204855644076,21.443695733333332,0.074,120.85236723987177,389.3057772683944,-415.6547088203623,-63.622115744607456,-11.457334767635736,19.42398517566071
2025-07-16 18:00:00,19.13,49.0,17.9,0.6282,0.0001,0.9999988499993387,21.4073624,0.074,44.86292549934393,388.95075841562794,-415.4497593615519,-55.90314075591382,-11.216149460405498,-48.75536566289935
2025-07-16 19:00:00,17.53,8.0,18.0,0.6272,0.0017,1.700024382178091,21.371029066666665,0.074,7.324270396270396,381.03188824409403,-415.2448857038665,-68.2022674583666,-23.56874940945513,-118.65974393132382
2025-07-16 20:00:00,17.13,0.0,17.8,0.6324,0.0004,1.400034606715134,21.334695733333334,0.074,0.0,378.80457887529565,-415.04008782861365,-65.8264916126041,-24.426249251296753,-126.48824981721886
2025-07-16 21:00:00,17.13,0.0,18.0,0.6425,0.0,0.7999618615909136,21.2983624,0.074,0.0,380.18736184221814,-414.8353657171032,-54.87552179805869,-20.898662845383182,-110.4221885183269
2025-07-16 22:00:00,17.13,0.0,18.1,0.6321,0.0,0.9000148109892414,21.262029066666667,0.074,0.0,379.6871800479912,-414.63071935064755,-55.03248998132146,-21.232094491745187,-111.208123775723
2025-07-16 23:00:00,16.93,0.0,17.7,0.6009,0.0,1.4000153213447344,21.227694133333333,0.074,0.0,375.1608979061883,-414.4373985034382,-65.44734753511572,-25.040698182477264,-129.76454631484287
2025-07-17 00:00:00,16.83,1.0,17.2,0.5514,0.0,1.9999898399741936,21.1933608,0.074,0.9129418749137098,369.72302055162373,-414.24415426972155,-78.90708802216072,-28.91820381945343,-151.43348368479826
2025-07-17 01:00:00,18.13,0.0,16.1,0.5487,0.0001,2.2999657606147097,21.159027466666664,0.074,0.0,372.44139503144373,-414.050977623452,-91.33245931368836,-20.518038787299446,-153.4600806929961
2025-07-17 02:00:00,16.63,0.0,16.6,0.5388,0.0,4.4000311464806705,21.120697333333332,0.074,0.0,366.06047683105345,-413.83539279297077,-123.96771461668328,-44.037542747054225,-215.78017332565483
2025-07-17 03:00:00,14.93,0.0,15.4,0.4829,0.003,1.800051068719996,21.082364,0.074,0.0,350.75809762955316,-413.619874172614,-96.17525973227175,-41.2039267629864,-200.24096303831897
2025-07-17 04:00:00,15.03,1.0,15.8,0.4215,0.0062,1.2000390201989268,21.044030666666668,0.074,0.909078872347165,349.31587048532117,-413.404439742116,-80.41518929811778,-35.37890709872221,-178.97358678128765
2025-07-17 05:00:00,15.33,7.0,16.1,0.3726,0.0003,1.3000181114122988,21.013357866666666,0.074,6.354491090082339,349.41036489600106,-413.2321183476781,-78.26234609113884,-33.83126840175325,-169.56087685448685
2025-07-17 06:00:00,15.83,67.0,16.3,0.3402,0.0,0.5,20.9826912,0.074,60.76690902518376,351.0206266625878,-413.0598852722617,-61.3531652030788,-24.744720255648275,-87.37023504321722
2025-07-17 07:00:00,16.43,107.0,16.7,0.3195,0.0001,0.7999987999991001,20.952024533333336,0.074,96.99166379053854,354.25835765350666,-412.8877060418679,-61.47707855879715,-22.96933668374364,-46.084099840363464
2025-07-17 08:00:00,16.53,143.0,16.6,0.3128,0.0004,0.7,20.970318666666667,0.074,129.6013949739213,354.1751626428532,-412.99041270841866,-60.65166962706589,-21.903129513500087,-11.768654232210157
2025-07-17 09:00:00,17.13,330.0,16.0,0.3125,0.0,0.599999099999325,20.988652000000002,0.074,299.0777777777777,355.12832037094057,-413.0933586728675,-62.14384807452913,-18.109346293464554,160.85954510785712
2025-07-17 10:00:00,18.63,618.0,15.4,0.3125,0.0,0.7,21.006985333333336,0.074,560.0911111111111,360.2839109879512,-413.1963238820935,-64.5395014025231,-10.81335529891589,431.8258415155298
2025-07-17 11:00:00,20.03,765.0,13.7,0.3125,0.0,0.9999988499993387,21.18186,0.074,693.3166666666666,360.91361948837107,-414.1794374421911,-80.87964459454098,-5.431963438199379,553.7392406801061
2025-07-17 12:00:00,21.23,745.0,15.1,0.3125,0.0,1.5000348062628412,21.35686,0.074,675.1907407407407,371.77483306993025,-415.1650107803046,-80.06941159746859,-0.657468867525659,551.0736825653722
2025-07-17 13:00:00,20.93,458.0,15.0,0.3126,0.0,1.2,21.53186,0.074,415.08479743984833,369.9686116771541,-416.15234201128317,-78.07966825291425,-2.93497030765223,287.88642854515285
2025-07-17 14:00:00,22.43,665.0,16.1,0.3126,0.0,1.5000049933250221,21.658232266666666,0.074,602.6886251037098,381.13182933387503,-416.8664150181668,-73.49797494443489,3.8708244221589254,497.32688889714217
2025-07-17 15:00:00,23.23,688.0,15.9,0.3126,0.0,1.499961856181683,21.7845656,0.074,623.533494844139,384.4375997848863,-417.581186166552,-74.60840338684912,7.068509800867575,522.8500148764917
2025-07-17 16:00:00,23.13,566.0,15.6,0.3126,0.0,2.099983011836048,21.910898933333335,0.074,512.9650553514283,382.89435562661725,-418.29687609654644,-91.6056074051244,6.974632359318697,392.93155983569346
2025-07-17 17:00:00,22.93,409.0,15.8,0.3123,0.0,2.299983532549744,21.822737333333336,0.074,370.67323209101147,382.58234599298504,-417.79733563863005,-93.06720425018068,6.648945914585345,249.03998410977113
2025-07-17 18:00:00,22.03,225.0,15.3,0.3048,0.0,1.799978472093486,21.734404,0.074,203.87548371873524,376.0933017034362,-417.2972709715507,-88.19676035955237,1.6253095751612767,76.10006366622966
2025-07-17 19:00:00,21.03,64.0,15.7,0.2945,0.0,0.8999867221242767,21.646070666666667,0.074,57.9757443564937,372.1904449664138,-416.79765533712634,-68.29176486942292,-2.762910385870063,-57.68614126951184
2025-07-17 20:00:00,19.23,2.0,15.6,0.2638,0.0,2.9000221033640416,21.53742026666667,0.074,1.8103319894021428,362.1114878581207,-416.18374127669426,-112.32568404810681,-17.140703422090372,-181.7283088993686
2025-07-17 21:00:00,18.23,0.0,15.2,0.2256,0.0,2.100041773394044,21.4287536,0.074,0.0,354.917404641441,-415.57041389556366,-101.19610044640226,-20.927934901938922,-182.77704460246383
2025-07-17 22:00:00,17.33,0.0,14.7,0.1835,0.0,1.8000148054946659,21.320086933333332,0.074,0.0,348.0240899013865,-414.95776465686447,-100.50988406596147,-25.1184530629635,-192.56201188440295
2025-07-17 23:00:00,16.23,0.0,14.3,0.1595,0.0,1.8000511242739745,21.250389066666667,0.074,0.0,341.14550075948523,-414.5651734308945,-106.42334976366307,-32.566288527092574,-212.4093109621649
2025-07-18 00:00:00,15.73,0.0,14.1,0.1462,0.0,0.9,21.1807224,0.074,0.0,337.96440127979076,-414.1730363985356,-89.07435696729713,-29.34427640343726,-194.62726848947923
2025-07-18 01:00:00,15.03,0.0,14.1,0.1252,0.0,0.6,21.111055733333334,0.074,0.0,334.49441081269,-413.7811776236814,-83.66506445867977,-31.051985330305616,-194.0038165999768
2025-07-18 02:00:00,14.53,0.0,14.2,0.0729,0.0,0.5999933082960176,21.0690336,0.074,0.0,332.0135768111248,-413.54494739622913,-83.77505616162127,-33.94727286714047,-199.25369961386608
2025-07-18 03:00:00,14.23,0.0,14.0,0.0526,0.0,0.6,21.0270336,0.074,0.0,329.8683569275005,-413.30894267629174,-85.62121118765685,-35.612753181215204,-204.6745501176633
2025-07-18 04:00:00,14.13,2.0,14.0,0.0479,0.0,0.2999995499996625,20.985033599999998,0.074,1.8016685620613697,329.39954941479823,-413.07303898438624,-78.88425133227011,-33.28696405836682,-194.04303639816357
2025-07-18 05:00:00,14.63,70.0,14.2,0.0488,0.0,0.6,20.959353866666667,0.074,63.059524395243955,332.2931827732647,-412.9288519818919,-81.84847435717192,-32.612051953439426,-132.03667112399464
2025-07-18 06:00:00,16.03,154.0,14.6,0.051,0.0,0.40000031249987794,20.9336872,0.074,138.73701180092354,339.9286798998882,-412.78477606819155,-70.40391956257207,-22.67726660936488,-27.20027053931675
2025-07-18 07:00:00,17.83,369.0,15.2,0.0533,0.0,1.1999704204687716,20.908020533333335,0.074,332.44350531668977,350.1830857965007,-412.6407378601632,-76.11189643664953,-16.42679289978064,177.44716391659705
2025-07-18 08:00:00,18.93,468.0,15.7,0.0537,0.0,0.9999579291150203,21.04322506666667,0.074,421.6390250218363,356.96430455313714,-413.39991315014356,-67.6343918644582,-10.343164757773422,287.22585980259834
2025-07-18 09:00:00,20.53,687.0,16.5,0.0538,0.0,1.4000163606186893,21.1785584,0.074,618.9456995170076,367.16155484342744,-414.16086021579997,-66.54459581245182,-3.3388649816247202,502.0629333505585
2025-07-18 10:00:00,22.33,818.0,16.8,0.0538,0.0,1.2999980499985375,21.31389173333333,0.074,736.9688241701779,376.8837433786231,-414.92285730734767,-60.19899434861272,4.782990179227975,643.5137060720685
2025-07-18 11:00:00,23.53,870.0,16.7,0.0538,0.0,1.7000271791944974,21.6177568,0.074,783.8176980783064,382.49342732680867,-416.637606358169,-69.17905172073091,9.688310371591891,690.182777697807
2025-07-18 12:00:00,24.83,920.0,16.5,0.0538,0.0,1.6000010406246616,21.9217568,0.074,828.8646922207378,388.3274837577475,-418.35842980972103,-69.73883434858766,13.813567188663022,742.9084790088395
2025-07-18 13:00:00,26.33,896.0,17.3,0.0538,0.0,1.7000052764623996,22.2257568,0.074,807.2421350323708,398.6062187573013,-420.08457835693594,-66.23335995702517,19.121340481700834,738.6517559574118
2025-07-18 14:00:00,27.03,832.0,18.1,0.0538,0.0,1.5999765623283362,22.342573333333334,0.074,749.5819825300586,404.81656285099433,-420.74929527060453,-58.766915204355286,20.713727181187082,695.5960620872801
2025-07-18 15:00:00,27.03,724.0,17.4,0.0538,0.0,2.39999022081341,22.45924,0.074,652.2804751824067,402.5420245063787,-421.4139464308655,-80.41739678730578,25.104554654516864,578.0957111251311
2025-07-18 16:00:00,26.83,555.0,16.9,0.0538,0.0,3.0000656609481067,22.57590666666667,0.074,500.02163498098855,399.8399680013671,-422.07938473469363,-99.4451668970201,26.971738474062064,405.308789824704
2025-07-18 17:00:00,26.33,387.0,17.4,0.0536,0.0,2.3999535016328966,22.407801333333335,0.074,348.6623452527743,398.9331048167009,-421.1208028536629,-81.46676840894747,22.015106478150496,267.0229852850153
2025-07-18 18:00:00,25.13,203.0,17.0,0.0582,0.0,2.099970895036405,22.239468000000002,0.074,182.90686806056235,391.5360095581972,-420.1625578793841,-79.54280986406492,15.638863757944844,90.37637363325537
2025-07-18 19:00:00,24.03,58.0,17.0,0.0627,0.0,1.3999835213315905,22.07113466666667,0.074,52.26382305270222,386.03344158433606,-419.2059491746704,-66.64380901372935,9.134862415650442,-38.41763113571106
2025-07-18 20:00:00,22.03,1.0,17.2,0.0684,0.0,2.4999805139240587,21.931778133333335,0.074,0.9012039759784635,376.78870365278397,-418.41524720766074,-88.1310976132472,0.6340581410392943,-128.2223790511062
2025-07-18 21:00:00,20.03,0.0,16.8,0.0588,0.0,1.6000007031248455,21.7924448,0.074,0.0,365.73221545392244,-417.6257956851711,-78.20420927731759,-9.901635311140756,-139.99942481970703
2025-07-18 22:00:00,19.33,0.0,16.3,0.0578,0.0,1.3999685460752322,21.653111466666665,0.074,0.0,360.80878107874065,-416.83746182249627,-78.2913520845645,-12.682763282027956,-147.00279611034807
2025-07-18 23:00:00,18.83,0.0,16.3,0.0757,0.0,1.100027726923281,21.578726133333333,0.074,0.0,358.58180134575116,-416.4170544029984,-72.86377112394287,-14.139984505402268,-144.83900868659236
2025-07-19 00:00:00,18.43,0.0,16.3,0.0784,0.0,0.7000034428486763,21.504392799999998,0.074,0.0,356.71656854411066,-415.9972586273249,-65.45089760933622,-14.384618030884116,-139.1162057234346
2025-07-19 01:00:00,18.13,0.0,16.5,0.1565,0.0,0.4,21.430059466666666,0.074,0.0,357.03191810350876,-415.5777803331077,-58.46078145020001,-14.277386532168949,-131.2840302119679
2025-07-19 02:00:00,17.53,0.0,16.7,0.2576,0.0,0.7000172926435461,21.383703733333334,0.074,0.0,357.3294957607745,-415.31634604961107,-63.20376491697759,-18.58929715240593,-139.77991235822012
2025-07-19 03:00:00,17.93,0.0,17.0,0.3397,0.0,0.6,21.3373704,0.074,0.0,363.11291308761247,-415.0551613748363,-57.81147193844798,-15.705534008752707,-125.45925423442452
2025-07-19 04:00:00,18.03,1.0,16.9,0.4103,0.0,0.8999986499989875,21.291037066666668,0.074,0.9087753664213374,366.49505399216014,-414.79409991004803,-62.62832937763205,-16.228456679201116,-126.24705660829974
2025-07-19 05:00:00,17.73,28.0,16.6,0.4143,0.0,0.7999618615909136,21.274346666666666,0.074,25.44873153812196,364.3068984805454,-414.70008936287695,-63.65856521995117,-17.358891032886945,-105.96191559704769
2025-07-19 06:00:00,18.33,111.0,17.0,0.4253,0.0,0.7999882811641681,21.25768,0.074,100.91929396075443,369.026244995401,-414.6062284433862,-59.10184865645256,-14.003146416572765,-17.765684560256123
2025-07-19 07:00:00,19.93,317.0,17.1,0.4376,0.0,1.7000378819308706,21.24101333333333,0.074,288.3187229902714,377.87453408675003,-414.5123834577674,-68.93605311211334,-7.427825619351676,175.31699488778898
2025-07-19 08:00:00,21.73,543.0,17.9,0.4379,0.0,1.2999980499985375,21.443837600000002,0.074,493.8754111772613,389.4541026471995,-415.655509211975,-55.38489915470261,1.3858473439666885,413.6749528017498
2025-07-19 09:00:00,23.53,691.0,18.1,0.4378,0.0,0.7999892811781918,21.6468376,0.074,628.4840949942388,399.32838816433997,-416.80199120042096,-45.16569116706707,7.322932355498889,573.1677331465896
2025-07-19 10:00:00,25.33,662.0,18.7,0.4378,0.0,1.90005087563465,21.8498376,0.074,602.1077726283447,410.66023705418695,-417.9508432683488,-56.40471589688321,17.532823767845002,555.9452742851446
2025-07-19 11:00:00,27.03,839.0,19.6,0.4378,0.0,2.30004384523426,21.9409272,0.074,763.0942918960441,422.5805827426427,-418.46712421708156,-52.96152854597478,26.79229199956083,741.0385138751911
2025-07-19 12:00:00,26.73,255.0,19.6,0.4378,0.0,2.7999779463417207,22.031927200000002,0.074,231.92973114838048,420.95447166556806,-418.9833747833257,-61.624127841218396,28.163064888783982,200.4397650781885
2025-07-19 13:00:00,23.53,45.0,16.3,0.4378,0.0,6.500003978460321,22.1229272,0.074,40.92877608500832,393.39739077968034,-419.5001028646536,-177.4661324947829,16.140062806822904,-146.50000568792495
2025-07-19 14:00:00,21.43,138.0,19.2,0.4378,0.0005,3.400020507291096,22.0220808,0.074,125.51491332735887,391.8278075454521,-418.92749230390183,-84.337380374902,-4.5986546729879985,9.47919352101919
2025-07-19 15:00:00,20.73,126.0,20.4,0.4378,0.0002,2.600031634422935,21.921080800000002,0.074,114.6005730380233,391.62696073825083,-418.35459733834796,-60.12211663216091,-8.131023691337905,19.619796114427356
2025-07-19 16:00:00,22.23,518.0,20.5,0.4378,0.0001,4.999967619895153,21.8200808,0.074,471.13568915631805,399.669887602891,-417.7822901610938,-81.47761296492466,3.969667940871556,375.5153415740622
2025-07-19 17:00:00,22.83,292.0,19.3,0.4374,0.0,2.600030649819344,21.808675733333335,0.074,265.579026750288,399.330153096056,-417.71770132023795,-65.39481936319284,6.55208451278538,188.34874367569853
2025-07-19 18:00:00,22.13,98.0,19.9,0.4365,0.0,1.3000136614666786,21.7973424,0.074,89.13023217141031,397.3838095183994,-417.6535261363253,-44.77859141738253,1.608148920463717,25.690073056565577
2025-07-19 19:00:00,21.43,54.0,20.3,0.4368,0.0,1.099982727137113,21.78600906666667,0.074,49.11302763561924,394.90180313316773,-417.589358347262,-40.57010080275499,-1.6729956238556716,-15.81762400508572
2025-07-19 20:00:00,20.53,2.0,20.3,0.4438,0.0,1.8999953815733341,21.719719733333335,0.074,1.819392366019792,390.66610857051944,-417.21418526553526,-50.05270831436319,-7.026529444076276,-81.80792208743551
2025-07-19 21:00:00,19.63,0.0,19.8,0.4494,0.0,0.8000221621930232,21.6533864,0.074,0.0,385.01351044517554,-416.8390162675821,-41.85743010948929,-9.337817750113278,-83.02075368200913
2025-07-19 22:00:00,19.03,0.0,19.7,0.4517,0.0,0.7999618615909136,21.587053066666666,0.074,0.0,381.8339188225345,-416.4641003472461,-42.72477589213147,-12.054152981419907,-89.40911039826297
2025-07-19 23:00:00,18.53,0.0,18.5,0.4412,0.0,1.4999516158863258,21.53704,0.074,0.0,375.35110588505916,-416.18159382416513,-61.481303506030486,-17.194189499873442,-119.50598094500991
2025-07-20 00:00:00,18.03,0.0,18.2,0.448,0.0,0.6,21.48704,0.074,0.0,372.3764956137224,-415.8993048059786,-51.20173933449144,-15.966397816299613,-110.69094634304726
2025-07-20 01:00:00,17.83,0.0,17.9,0.3732,0.0,0.5999933082960176,21.43704,0.074,0.0,366.7691107840255,-415.61715941609094,-53.063724671771034,-16.759731357631473,-118.67150466146796
2025-07-20 02:00:00,17.33,0.0,17.8,0.317,0.0,0.5999933082960176,21.395699733333334,0.074,0.0,361.70843034626796,-415.38398853726255,-54.2911934458632,-19.237525428789628,-127.20427706564742
2025-07-20 03:00:00,17.03,0.0,17.4,0.2948,0.0,0.6000508145149043,21.3543664,0.074,0.0,358.2870856163356,-415.15095486419875,-57.260852600159765,-20.669729398331537,-134.79445124635444
2025-07-20 04:00:00,17.53,2.0,18.2,0.2952,0.0,1.3,21.313033066666666,0.074,1.81177475363679,363.01126191038145,-414.91801925517706,-59.79153256592101,-21.182628041734297,-131.06914319881415
2025-07-20 05:00:00,17.53,34.0,18.3,0.3268,0.0,0.7999882811641681,21.2950144,0.074,30.825783409036575,364.49172056166077,-414.81650504358544,-51.78515340116457,-18.594227484033972,-89.87838195808666
2025-07-20 06:00:00,17.83,106.0,18.6,0.3327,0.0,1.0999958045374536,21.2770144,0.074,96.1191572002639,367.03368676053725,-414.7151145965513,-52.69668158218902,-18.179458402231607,-22.438410620170796
2025-07-20 07:00:00,18.63,256.0,19.1,0.3418,0.0,0.6999830355087185,21.2590144,0.074,232.19413050295503,372.7295906497067,-414.6137427372258,-42.26908312413585,-12.083006255519981,135.95788903578014
2025-07-20 08:00:00,19.83,494.0,19.1,0.3479,0.0,0.6,21.4428528,0.074,448.1369096301677,378.9406224517629,-415.64995313388494,-41.160702448744594,-6.896016759059684,363.3708597402414
2025-07-20 09:00:00,22.13,668.0,20.4,0.3482,0.0,1.0999753088137934,21.6268528,0.074,605.9876972999152,394.2449646134682,-416.6890180292078,-36.78550117992051,2.2840722948863337,549.0422149991415
2025-07-20 10:00:00,24.03,747.0,20.6,0.3482,0.0,2.200018129470755,21.8108528,0.074,677.653907010534,404.680308273586,-417.73002984230294,-46.69875069811364,12.575285344173185,630.4807200878768
2025-07-20 11:00:00,25.43,780.0,20.6,0.3482,0.0,2.1000229046369943,22.031157066666665,0.074,707.5904249909189,412.0808005894435,-418.9790037498021,-46.6312908915259,18.068058232009133,672.1289891710436
2025-07-20 12:00:00,26.93,878.0,20.8,0.3482,0.0,1.7999889027435698,22.2514904,0.074,796.4928117205473,420.7009245956228,-420.2309416449508,-42.19077895387777,21.912274480932236,776.6842901982737
2025-07-20 13:00:00,26.53,508.0,19.9,0.3482,0.0,2.2000089113455883,22.471823733333334,0.074,460.84094345562414,415.90628196334376,-421.48568310342944,-58.08028955618347,21.609032727985415,418.79028548734044
2025-07-20 14:00:00,26.33,322.0,19.3,0.3482,0.0,1.400021060555876,22.369748533333333,0.074,292.10784211163576,413.02670722861126,-420.90404236699203,-49.600833316696594,16.994687981062235,251.6243616376207
2025-07-20 15:00:00,23.93,121.0,21.4,0.3482,0.0012,2.399973801940346,22.2674152,0.074,109.76723259474511,406.3612457799355,-420.32153522771625,-49.13095186215765,10.030477049086407,56.70646833389303
2025-07-20 16:00:00,22.23,252.0,21.9,0.3482,0.0,2.7000437200164,22.165081866666664,0.074,228.60613730475842,398.78164799495914,-419.73963291517384,-48.01311653681512,0.4365465909198096,160.07158243864836
2025-07-20 17:00:00,23.63,240.0,21.4,0.3482,0.0,1.0999983499987624,22.0840648,0.074,217.72013076643663,404.7812595010545,-419.2793708729476,-33.44288639018976,6.7182266683024405,176.49735967265624
2025-07-20 18:00:00,21.63,20.0,22.8,0.3516,0.0061,1.2999980499985375,22.0030648,0.074,18.145042465421014,398.10803583542156,-418.81958429392324,-26.765970323410915,-1.8524260635843852,-31.184902380075982
2025-07-20 19:00:00,18.93,1.0,19.8,0.361,0.0129,2.800027223081947,21.9220648,0.074,0.9074887126296522,376.98458374873013,-418.36017597404845,-72.1131960097078,-22.214100161540827,-134.79539968393732
2025-07-20 20:00:00,18.93,0.0,20.1,0.3868,0.0041,1.500017826560738,21.843729333333336,0.074,0.0,379.0075735481077,-417.9162397123356,-51.72142018797541,-16.61034916087205,-107.24043551307535
2025-07-20 21:00:00,18.43,0.0,19.6,0.4373,0.0116,1.7999603995643902,21.765396000000003,0.074,0.0,377.74789274322154,-417.47266892673923,-59.500603908268005,-20.590831582887024,-119.81621167467272
2025-07-20 22:00:00,18.13,0.0,19.1,0.5016,0.0019,1.19999819999865,21.68706266666667,0.074,0.0,378.5912430185937,-417.0294513350088,-55.36776624932284,-19.30026436518417,-113.10623893092213
2025-07-20 23:00:00,17.43,0.0,18.4,0.5782,0.0006,0.599999099999325,21.64136986666667,0.074,0.0,378.13075441625455,-416.7710800685406,-53.05996838676025,-20.040870003788324,-111.74116404283461
2025-07-21 00:00:00,17.23,0.0,18.1,0.5778,0.0087,1.3,21.5957032,0.074,0.0,376.2156382522621,-416.51297654512985,-65.60136448236776,-24.918129115229572,-130.81683189046504
2025-07-21 01:00:00,17.13,0.0,18.2,0.5765,0.0019,0.599999099999325,21.550036533333333,0.074,0.0,375.92139655336143,-416.2549929216141,-53.89954973768125,-21.205330648178936,-115.43847675411283
2025-07-21 02:00:00,17.33,0.0,18.4,0.5429,0.0025,0.5999645989556384,21.51069813333333,0.074,0.0,375.22528631901906,-416.0328555257982,-51.52602149367222,-19.870882066411173,-112.20447276686252
2025-07-21 03:00:00,17.53,0.0,18.6,0.5144,0.0004,1.1999477696966647,21.4713648,0.074,0.0,374.9657812437498,-415.8108356441765,-57.42918836733798,-21.666781034637427,-119.94102380240211
2025-07-21 04:00:00,17.43,0.0,18.1,0.4762,0.0006,2.0000426020462663,21.432031466666665,0.074,0.0,370.7174535646216,-415.5889046366752,-72.86916010135226,-26.25493332670602,-143.99554450011183
2025-07-21 05:00:00,17.13,4.0,17.4,0.4625,0.0004,2.199996699997525,21.3940304,0.074,3.6409105691056904,366.3962836627897,-415.3745750831246,-82.96228854823778,-29.302328598800784,-157.6019979982678
2025-07-21 06:00:00,16.53,27.0,16.9,0.4654,0.0,1.8000148054946659,21.3560304,0.074,24.57840297145836,362.1336969054309,-415.16033445419157,-82.15923382521086,-31.130911154551804,-141.73837955706495
2025-07-21 07:00:00,16.53,42.0,17.0,0.454,0.0,1.3999886606683642,21.3180304,0.074,38.219347994825355,361.8161798820125,-414.9461767112294,-73.95446910325185,-28.333964847908607,-117.19908278555202
2025-07-21 08:00:00,17.03,74.0,17.2,0.4512,0.0001,1.1999883707769838,21.29635066666667,0.074,67.33296694214876,364.68732409208474,-414.82403271118767,-67.5013352333448,-23.711311585816713,-74.01638849611571
2025-07-21 09:00:00,17.53,135.0,17.7,0.4512,0.0,0.9999579291150203,21.274684,0.074,122.8371694214876,368.62212369515134,-414.7019892724145,-58.95293031909574,-19.464108414472765,-1.6597348893440547
2025-07-21 10:00:00,17.73,111.0,17.4,0.4512,0.002,0.6000260411015508,21.253017333333332,0.074,100.99945041322313,368.69953845666214,-414.5799727649945,-54.381134209547184,-16.314448651273967,-15.57656675593039
2025-07-21 11:00:00,19.03,786.0,17.6,0.4512,0.0005,1.4999899266328425,21.465496533333333,0.074,715.1852975206612,375.7066869246388,-415.7777194024505,-66.99972318836772,-13.667453733102565,594.4470881213791
2025-07-21 12:00:00,20.63,891.0,17.4,0.4512,0.0,2.1999506176275867,21.6781632,0.074,810.7253181818182,383.07595261497835,-416.97911962435296,-79.95372050296501,-6.576235423312304,690.2921952461664
2025-07-21 13:00:00,21.73,792.0,16.2,0.4512,0.0,2.0999393729343714,21.890829866666664,0.074,720.6447272727273,384.689025906877,-418.1831215745957,-90.02177070499054,-0.9613786839265754,596.1674822160916
2025-07-21 14:00:00,21.83,562.0,16.2,0.4512,0.0,1.8999989263154862,21.936963199999997,0.074,511.3665867768595,385.1922868993184,-418.44464696436495,-86.54666290544723,-0.6101979881554205,390.95736581821023
2025-07-21 15:00:00,20.23,442.0,18.3,0.4512,0.0035,2.4000154707834693,21.9829632,0.074,402.17799173553715,383.8240154835262,-418.70553861551707,-80.8126766798642,-11.68893619048663,274.79485573319545
2025-07-21 16:00:00,20.63,369.0,17.6,0.4512,0.0,2.099953109000294,22.0289632,0.074,335.7549297520661,383.70190039352843,-418.9665522431017,-82.47056007198734,-8.684501015879313,209.33521681462614
2025-07-21 17:00:00,20.43,217.0,16.7,0.4509,0.0,2.20001844537722,21.934409066666667,0.074,197.44753095345686,379.81983113370967,-418.43016462357195,-91.6440036051549,-9.56648703783955,57.62670682060008
2025-07-21 18:00:00,19.83,115.0,17.7,0.4483,0.0,2.2999507559945713,21.839742400000002,0.074,104.62963394986146,379.83327249670845,-417.89365474689754,-83.47477302601546,-13.232724988109343,-30.13824631445245
2025-07-21 19:00:00,19.23,23.0,17.4,0.4457,0.0,2.1999625110442222,21.745075733333334,0.074,20.924240751463678,375.7799179227175,-417.3576609691723,-84.47353517148132,-16.4656629674918,-121.5927004339642
2025-07-21 20:00:00,18.53,0.0,16.9,0.4432,0.0,2.4999873299678943,21.6660632,0.074,0.0,370.6397059703827,-416.9106943264458,-95.03779684093263,-22.13013611444347,-163.43892131143923
2025-07-21 21:00:00,18.03,0.0,17.3,0.4333,0.0,1.1,21.5870632,0.074,0.0,368.90104571717956,-416.46415760151206,-67.12235519716418,-18.832646919405942,-133.5181140009026
2025-07-21 22:00:00,18.13,0.0,16.8,0.4173,0.0001,1.4999920833124418,21.5080632,0.074,0.0,367.02067033502146,-416.01797967366736,-76.64474851370016,-19.54888025545346,-145.19093810779952
2025-07-21 23:00:00,17.63,0.0,16.8,0.3913,0.0,1.3999752926391238,21.461370666666667,0.074,0.0,363.3317920323322,-415.75443718715127,-75.38828504471708,-21.99128535842727,-149.80221555796342
2025-07-22 00:00:00,17.53,0.0,16.7,0.4143,0.0,1.699994485285173,21.414704,0.074,0.0,363.65390049838595,-415.4911658266375,-80.95075655444052,-23.86813060676813,-156.65615248946017
2025-07-22 01:00:00,17.53,0.0,15.2,0.4055,0.0,1.8999556468507364,21.368037333333334,0.074,0.0,358.3698225179629,-415.22801952092425,-98.05512184760637,-24.55704519136543,-179.47036404193312
2025-07-22 02:00:00,17.23,0.0,16.7,0.38,0.0,1.1000113635776676,21.32669973333333,0.074,0.0,360.5788616851741,-414.99502743717176,-69.96650355160443,-22.100776377347,-146.48344568094907
2025-07-22 03:00:00,16.93,0.0,16.0,0.3597,0.0,1.6999344840316641,21.2853664,0.074,0.0,356.0649943520331,-414.7621574524185,-86.78788311399019,-27.140696824585,-172.62574303896054
2025-07-22 04:00:00,16.63,1.0,15.8,0.3348,0.0,0.6000332324130057,21.244033066666667,0.074,0.9068359356233485,352.99217343154277,-414.52938548577714,-68.31015841900388,-22.302654324925577,-151.24318886254048
2025-07-22 05:00:00,16.23,24.0,16.0,0.3432,0.0,0.7,21.209694133333333,0.074,21.76903138580396,352.08281147148574,-414.3360775630686,-69.21064484063781,-25.06309211908561,-134.75797166550234
2025-07-22 06:00:00,16.93,48.0,16.6,0.3227,0.0,0.49997049912969865,21.1753608,0.074,43.51398461813629,356.4391933297476,-414.14286876551313,-59.161184019334854,-19.67117624563618,-93.02205108260027
2025-07-22 07:00:00,17.53,62.0,16.6,0.3146,0.0,0.4999630086316386,21.141027466666664,0.074,56.193483327400024,358.98051175903186,-413.94972754714155,-57.296574631062356,-16.3060682337486,-72.37837532552062
2025-07-22 08:00:00,18.13,156.0,16.6,0.3128,0.0,0.8000221621930232,21.1390016,0.074,141.3833399715505,361.77771117783334,-413.9383332012528,-60.85923663536057,-14.437734718383805,13.925746594386677
2025-07-22 09:00:00,19.03,269.0,16.4,0.3127,0.0,1.2000342078457598,21.1370016,0.074,243.7949885616073,365.4696621376386,-413.9270845713735,-66.93175223735712,-10.864471213050487,117.54134267746478
2025-07-22 10:00:00,20.13,331.0,15.0,0.3127,0.0,2.0999712021834966,21.135001600000002,0.074,299.98565507023056,366.1068138747177,-413.9158361707539,-92.5362872386509,-6.165277506022352,153.47506802952105
2025-07-22 11:00:00,21.13,598.0,14.3,0.3127,0.0,3.000009963316789,21.328844800000002,0.074,541.9680414863984,368.4197074329386,-415.00711531410747,-118.90902067553947,-1.4253110817687251,375.04630184792137
2025-07-22 12:00:00,22.73,967.0,14.9,0.3127,0.0,2.999969361510214,21.5228448,0.074,876.3931373199787,378.41892781799964,-416.101436239915,-111.47630028021209,8.337235093421047,735.5715637112723
2025-07-22 13:00:00,23.03,1008.0,13.9,0.3127,0.0,3.3999726616547963,21.716844799999997,0.074,913.5514813014876,376.1487897329223,-417.19791992909785,-134.22165202749676,9.733989194297207,748.0146882721126
2025-07-22 14:00:00,23.63,734.0,14.3,0.3127,0.0,3.1000074919264313,21.751972,0.074,665.2249873762817,380.63502811643747,-417.39668956174313,-121.59437833028294,12.983385548856443,519.8523331495495
2025-07-22 15:00:00,23.33,655.0,14.1,0.3127,0.0,3.9999845612202054,21.786972,0.074,593.627202631423,378.39144535261374,-417.594810057142,-146.64005572586004,12.589167283363478,420.37294948439813
2025-07-22 16:00:00,22.63,301.0,13.6,0.3127,0.0,4.699952680612859,21.821972,0.074,272.79662288863864,373.02924749242743,-417.7930010737169,-173.34788626216454,7.4464616309961125,62.13144467618082
2025-07-22 17:00:00,22.73,389.0,13.5,0.3127,0.0,3.600002518054675,21.769375466666666,0.074,352.5511172879749,373.12217916310243,-417.49519456041634,-145.8046056398552,7.436367840628853,169.80986409143458
2025-07-22 18:00:00,22.13,183.0,13.6,0.3102,0.0,2.000042344551735,21.7167088,0.074,165.842185110664,370.50716758007496,-417.1971505019047,-106.517756757663,2.3721048700808387,15.00655030125207
2025-07-22 19:00:00,21.33,36.0,13.6,0.2918,0.0,1.5,21.664042133333336,0.074,32.609087460484716,365.97226767943454,-416.89926604903576,-96.2414267820592,-1.7440689965621927,-116.30340668773789
2025-07-22 20:00:00,20.43,1.0,13.9,0.2548,0.0,2.899961684229638,21.5960544,0.074,0.9049640155856061,361.5778539831849,-416.51496103555496,-128.5931307267944,-8.414531988858627,-191.03980575243747
2025-07-22 21:00:00,18.63,0.0,14.6,0.208,0.0,1.7000378819308706,21.528054400000002,0.074,0.0,354.29652708242736,-416.13085251142354,-98.97766642428584,-17.274607008215312,-178.08659886149735
2025-07-22 22:00:00,17.93,0.0,14.8,0.1872,0.0,0.599999099999325,21.4600544,0.074,0.0,351.22540604425944,-415.7470097161347,-74.7778128392108,-16.351529224793577,-155.65094573587965
2025-07-22 23:00:00,17.23,0.0,14.6,0.1666,0.0,2.000027892305505,21.4080416,0.074,0.0,346.87633308345784,-415.45358990493133,-107.61587442029263,-27.54626375303132,-203.73939499479746
2025-07-23 00:00:00,16.43,0.0,14.5,0.1739,0.0,1.3999752926391238,21.356041599999998,0.074,0.0,343.0133984628792,-415.1603975865859,-97.18084131955968,-29.27697319114825,-198.6048136344146
2025-07-23 01:00:00,16.73,0.0,14.4,0.2407,0.0,1.4999516158863258,21.304041599999998,0.074,0.0,345.65685798938324,-414.86736047854674,-98.43515311259314,-27.486786400816033,-195.13244200257267
2025-07-23 02:00:00,16.53,0.0,14.4,0.2816,0.0,0.3,21.253040799999997,0.074,0.0,345.9779433423513,-414.5801049036909,-72.51871862916305,-21.062326532189147,-162.1832067226918
2025-07-23 03:00:00,15.13,0.0,14.4,0.3186,0.0,0.8,21.2020408,0.074,0.0,340.84000021918183,-414.2930030296068,-86.65038397321008,-32.5922964002373,-192.69568318387232
2025-07-23 04:00:00,14.83,1.0,14.2,0.3282,0.0,0.7,21.1510408,0.074,0.9066747218566814,339.14834488421144,-414.0060502975563,-86.24254230775425,-33.39044501274161,-193.58401801198409
2025-07-23 05:00:00,14.93,44.0,13.9,0.3041,0.0,1.300046499168395,21.1370112,0.074,39.86825496786367,337.70699864542394,-413.9271385642493,-101.31279972958086,-37.552913534609466,-175.217598215152
2025-07-23 06:00:00,16.33,202.0,14.5,0.3274,0.0,0.3999395954391113,21.1230112,0.074,183.1443639842162,347.01510708101017,-413.84840456649016,-72.78586071463451,-22.066439202455452,21.458766581646277
2025-07-23 07:00:00,17.73,372.0,14.9,0.3352,0.0,1.799997299997975,21.1090112,0.074,337.34661797212885,355.2142400274653,-413.7696818013913,-93.80506905356246,-20.887649580074363,164.09845756456605
2025-07-23 08:00:00,19.43,548.0,15.6,0.3355,0.0,1.5999704247266573,21.1799432,0.074,496.9555037548814,365.68865675698845,-414.16865204154726,-80.21928877288217,-9.827262931247954,358.4289567661924
2025-07-23 09:00:00,20.23,446.0,14.1,0.3356,0.0,1.3999752926391238,21.250943200000002,0.074,404.4575813506369,364.26432756037866,-414.56829363091236,-87.17411696757763,-5.3265763492028855,261.65292196332274
2025-07-23 10:00:00,21.23,503.0,14.7,0.3356,0.0,1.4000125035155935,21.3219432,0.074,456.14834847392456,371.2788731115391,-414.96822436858326,-80.56509796557995,-0.4638210533242435,331.43007819797623
2025-07-23 11:00:00,21.33,536.0,14.0,0.3356,0.0,0.9999715995967086,21.44456853333333,0.074,486.07458207161733,369.18321146864486,-415.6596330524962,-78.30072009328002,-0.5181866526988764,360.77925374178704
2025-07-23 12:00:00,21.83,407.0,14.3,0.3356,0.0,1.399997899998425,21.5672352,0.074,369.0902143715453,372.73332481481566,-416.35213887136536,-85.38090531440929,1.3082230999918223,241.3987181005781
2025-07-23 13:00:00,22.63,662.0,15.1,0.3356,0.0,1.9999840049360393,21.689901866666666,0.074,600.3383830809901,379.5865893968967,-417.04550963713814,-91.59326617350986,5.3035947133173424,476.5897913805561
2025-07-23 14:00:00,22.83,421.0,15.4,0.3356,0.0,2.599970532525321,21.718643733333334,0.074,381.7861922614756,381.64829346143796,-417.208097589724,-101.42967716775487,7.11097574942772,251.90768671486242
2025-07-23 15:00:00,23.33,572.0,15.2,0.3356,0.0,3.199937113444575,21.7473104,0.074,518.7213823600096,383.42354368079924,-417.3703074968941,-115.16822825911623,11.236441795445188,380.8428320802436
2025-07-23 16:00:00,23.33,500.0,15.1,0.3356,0.0,2.999960083067773,21.775977066666666,0.074,453.4277817832251,383.06216299583934,-417.5325646997009,-112.48926573022436,10.632650211362003,317.10076456050115
2025-07-23 17:00:00,22.43,191.0,15.4,0.3357,0.0,2.800049722772794,21.7050568,0.074,173.2098815117467,379.6676308839246,-417.13123264724425,-106.52004065946245,4.881287937487647,34.10752702645221
2025-07-23 18:00:00,21.83,115.0,15.6,0.3399,0.0,2.79999579999685,21.6340568,0.074,104.30055960484309,377.578241751005,-416.72973926810556,-104.863239106839,1.3386083046979314,-38.375568714398526
2025-07-23 19:00:00,20.73,32.0,15.9,0.3579,0.0,2.199995929541689,21.5630568,0.074,29.037132452347603,373.97367038458,-416.3285357900628,-91.8264216523433,-5.193380978345883,-110.33753558382443
2025-07-23 20:00:00,19.83,0.0,16.2,0.392,0.0,1.0999753088137934,21.510708533333332,0.074,0.0,372.14170307267716,-416.0329142411148,-70.00050298578854,-8.312064018456855,-122.20377817268302
2025-07-23 21:00:00,19.63,0.0,15.6,0.4471,0.0,1.2000340828493163,21.4583752,0.074,0.0,371.99512694318446,-415.73753441793326,-76.234633514264,-9.333062432580736,-129.31010342159354
2025-07-23 22:00:00,17.83,0.0,17.3,0.4737,0.0014,1.6000350058670592,21.406041866666666,0.074,0.0,370.1460202787851,-415.442311910545,-72.96070501756527,-21.296530975016175,-139.55352762434137
2025-07-23 23:00:00,17.13,0.0,17.8,0.5197,0.0009,0.800014462369275,21.368363466666665,0.074,0.0,370.97547893434523,-415.22985810384574,-57.35485572237335,-21.30507362550797,-122.91430851738183
2025-07-24 00:00:00,17.33,0.0,18.0,0.5636,0.001,1.6999895911446046,21.3306968,0.074,0.0,375.4359520372706,-415.0175519145532,-67.9502413376331,-24.667051755198653,-132.19889297011434
2025-07-24 01:00:00,17.23,0.0,17.8,0.5697,0.0003,1.5000377728577372,21.293030133333332,0.074,0.0,374.75724922318796,-414.8053271494641,-66.44271867612345,-24.03042899166335,-130.52122559406297
2025-07-24 02:00:00,16.83,0.0,17.7,0.6197,0.0009,1.1999602076735711,21.261358666666666,0.074,0.0,376.03951465987774,-414.62694405513867,-63.20964885806117,-24.764159970719128,-126.56123822404123
2025-07-24 03:00:00,16.63,0.0,17.6,0.6486,0.0006,0.9999715995967086,21.229692,0.074,0.0,376.9289863656858,-414.44864552291176,-61.00221304773975,-24.639491352166836,-123.16136355713257
2025-07-24 04:00:00,16.63,0.0,17.5,0.6841,0.0,0.7999987999991001,21.198025333333334,0.074,0.0,379.4492329195889,-414.27040450102976,-58.33370332200473,-23.242060625188035,-116.39693552863363
2025-07-24 05:00:00,16.53,6.0,17.4,0.727,0.0,0.8999801997821951,21.1740192,0.074,5.51650274941084,382.24390760189283,-414.13532036311153,-60.499697227533076,-24.304739509937246,-111.17934674927818
2025-07-24 06:00:00,16.73,48.0,17.5,0.7428,0.0002,0.6999586987815781,21.150019200000003,0.074,44.16424562519885,384.9658536310669,-414.0003037638032,-55.96235400223513,-21.78607605571015,-62.618634565482665
2025-07-24 07:00:00,17.33,84.0,17.9,0.7519,0.0,0.6000332324130057,21.1260192,0.074,77.32055636567583,390.1251427570923,-413.865320180819,-50.073602613620494,-17.771368564150674,-14.264592235822061
2025-07-24 08:00:00,16.63,86.0,16.8,0.7549,0.0027,2.200038201941048,21.114675733333335,0.074,79.17281150108425,383.29509491811774,-413.8015324289818,-85.21303337862936,-31.00280564424609,-67.54946503265523
2025-07-24 09:00:00,16.83,220.0,17.0,0.7549,0.0,1.7000378819308706,21.1033424,0.074,202.5350991888202,384.9664140420741,-413.737809023909,-74.59116468062082,-26.56497624521747,72.60756328114698
2025-07-24 10:00:00,16.73,117.0,16.7,0.7549,0.0013,1.1999883707769838,21.092009066666666,0.074,107.71184820496346,383.4781579649005,-413.6740929789387,-69.27437497089251,-24.3205304215737,-16.07899220154092
2025-07-24 11:00:00,16.63,167.0,16.8,0.7549,0.0027,0.9999779997579946,21.09966053333333,0.074,153.74255256605898,383.29509491811774,-413.7171087477827,-65.54699955460994,-23.8349300659988,33.93860911578524
2025-07-24 12:00:00,17.43,352.0,16.9,0.7549,0.0,1.2000520822031016,21.1073272,0.074,324.0561587021123,387.719884577435,-413.7602133341349,-66.2452587729466,-20.035287203814786,211.73528396865106
2025-07-24 13:00:00,17.73,245.0,16.6,0.7549,0.0,1.400034606715134,21.114993866666666,0.074,225.55045136936792,388.27085997274634,-413.80332128865297,-71.43716175971113,-19.148530788120308,109.4322975056299
2025-07-24 14:00:00,18.03,180.0,16.1,0.7549,0.0,1.200055740372088,21.117331466666666,0.074,165.7105356999438,388.1177562109458,-413.8164657614858,-71.46740464253469,-16.482173978561907,52.06224752830717
2025-07-24 15:00:00,18.43,276.0,17.4,0.7549,0.0003,2.999995499996625,21.1196648,0.074,254.08948807324714,394.5299135725885,-413.8295865548736,-87.25485379748017,-20.524850682885727,127.01011061059617
2025-07-24 16:00:00,18.33,143.0,16.8,0.7549,0.0,1.8999976973670256,21.12199813333333,0.074,131.64781447273313,392.0382074424566,-413.84270766027225,-76.57686985604882,-17.321333686867064,15.94511071200158
2025-07-24 17:00:00,17.93,59.0,17.4,0.7549,0.0,1.300010599956785,21.0960208,0.074,54.31623114609268,391.92768577729163,-413.6966461181493,-62.413952605890884,-17.36461758659733,-47.231299387253245
2025-07-24 18:00:00,16.83,39.0,14.7,0.7549,0.0,3.6999529861877978,21.0700208,0.074,35.90394940165449,377.0544264197964,-413.5504958464412,-136.00565997099397,-37.479376964142354,-174.07715696012664
2025-07-24 19:00:00,16.03,6.0,15.4,0.7567,0.0005,1.4000345852870921,21.044020800000002,0.074,5.524158931874848,375.70516987437526,-413.4043843020026,-85.05818625747794,-29.88226174846017,-147.1155035016906
2025-07-24 20:00:00,15.53,0.0,16.0,0.761,0.0011,1.2000034874949324,21.005364266666668,0.074,0.0,375.6293303234402,-413.1872187354256,-76.79008552791181,-31.661501330521542,-146.00947527041876
2025-07-24 21:00:00,15.23,0.0,15.4,0.7601,0.0002,1.4000345852870921,20.9666976,0.074,0.0,372.0103515338147,-412.9700818459364,-85.8941697931346,-34.9599695056631,-161.81386961091943
2025-07-24 22:00:00,14.93,0.0,15.4,0.7462,0.0014,1.7000260821528592,20.928030933333336,0.074,0.0,369.3194917613091,-412.7530305495313,-91.55932235560553,-39.209495753683605,-174.2023568975113
2025-07-24 23:00:00,14.83,0.0,15.1,0.7159,0.0009,1.5999765623283362,20.893694133333334,0.074,0.0,365.2599248863494,-412.5603562421956,-92.28459720228801,-38.9152043840642,-178.50023294219844
2025-07-25 00:00:00,14.63,0.0,15.4,0.6986,0.0,0.8000206122344599,20.8593608,0.074,0.0,363.9101076675677,-412.3677688407391,-74.74417337117721,-33.61908868380669,-156.8209232281553
2025-07-25 01:00:00,14.73,0.0,15.5,0.7022,0.0,0.9,20.825027466666665,0.074,0.0,365.0237555319177,-412.1752488734819,-74.95991503196613,-33.54300891248276,-155.6544172860131
2025-07-25 02:00:00,14.73,0.0,15.4,0.6666,0.0,1.099982727137113,20.790694133333332,0.074,0.0,361.8989925702459,-411.9827963246809,-78.87239981853254,-34.90877602252718,-163.8649795954947
2025-07-25 03:00:00,14.73,0.0,15.0,0.631,0.0001,1.1000045681723327,20.7563608,0.074,0.0,357.9084506889736,-411.79041117859475,-81.80379225230446,-34.67272799413749,-170.35848073606311
2025-07-25 04:00:00,14.43,0.0,15.1,0.621,0.0001,0.6999830355087185,20.722027466666667,0.074,0.0,356.09970510565574,-411.5980934194839,-73.82422804443132,-33.203105457390734,-162.52572181565023
2025-07-25 05:00:00,14.63,6.0,15.2,0.5835,0.0004,1.4000131606524275,20.6960208,0.074,5.484033886339569,354.81693940155293,-411.4524622295298,-84.8224954878234,-37.33811389101834,-173.31209832047904
2025-07-25 06:00:00,14.93,33.0,15.3,0.5598,0.0001,1.7000419906578779,20.6700208,0.074,30.136116928204416,355.02647692547276,-411.3069070051955,-88.06486732455322,-37.24765807143554,-151.45683854750706
2025-07-25 07:00:00,15.23,48.0,15.8,0.5554,0.0001,0.3999395954391113,20.6440208,0.074,43.82744898241728,357.811821537757,-411.1613904029369,-60.21652609062602,-25.55055071403564,-95.2891966874243
2025-07-25 08:00:00,15.73,94.0,15.7,0.5553,0.0001,0.6,20.648995999999997,0.074,85.82844798228004,359.87679467142175,-411.18923257663437,-63.189448033033926,-24.055411458200364,-52.728849414166845
2025-07-25 09:00:00,16.53,335.0,16.0,0.5553,0.0,1.0000297595571843,20.653996,0.074,305.8779795113172,364.71963506292997,-411.2172149604749,-65.7539035927518,-21.72690028714206,171.8995957338785
2025-07-25 10:00:00,17.73,367.0,16.3,0.5553,0.0,1.5999968031218064,20.658996,0.074,335.0961745691147,371.5644860440181,-411.2451987724909,-70.25459667596868,-17.09067261358754,208.07019255108568
2025-07-25 11:00:00,18.33,311.0,15.9,0.5553,0.0,1.600004649993243,20.6999672,0.074,283.9643332179691,373.2014048879944,-411.4745586497182,-72.98557439739395,-13.582459196810506,159.12314586204093
2025-07-25 12:00:00,18.73,322.0,15.9,0.5553,0.0,1.6000113905844544,20.7409672,0.074,294.00808776908696,375.1800242656864,-411.70417577835275,-72.66063147033006,-11.39080581512171,173.4324989709689
2025-07-25 13:00:00,19.63,540.0,15.5,0.5553,0.0,1.6000120780794125,20.7819672,0.074,493.05704160033224,378.2809177702572,-411.9338889943468,-74.43956171390084,-6.34117177658247,378.6233368857594
2025-07-25 14:00:00,20.33,474.0,15.5,0.5553,0.0,1.3000102499595916,20.864600533333334,0.074,432.79451429362496,381.7801356534688,-412.3971559351172,-68.4921903902759,-2.6705831920487775,331.01472042965196
2025-07-25 15:00:00,20.43,359.0,15.9,0.5553,0.0,1.4000344460048118,20.947267200000002,0.074,327.7916258046653,383.67596594232685,-412.8610006266773,-68.13113686037312,-2.6503470659257906,227.82510719401597
2025-07-25 16:00:00,20.93,453.0,15.9,0.5553,0.0,2.0000285422963344,21.029933866666667,0.074,413.62007378694534,386.2016677065031,-413.32523649108026,-78.6940823806135,-0.5831085153282427,307.21931410642634
2025-07-25 17:00:00,20.53,255.0,15.7,0.5553,0.0,0.8999652937752656,20.9810392,0.074,232.83249186682352,383.4860231270667,-413.05060867990477,-60.911798697238936,-2.0089378326896763,140.3471697840568
2025-07-25 18:00:00,19.83,74.0,15.7,0.5542,0.0,1.7000315291193866,20.9320392,0.074,67.56442606169594,379.8986457784277,-412.77552656015513,-76.31995903753123,-6.201014250852136,-47.83342800841487
2025-07-25 19:00:00,17.13,5.0,16.0,0.5542,0.0006,2.0999834404108997,20.8830392,0.074,4.565163923087564,367.56856449120664,-412.50058186201767,-86.39026532438226,-24.940816490437726,-151.69793526254347
2025-07-25 20:00:00,17.13,0.0,17.2,0.55,0.0,1.6999948029332324,20.8370368,0.074,0.0,371.1075218788708,-412.2425820737591,-67.75824912115134,-22.654077745055183,-131.5473870610948
2025-07-25 21:00:00,17.03,0.0,16.7,0.5445,0.0,1.0000401791928162,20.7910368,0.074,0.0,368.69698935563156,-411.98471678019814,-61.03979782872059,-19.56094774893828,-123.88847300222545
2025-07-25 22:00:00,16.73,0.0,16.6,0.5652,0.0,1.0000061249812424,20.7450368,0.074,0.0,368.27853510958306,-411.7269724801609,-61.83685124188324,-21.07140281269665,-126.35669142515772
2025-07-25 23:00:00,16.13,0.0,16.6,0.5851,0.0,0.6,20.713358666666668,0.074,0.0,366.69654371291796,-411.54954589255385,-56.539810068029226,-22.128047127062057,-123.52085937472718
2025-07-26 00:00:00,16.03,0.0,16.4,0.5695,0.0001,0.6999681207026504,20.681691999999998,0.074,0.0,364.51660489968367,-411.3722408480165,-59.36994362232417,-23.12838824273424,-129.35396781339122
2025-07-26 01:00:00,15.63,0.0,16.2,0.5857,0.0,0.49997049912969865,20.650025333333332,0.074,0.0,363.03263905155126,-411.1949930999804,-58.1462329131458,-23.983612052048784,-130.29219901362376
2025-07-26 02:00:00,15.83,0.0,16.4,0.6,0.0,0.6999586059189501,20.6220224,0.074,0.0,365.63479366947274,-411.0383000832167,-59.00973535592027,-23.951074593588935,-128.36431636325318
2025-07-26 03:00:00,16.03,0.0,16.4,0.6393,0.0,0.699981921195112,20.5940224,0.074,0.0,369.47187820081064,-410.88166826037593,-58.197923974767306,-22.618187049855724,-122.22590108418832
2025-07-26 04:00:00,16.23,0.0,16.6,0.6711,0.0002,0.599999099999325,20.566022399999998,0.074,0.0,373.5582732604417,-410.7250812068405,-54.415795956735906,-20.734544305823544,-112.31714820895827
2025-07-26 05:00:00,16.33,14.0,16.8,0.7133,0.0001,0.4999992499994375,20.5470152,0.074,12.86387720525375,378.153488817985,-410.6188109470174,-51.07679670402291,-19.517771781022713,-90.19601340882424
2025-07-26 06:00:00,16.53,31.0,17.0,0.7428,0.0,0.800014462369275,20.5280152,0.074,28.522741966274257,382.356095658432,-410.512601554523,-53.267579217329555,-19.918265859985073,-72.81960900713129
2025-07-26 07:00:00,17.13,81.0,17.2,0.7495,0.0,0.8999821387116524,20.5090152,0.074,74.5506381447421,386.66322202874,-410.4064127672056,-51.72439078705384,-16.88961111390225,-17.806554494679613
2025-07-26 08:00:00,17.83,138.0,16.1,0.7493,0.0,1.4999977499983126,20.508333866666668,0.074,127.01099832094027,386.58551408828896,-410.4026052572132,-67.90248801793422,-15.151145050313788,20.140274083768034
2025-07-26 09:00:00,18.03,163.0,16.2,0.7493,0.0,2.2999560191447137,20.5076672,0.074,150.02023714719755,387.95407990770116,-410.3988797349196,-79.06355675926665,-16.52923129347808,31.982649267234404
2025-07-26 10:00:00,18.43,202.0,16.4,0.7493,0.0,2.0,20.507000533333336,0.074,185.91464971615895,390.6972786127299,-410.39515423799014,-71.62981204127453,-12.882518910191312,81.70444313943291
2025-07-26 11:00:00,19.53,438.0,16.4,0.7493,0.0,2.5000141319600577,20.544636533333335,0.074,403.1218642360278,396.4111579742223,-410.6055131479787,-77.50111583161373,-6.759815163545585,304.66657806711214
2025-07-26 12:00:00,19.53,188.0,15.8,0.7493,0.0,2.2000129567800277,20.582303200000002,0.074,173.02947597345485,394.30608191741675,-410.81612442045366,-79.19474998728023,-6.603106182498174,70.72157730063947
2025-07-26 13:00:00,19.53,419.0,17.8,0.7493,0.0005,2.7999518728006736,20.61996986666667,0.074,385.6348427280723,401.07738807157665,-411.02681670393497,-68.5372134685263,-7.7067631271847326,299.44143750000296
2025-07-26 14:00:00,18.63,148.0,18.1,0.7493,0.001,1.9000140236324572,20.602680533333334,0.074,136.21469385144317,397.29019902318714,-410.93009702164346,-55.69041671023614,-11.937917578765367,54.94646156398531
2025-07-26 15:00:00,17.93,96.0,17.7,0.7493,0.0006,3.799989822354792,20.5853472,0.074,88.35547709282801,392.37304604878494,-410.83314833105493,-84.73392159900278,-23.038692482116087,-37.87723927056082
2025-07-26 16:00:00,17.33,104.0,17.4,0.7493,0.0069,3.8000411629349493,20.568013866666668,0.074,95.71843351723035,388.3142047082989,-410.73621679594436,-89.42020052312672,-28.44507778504757,-44.568856878589415
2025-07-26 17:00:00,15.83,12.0,16.3,0.7493,0.0024,1.4999977499983126,20.53935626666667,0.074,11.044434636603501,377.1047621334963,-410.5759952754867,-71.03575642423885,-28.418688623406375,-121.88124355303214
2025-07-26 18:00:00,15.43,18.0,16.0,0.7501,0.0026,0.8000206122344599,20.5106896,0.074,16.567278342267382,374.1716211344763,-410.41576996596126,-63.02558754206285,-26.33487383815386,-109.03733186943427
2025-07-26 19:00:00,15.43,6.0,16.2,0.7494,0.0016,0.9999904099540154,20.482022933333333,0.074,5.52224340316648,374.7751859418371,-410.2555915563799,-64.17014825263688,-27.48748800352446,-121.61579846753764
2025-07-26 20:00:00,15.53,0.0,16.0,0.7484,0.0024,0.7999803310082068,20.451357866666665,0.074,0.0,374.5237182067571,-410.0842987568543,-61.98253681510291,-25.362967462405624,-122.90608482760574
2025-07-26 21:00:00,15.43,0.0,16.3,0.7294,0.0018,0.4999864098153069,20.4206912,0.074,0.0,373.383175101271,-409.91305066917545,-54.912366737672365,-23.816353262193058,-115.25859556776989
2025-07-26 22:00:00,15.33,0.0,16.1,0.7018,0.0,0.7999882811641681,20.390024533333335,0.074,0.0,369.9352026407163,-409.7418562210221,-60.80616412666812,-26.208105156230065,-126.82092286320399
2025-07-26 23:00:00,15.23,0.0,16.1,0.6984,0.0,0.8000412801849665,20.359357866666667,0.074,0.0,369.1651001600693,-409.57071540119176,-60.6050690469967,-26.63368674399827,-127.64437103211743
2025-07-27 00:00:00,15.03,0.0,15.9,0.723,0.0,0.799953423644152,20.328691199999998,0.074,0.0,369.5393823367351,-409.39962819848415,-62.18988662621181,-27.679128281794817,-129.72926076975565
2025-07-27 01:00:00,15.13,0.0,15.7,0.6859,0.0,0.7999882811641681,20.298024533333333,0.074,0.0,366.35122695825373,-409.22859460169934,-63.11488370895896,-26.871249980425134,-132.86350133282968
2025-07-27 02:00:00,15.23,0.0,16.0,0.723,0.0,0.699981921195112,20.268690133333333,0.074,0.0,370.8612555697233,-409.065041452198,-58.62145976243004,-25.415166774138587,-122.24041241904331
2025-07-27 03:00:00,15.33,0.0,16.1,0.7037,0.0006,1.0000196498069427,20.2393568,0.074,0.0,370.0901693308629,-408.90154327658587,-61.760756389650076,-26.581235167335443,-127.15336550270848
2025-07-27 04:00:00,15.23,0.0,16.1,0.6477,0.0,0.4999992499994375,20.210023466666666,0.074,0.0,365.20998972909683,-408.73809411700205,-54.10447296624367,-23.7556526725926,-121.38823002674148
2025-07-27 05:00:00,15.53,7.0,16.3,0.6405,0.0004,0.8999821387116524,20.186685333333333,0.074,6.412128723795513,366.783738020049,-408.6080860001105,-57.54116091056289,-24.38200569300148,-117.33538585983041
2025-07-27 06:00:00,15.83,36.0,16.5,0.6381,0.0011,1.500056325609142,20.163352,0.074,32.973488802408404,368.7178559242437,-408.47813562909374,-63.448085765748715,-25.847104191223906,-96.0819808594143
2025-07-27 07:00:00,16.13,89.0,16.9,0.6361,0.0,0.9000247218826826,20.140018666666666,0.074,81.51127546007771,371.31439594396574,-408.34821625680615,-51.07408787475065,-20.514247169738436,-27.110879897251824
2025-07-27 08:00:00,17.23,292.0,17.4,0.6366,0.0,0.6000039416537195,20.1619824,0.074,267.4355910224439,378.39917704148047,-408.4705088768192,-41.94852659691321,-13.255224614568672,182.16050797562323
2025-07-27 09:00:00,18.43,388.0,17.6,0.6366,0.0024,1.7999743609285106,20.1839824,0.074,355.3596209476309,385.09256267390583,-408.59303096151143,-53.066918631335746,-10.312446695150266,268.4797873335393
2025-07-27 10:00:00,17.53,229.0,17.3,0.6366,0.0034,1.6000282310009408,20.2059824,0.074,209.7354463840399,379.59609313471776,-408.7155806073163,-55.136446608098076,-15.488578238436991,109.99093406490621
2025-07-27 11:00:00,18.03,235.0,17.9,0.6366,0.0002,1.4999573993950628,20.231313066666665,0.074,215.23069825436409,383.9856138426044,-408.8567176679911,-48.321084239288055,-12.257336457507916,129.78117373218146
2025-07-27 12:00:00,19.43,489.0,17.9,0.6366,0.0001,1.8999581995401897,20.2566464,0.074,447.8630274314214,391.1532945382638,-408.99790614231074,-50.992532591867054,-4.826366507707524,374.1995167277999
2025-07-27 13:00:00,17.43,116.0,16.7,0.6366,0.0008,2.6,20.281979733333333,0.074,106.241536159601,377.18603402955836,-409.1391311804133,-75.61352011534608,-20.349813786943056,-21.67489489354305
2025-07-27 14:00:00,17.63,306.0,16.5,0.6366,0.0003,2.2999757933508778,20.307646133333336,0.074,280.25784538653363,377.53764914710854,-409.28225025060704,-73.49135636187299,-17.962967708959702,157.0589202122024
2025-07-27 15:00:00,20.03,554.0,16.5,0.6366,0.0,3.100005090318401,20.3333128,0.074,507.39492269326684,389.6949819902079,-409.42540835293545,-80.59317620228917,-2.2198971603485145,404.8514229679016
2025-07-27 16:00:00,19.53,163.0,15.4,0.6366,0.0,2.9999848082948684,20.358979466666668,0.074,149.28767581047381,383.3416884451085,-409.5686040071923,-92.70481486311947,-6.039175772612936,24.316769612657666
2025-07-27 17:00:00,17.63,31.0,15.9,0.6366,0.0017,2.4000154707834693,20.31736666666667,0.074,28.392134663341647,375.54514348791895,-409.33646296718183,-81.28165482327775,-18.386468972155686,-105.06730861135465
2025-07-27 18:00:00,16.03,33.0,16.1,0.6366,0.0012,1.8999882631216436,20.2757,0.074,30.223885286783045,368.2969163220537,-409.10412031456065,-74.3678709102729,-27.487364739390816,-112.43855435538762
2025-07-27 19:00:00,15.83,2.0,16.3,0.6384,0.0049,1.700012876421823,20.234033333333336,0.074,1.8318824911868388,368.098452630761,-408.8718765856394,-69.23318677746501,-27.48426751778743,-135.658995758944
2025-07-27 20:00:00,15.53,0.0,15.7,0.6418,0.0004,2.0999781641721897,20.196696533333334,0.074,0.0,364.9204964257549,-408.6638508968894,-81.2073354957547,-31.805168574131073,-156.7558585410203
2025-07-27 21:00:00,15.23,0.0,15.9,0.6736,0.0003,0.9999752496937112,20.1593632,0.074,0.0,366.5381007204484,-408.45592390148704,-62.48217491674818,-26.707604370846816,-131.10760246863362
2025-07-27 22:00:00,15.23,0.0,15.8,0.7108,0.0014,1.3000184037158857,20.122029866666665,0.074,0.0,369.1844194395469,-408.2480762606729,-67.3506516839926,-28.40104498103902,-134.81535348615762
2025-07-27 23:00:00,14.93,0.0,15.8,0.7209,0.0,0.7999527986075179,20.0900256,0.074,0.0,368.53816497484775,-408.06996054273225,-59.938296388418614,-26.82174528105507,-126.2918372373582
2025-07-28 00:00:00,15.03,0.0,15.7,0.7118,0.0013,0.9000148109892414,20.0580256,0.074,0.0,367.94626728679515,-407.89192684805187,-61.60067663654757,-26.67364165500637,-128.21997785281067
2025-07-28 01:00:00,14.63,0.0,15.0,0.7554,0.0008,1.2000243039205498,20.0260256,0.074,0.0,367.2446210437736,-407.7139514144367,-72.65361472471035,-31.12327956876448,-144.24622466413794
2025-07-28 02:00:00,14.23,0.0,14.6,0.7499,0.0018,0.7,19.993359466666668,0.074,0.0,363.40576032097465,-407.5323312052325,-67.98548490156136,-29.846996597159226,-141.95905238297843
2025-07-28 03:00:00,13.83,0.0,14.5,0.7688,0.0003,1.3000227767235464,19.9606928,0.074,0.0,362.7128629208468,-407.3507687173845,-79.71843570950878,-37.004005475275946,-161.36034698132238
2025-07-28 04:00:00,13.73,0.0,14.3,0.8202,0.0002,0.6999586059189501,19.928026133333333,0.074,0.0,366.0688945137151,-407.1692669031445,-70.676660156554,-32.59854481872562,-144.375577364709
2025-07-28 05:00:00,13.83,6.0,14.5,0.8281,0.0002,0.9999988499993387,19.901354666666666,0.074,5.544152572745115,368.01880494052523,-407.02112047034706,-73.63982695090627,-34.18417046073071,-141.28216036871368
2025-07-28 06:00:00,13.53,21.0,14.3,0.8248,0.0,0.8000006249997559,19.874688,0.074,19.40111232130701,365.5072917725093,-406.87304111860806,-72.18554353772413,-34.37736175289205,-128.5275423154079
2025-07-28 07:00:00,14.03,62.0,14.7,0.8267,0.0004,1.4000257461918335,19.84802133333333,0.074,57.2852839001108,369.6011494395449,-406.72500217537873,-77.35832440876052,-35.54345836869104,-92.7403516131746
2025-07-28 08:00:00,13.83,33.0,14.4,0.8261,0.006,1.7000143293513734,19.830347466666666,0.074,30.489576795297722,367.46995805896586,-406.62690866715604,-85.48626938821673,-39.227130513974366,-133.3807737150836
2025-07-28 09:00:00,13.83,85.0,14.5,0.8261,0.0039,1.300046499168395,19.812680800000003,0.074,78.5337584121305,367.8334312492988,-406.528872854174,-77.4341133929722,-35.946187383699616,-73.54198396941646
2025-07-28 10:00:00,14.43,148.0,15.0,0.8261,0.0015,2.099953109000294,19.795014133333336,0.074,136.7411322940625,372.6077790407393,-406.43085476923653,-84.01292945019964,-37.26077934296502,-18.355652227599435
2025-07-28 11:00:00,15.23,311.0,15.0,0.8261,0.0002,1.99999699999775,19.792335466666668,0.074,287.34116313144216,376.62035076596885,-406.41599455591404,-80.57983402372912,-30.40571984537595,146.5599654723919
2025-07-28 12:00:00,14.83,133.0,14.9,0.8261,0.0017,4.200039672431678,19.7896688,0.074,122.88223375074537,374.2522902047183,-406.40120131874716,-117.83854925604034,-47.764887819497844,-74.87011443882164
2025-07-28 13:00:00,14.63,162.0,14.8,0.8261,0.002,3.000027554873455,19.78700213333333,0.074,149.6761042678252,372.89220400637396,-406.3864084854307,-100.15638490992015,-41.71886722302327,-25.693352344174997
2025-07-28 14:00:00,14.53,151.0,14.6,0.8261,0.0023,4.1999554378588355,19.774010399999998,0.074,139.51291200272595,371.6697307079617,-406.31434505709774,-122.53355274316539,-50.7799132288651,-68.44516831844055
2025-07-28 15:00:00,14.73,133.0,14.7,0.8261,0.0003,3.0999484189257083,19.7610104,0.074,122.88223375074537,373.03060424404197,-406.24224536834436,-102.26986447453903,-41.24266147179309,-53.84193331988917
2025-07-28 16:00:00,14.63,98.0,14.2,0.8261,0.0001,3.599991694434863,19.748010400000002,0.074,90.54480381633869,370.69410468610334,-406.1701552754789,-117.1059176561274,-45.40312593655625,-107.44029036572054
2025-07-28 17:00:00,14.73,58.0,13.9,0.8261,0.0,3.3000113696773834,19.715692533333335,0.074,53.587741034159635,370.060450421677,-405.9909816181115,-114.80908610484222,-42.140455155345,-139.2923314224621
2025-07-28 18:00:00,14.13,17.0,14.3,0.8257,0.0004,1.8999953815733341,19.6833592,0.074,15.706416247977515,368.5491280781193,-405.8117815401133,-86.73102234019402,-37.30347907843425,-145.5907386326448
2025-07-28 19:00:00,14.03,7.0,14.0,0.8206,0.0,1.200019333177595,19.651025866666668,0.074,6.465595048329659,366.4722549250644,-405.63264079141095,-77.23583906912444,-32.65612925085691,-142.58675913799823
2025-07-28 20:00:00,13.73,0.0,14.4,0.8058,0.0002,1.1000118408453612,19.616694133333333,0.074,0.0,365.12462545178556,-405.44249296471173,-72.27503390995244,-33.71636013264099,-146.3092615555196
2025-07-28 21:00:00,13.33,0.0,13.8,0.7697,0.0026,0.7999987999991001,19.5823608,0.074,0.0,357.8210711681173,-405.2524031403424,-72.64223349600289,-33.76977220584732,-153.84333767407526
2025-07-28 22:00:00,13.23,0.0,14.1,0.6931,0.0003,1.0999983499987624,19.548027466666664,0.074,0.0,352.23623528779035,-405.0623801658556,-75.06338498121569,-36.69337064992146,-164.58290050920237
2025-07-28 23:00:00,13.13,0.0,14.0,0.6326,0.0,0.7,19.512361866666666,0.074,0.0,346.9751452619557,-404.86505433645607,-68.81862805323362,-33.78712935906196,-160.49566648679598
2025-07-29 00:00:00,13.13,0.0,14.0,0.6187,0.0,0.39998981237026526,19.476695199999998,0.074,0.0,346.0145517569047,-404.66779471290874,-63.23615026458951,-31.05304376992123,-152.94243699051475
2025-07-29 01:00:00,13.13,0.0,14.0,0.554,0.0,0.6000215412799776,19.44102853333333,0.074,0.0,341.82416019185854,-404.47060718023306,-66.16155156597861,-32.49630842419162,-161.30430697854476
2025-07-29 02:00:00,13.13,0.0,14.0,0.496,0.0,0.6000508145149043,19.404362666666668,0.074,0.0,338.46074335644033,-404.2679705781561,-65.67727017022263,-32.2649830415571,-163.74948043349553
2025-07-29 03:00:00,13.23,0.0,14.0,0.4588,0.0019,0.900042004575342,19.367696,0.074,0.0,336.9525498005791,-404.0654057063622,-69.96491698583434,-33.82685461528881,-170.90462750690625
2025-07-29 04:00:00,13.13,0.0,14.0,0.3986,0.0025,0.6000508145149043,19.331029333333333,0.074,0.0,333.6484593322366,-403.86291696785923,-64.71322920838315,-31.803336086756754,-166.73102293076255
2025-07-29 05:00:00,13.23,9.0,14.1,0.3391,0.0,0.6999641705116055,19.308018399999998,0.074,8.16247492323439,332.00804954683974,-403.7358797995089,-65.04081571954865,-31.831803617332863,-160.43797466631625
2025-07-29 06:00:00,13.83,62.0,14.5,0.2991,0.0,0.4999630086316386,19.2850184,0.074,56.17068775354224,334.60801546737474,-403.6089329422971,-57.1763625598151,-26.502920916315222,-96.50951319751039
2025-07-29 07:00:00,14.43,183.0,14.5,0.287,0.0,1.000036104348238,19.2620184,0.074,165.7424483362522,336.9129352168708,-403.4820160244073,-63.29062176116838,-26.0931237636522,9.789622003895104
2025-07-29 08:00:00,15.23,328.0,14.4,0.2843,0.0,1.200055740372088,19.3539264,0.074,297.04794171475197,340.1166299596818,-403.98935526406814,-66.72700146363375,-22.810924595784538,143.63729035094732
2025-07-29 09:00:00,16.63,712.0,13.8,0.2843,0.0,0.8999986499989875,19.4459264,0.074,644.8113856734861,344.42700120690677,-404.4976813661546,-64.40441303717992,-13.780356905346254,506.5559355717121
2025-07-29 10:00:00,17.73,643.0,14.1,0.2843,0.0001,1.8,19.5379264,0.074,582.322641837151,350.57104536400095,-405.0064870245268,-75.99427551044285,-10.647799732888856,441.2451249332934
2025-07-29 11:00:00,17.33,425.0,13.9,0.2843,0.0001,0.7999553050014732,19.645247466666667,0.074,384.8944366730781,348.0049157231567,-405.60063218667455,-62.71893863273968,-10.810162228460074,253.76961934836046
2025-07-29 12:00:00,18.43,665.0,12.6,0.2843,0.0,0.7999987999991001,19.7525808,0.074,602.2465891472868,348.1950965054022,-406.19549884024786,-70.05072489908771,-5.93128275490161,468.26417915845195
2025-07-29 13:00:00,19.13,638.0,13.1,0.2843,0.0,1.8999826130783408,19.859914133333334,0.074,577.7944719939384,353.3884652107601,-406.79101959164626,-87.87854504884241,-4.248493180962312,432.2648793832474
2025-07-29 14:00:00,18.03,456.0,13.4,0.2843,0.0,2.0999834404108997,19.93494,0.074,412.96908970099673,349.41619417579744,-407.207676515787,-93.32108670956633,-12.004776383429066,249.85174426801174
2025-07-29 15:00:00,19.43,627.0,12.9,0.2843,0.0,2.4999838099475764,20.00994,0.074,567.8324983388704,354.01019527436614,-407.6245096132952,-103.48802424606993,-3.8168448672753787,406.9133148865961
2025-07-29 16:00:00,20.13,586.0,12.2,0.2843,0.0,2.3000122825758997,20.08494,0.074,530.7015056245265,354.4508168031454,-408.0416626434684,-105.079975973199,0.27947841530648365,372.3101622263109
2025-07-29 17:00:00,19.63,385.0,11.5,0.2843,0.0,2.200022727155335,19.9860792,0.074,348.6690779273766,349.1665697033112,-407.4918619708802,-109.2722019275947,-2.1882798170803954,178.88330391513253
2025-07-29 18:00:00,17.63,115.0,12.5,0.2813,0.0,1.4000121213760972,19.8870792,0.074,104.13995054401583,344.036035264545,-406.9418441246897,-87.48325183386397,-12.294688879464388,-58.54379902945722
2025-07-29 19:00:00,16.73,29.0,13.5,0.2635,0.0,2.1999451015877645,19.7880792,0.074,26.24961762165275,343.14740362274796,-406.39238326219106,-95.33419323229342,-20.329232987780323,-152.6587882378641
2025-07-29 20:00:00,15.33,0.0,13.2,0.2623,0.0,1.600004649993243,19.698738133333332,0.074,0.0,335.68613645166096,-405.89700834857604,-89.10633538976066,-26.66095098793864,-185.97815827461437
2025-07-29 21:00:00,14.93,0.0,12.6,0.266,0.0,1.300046499168395,19.6094048,0.074,0.0,331.7923129097179,-405.4021292743163,-88.30353753089376,-26.98183430117461,-188.89518819666677
2025-07-29 22:00:00,13.63,0.0,12.6,0.3054,0.0,1.3000102499595916,19.520071466666668,0.074,0.0,327.28934325691597,-404.9077028641078,-90.61346964448246,-35.28806574768502,-203.5198949993593
2025-07-29 23:00:00,12.93,0.0,12.4,0.2975,0.0,1.2000480407050378,19.4680416,0.074,0.0,323.22167303147546,-404.61994560304925,-91.5911824196049,-39.098527175755365,-212.08798216693407
2025-07-30 00:00:00,12.43,0.0,12.3,0.2759,0.0,1.6000153311765486,19.4160416,0.074,0.0,320.0125646355645,-404.3325067944293,-101.1899863270413,-46.03286741180195,-231.5427958977081
2025-07-30 01:00:00,11.93,0.0,12.1,0.3051,0.0,1.1000090408719374,19.3640416,0.074,0.0,318.0169729787333,-404.04522115870685,-93.52865686706473,-44.7173807676535,-224.2742858146918
2025-07-30 02:00:00,11.63,0.0,12.1,0.3443,0.0,1.099981972579551,19.306712533333332,0.074,0.0,318.07785153411623,-403.7286713599596,-93.5011740427583,-46.523160717054274,-225.67515458565595
2025-07-30 03:00:00,11.83,0.0,11.9,0.3584,0.0,1.4000345852870921,19.2493792,0.074,0.0,318.70689484932035,-403.412284060513,-100.01122095991774,-47.53537278596788,-232.25198295707827
2025-07-30 04:00:00,11.53,0.0,11.9,0.4045,0.0,0.8999652937752656,19.192045866666668,0.074,0.0,319.2724251946118,-403.0960827533187,-89.76108993215117,-44.39863556130369,-217.98338305216174
2025-07-30 05:00:00,11.43,32.0,12.0,0.4471,0.0,0.49997049912969865,19.182008,0.074,29.11324927554897,321.1370523797063,-403.04074164941414,-80.96809589087243,-40.97316700063209,-174.7317028856634
2025-07-30 06:00:00,13.03,207.0,12.3,0.4802,0.0,0.3,19.172007999999998,0.074,188.523744966443,330.9763825170694,-402.98561497961964,-70.12339245026965,-29.01045161799184,17.380668435631286
2025-07-30 07:00:00,15.13,193.0,12.7,0.4868,0.0,0.3999395954391113,19.162008,0.074,175.8110108379593,342.35665667733565,-402.9304939650605,-63.46917883987724,-17.99243233897037,33.77556237138684
2025-07-30 08:00:00,16.23,299.0,12.7,0.4886,0.0,1.399966071017437,19.22961253333333,0.074,272.3864282122536,347.5208500561746,-403.3032471403201,-80.22380088693387,-16.753290533412304,119.62693970776192
2025-07-30 09:00:00,17.23,389.0,12.9,0.4886,0.0,0.6,19.2972792,0.074,354.37565409554054,352.96124902343587,-403.6766018258271,-61.9308847824003,-9.013640139571166,232.71577637117775
2025-07-30 10:00:00,19.13,708.0,13.3,0.4886,0.0,1.1000113635776676,19.364945866666666,0.074,644.9819102818578,363.53213174712783,-404.05021567389775,-64.27492067082753,-1.0988035250333088,539.090102159227
2025-07-30 11:00:00,20.23,600.0,14.2,0.4886,0.0,1.7000419906578779,19.467251466666667,0.074,546.5948392219134,372.30220255726516,-404.61557686089526,-66.54716590839506,4.027453780933121,451.76175279082133
2025-07-30 12:00:00,20.63,422.0,13.6,0.4886,0.0,1.8999953815733341,19.5695848,0.074,384.4383702527458,371.96210327690596,-405.1816846464745,-75.31092655455288,5.819256336458138,281.72711866508257
2025-07-30 13:00:00,20.73,315.0,13.7,0.4886,0.0,1.2999980499985375,19.671918133333335,0.074,286.96229059150454,372.84053910649556,-405.7483862660558,-64.80820116003619,4.972310333882889,194.21855260579102
2025-07-30 14:00:00,20.93,339.0,13.6,0.4886,0.0,2.0000191649081764,19.649684533333335,0.074,308.8260841603811,373.42882904421305,-405.6252105020412,-77.50537613680254,7.142021520645627,206.26634808639596
2025-07-30 15:00:00,20.43,248.0,13.7,0.4886,0.0,2.000024999843752,19.6273512,0.074,225.9258668783909,371.3751291644423,-405.5015104441847,-77.61600938241902,4.54872326300235,118.73219947923178
2025-07-30 16:00:00,20.33,234.0,14.3,0.4886,0.0,1.700021661626698,19.605017866666667,0.074,213.1719872965462,373.16566434840644,-405.3778386812985,-67.38294257457942,3.8331110158664696,117.40998140494119
2025-07-30 17:00:00,19.93,112.0,14.5,0.4886,0.0,1.699962599588591,19.552375466666668,0.074,102.03103665475717,371.9456404736346,-405.08644112658146,-65.99438721946434,2.020925505864901,4.916774288210866
2025-07-30 18:00:00,18.83,59.0,14.8,0.4915,0.0,3.1999410275816023,19.4997088,0.074,53.753595624792844,367.836442370296,-404.7950664815485,-88.47670259520099,-5.035095195332614,-76.71682627699319
2025-07-30 19:00:00,17.33,14.0,14.8,0.5136,0.0,1.0999983499987624,19.447042133333333,0.074,12.764473627556509,361.9113621730372,-404.50384905195,-58.59583607199834,-10.641779002258676,-99.06562832561328
2025-07-30 20:00:00,16.73,0.0,15.7,0.5249,0.0,1.000036104348238,19.4050336,0.074,0.0,362.76948451887597,-404.271677856426,-51.05454804204981,-13.372603589329334,-105.92934496892916
2025-07-30 21:00:00,16.33,0.0,16.0,0.5087,0.0001,0.900042004575342,19.3630336,0.074,0.0,360.83633567790434,-404.03965375016804,-47.72668762715753,-14.96541227077335,-105.89541797019459
2025-07-30 22:00:00,16.03,0.0,16.2,0.4763,0.0,0.800014462369275,19.3210336,0.074,0.0,358.16394067107086,-403.807729532639,-45.0302821733698,-15.963499392300777,-106.63757042723869
2025-07-30 23:00:00,15.63,0.0,15.9,0.4632,0.0,1.0000297595571843,19.287693333333333,0.074,0.0,354.59162623861533,-403.6236955071684,-50.083851256823294,-18.953140150763776,-118.06906067614014
2025-07-31 00:00:00,15.33,0.0,15.4,0.4791,0.0,0.7999527986075179,19.254360000000002,0.074,0.0,352.42891975046166,-403.43976264503124,-51.41607757374354,-19.497257478779247,-121.92417794709236
2025-07-31 01:00:00,15.33,0.0,15.1,0.4667,0.0,1.5999968031218064,19.221026666666667,0.074,0.0,350.76547847346177,-403.25589265423844,-64.53588800859293,-23.400029854445698,-140.4263320438153
2025-07-31 02:00:00,15.43,0.0,15.6,0.4571,0.0002,0.9,19.1870272,0.074,0.0,352.3598943141632,-403.06841295922067,-50.21743857156752,-19.04317763878703,-119.969134855412
2025-07-31 03:00:00,15.33,0.0,16.0,0.4612,0.0001,1.1000118408453612,19.1530272,0.074,0.0,353.38264742939646,-402.8809957040219,-49.3472152923959,-20.429867069854286,-119.27543063687565
2025-07-31 04:00:00,15.43,0.0,16.1,0.4676,0.0001,0.6999830355087185,19.1190272,0.074,0.0,354.5157207870975,-402.693643814857,-43.20101410335267,-17.68183321890701,-109.06077035001917
2025-07-31 05:00:00,15.33,6.0,15.9,0.4522,0.0013,0.8999731218208686,19.094686133333333,0.074,5.459599948313736,352.5900870083996,-402.5595561667822,-46.96919480508226,-19.08722574560099,-110.56628976075211
2025-07-31 06:00:00,15.43,24.0,16.2,0.437,0.0048,0.699982235488873,19.0703528,0.074,21.828145873320533,353.21956156533577,-402.4255445922151,-41.917090513020305,-17.415586925525286,-86.71051459210439
2025-07-31 07:00:00,15.83,97.0,16.3,0.4202,0.0001,0.7999987999991001,19.046019466666667,0.074,88.1772120521585,354.58064166539134,-402.2915664796472,-41.40646878144605,-15.554719129967069,-16.494900673510486
2025-07-31 08:00:00,17.13,426.0,16.6,0.4185,0.0,1.300046499168395,19.18955173333333,0.074,387.2327878596269,361.62675049176187,-403.0823314815153,-44.37834259671356,-10.872426327402463,290.52643794575744
2025-07-31 09:00:00,18.63,647.0,17.0,0.4185,0.0,1.6999733792033331,19.3332184,0.074,588.1211590262409,370.1422794168474,-403.875003777089,-44.99903722751321,-3.904713896403072,505.484683542083
2025-07-31 10:00:00,20.13,809.0,16.5,0.4185,0.0,2.300036001892144,19.476885066666668,0.074,735.3786980714511,375.92672250179675,-404.66884460690625,-55.775359144166615,3.9770449709688016,654.8382617931437
2025-07-31 11:00:00,20.23,467.0,16.5,0.4185,0.0,2.4000069749898647,19.573589333333334,0.074,424.50167119822953,376.4212038159627,-405.20384978748916,-58.24778381764498,4.082981595088402,341.5542230041465
2025-07-31 12:00:00,20.63,519.0,15.1,0.4185,0.0,1.1,19.670256,0.074,471.76952323743274,373.6411153498286,-405.7391769561909,-52.02554380727455,4.275388158075599,391.9213059818715
2025-07-31 13:00:00,21.13,388.0,16.1,0.4185,0.0,1.300003461533853,19.766922666666666,0.074,352.69089598482446,379.56022049247673,-406.2750343775753,-48.18899490150083,6.3283154950632055,284.11540269328816
2025-07-31 14:00:00,21.23,301.0,17.0,0.4185,0.0,1.8,19.759339466666667,0.074,273.608143534619,383.0225585557392,-406.23297885099646,-47.561192550791986,7.765069014546759,210.60159970311653
2025-07-31 15:00:00,21.03,192.0,17.0,0.4185,0.0,1.4999977499983126,19.751672799999998,0.074,174.52745368321212,382.02015436374853,-406.1904637474172,-44.2496821788116,6.291090784179589,112.3985529049115
2025-07-31 16:00:00,21.73,355.0,16.1,0.4185,0.0,0.8000006249997559,19.744006133333333,0.074,322.6939898830224,382.5528547851859,-406.1479519810513,-39.97395325082944,7.684869036164702,266.80980847249225
2025-07-31 17:00:00,21.43,232.0,16.5,0.4185,0.0,1.5000534023827288,19.711026399999998,0.074,210.88733986721468,382.39263407344947,-405.9651169815059,-46.736755431981216,8.318970746470294,148.89707227364732
2025-07-31 18:00:00,20.73,192.0,16.4,0.4177,0.0,1.600004649993243,19.6780264,0.074,174.52327978259495,378.5301253591373,-405.78223142019164,-49.61115382253116,5.359702057272169,103.01972195628163
2025-07-31 19:00:00,19.13,27.0,16.8,0.4135,0.0,1.09996238572053,19.6450264,0.074,24.53926441853136,371.7091169072641,-405.599407657714,-42.864793280897096,-2.4354786778395776,-54.65129829065522
2025-07-31 20:00:00,17.93,0.0,16.6,0.4054,0.0,1.800030338633213,19.566729333333335,0.074,0.0,364.83350498950193,-405.1658801589206,-53.88618997795676,-9.587505666645047,-103.80607081402044
2025-07-31 21:00:00,17.03,0.0,16.2,0.4282,0.0,1.5000192865426762,19.488396,0.074,0.0,360.37836524530144,-404.7324997215494,-54.114493199403675,-13.806521213962611,-112.27514888961426
2025-07-31 22:00:00,17.03,0.0,16.7,0.4687,0.0,0.8000023249966215,19.41006266666667,0.074,0.0,364.11422520312726,-404.29946704701314,-40.80790259566616,-11.141618397101547,-92.13476283665358
2025-07-31 23:00:00,16.73,0.0,16.4,0.5045,0.0,0.6999586987815781,19.379857466666667,0.074,0.0,363.79228661238176,-404.1325832473757,-41.88473855986435,-12.188984679513768,-94.41401987437206
2025-08-01 00:00:00,16.33,0.0,16.2,0.455,0.0,1.0000401791928162,19.3496908,0.08,0.0,358.43112737088694,-403.9659639148119,-47.30738182420617,-15.28906273471835,-108.13128110284947
2025-08-01 01:00:00,16.53,0.0,16.1,0.446,0.0,0.6,19.31952413333333,0.08,0.0,358.59099440778397,-403.7993961090212,-42.38635983714819,-12.537290422010242,-100.13205196039566
2025-08-01 02:00:00,16.73,0.0,16.4,0.4051,0.0,0.5,19.289357466666665,0.08,0.0,358.432553392016,-403.63287981937947,-38.51822044216146,-11.056843539548973,-94.77539040907389
2025-08-01 03:00:00,16.53,0.0,16.6,0.3613,0.0,0.4999864098153069,19.2591908,0.08,0.0,356.1114450203192,-403.46641503526365,-37.21442827466303,-11.876673303395565,-96.44607159300304
2025-08-01 04:00:00,16.43,0.0,16.7,0.2871,0.0012,0.6999989499992125,19.229024133333333,0.08,0.0,353.09491629530913,-403.30000174605175,-38.58588222263877,-12.952900569505855,-101.74386824288725
2025-08-01 05:00:00,16.33,11.0,17.1,0.2663,0.0003,0.8999829553941563,19.208349866666666,0.08,9.957447193862837,353.13658318572385,-403.18598265996474,-37.73458315416784,-14.119184194580358,-91.94571962912624
2025-08-01 06:00:00,16.53,55.0,17.1,0.2786,0.0,1.1999938208174241,19.187683200000002,0.08,49.80265016846753,354.4768783847418,-403.0720296526488,-40.22688496702928,-13.975932167812346,-52.99531823428107
2025-08-01 07:00:00,17.23,160.0,17.6,0.2926,0.0,1.0,19.167016533333335,0.08,144.93226191870679,359.74928416686134,-402.9581008020608,-33.32072353554623,-9.417365910356702,58.985355837604395
2025-08-01 08:00:00,18.33,240.0,18.3,0.2931,0.0,0.599999099999325,19.213296266666667,0.08,217.4011928056711,367.0899602727712,-403.2132599764308,-24.407888035016697,-3.656873936916358,153.21313113007844
2025-08-01 09:00:00,19.53,319.0,17.8,0.2931,0.0,0.9000584092157575,19.2596296,0.08,288.9624187708712,371.478487629697,-403.46883603900443,-29.13965496531346,1.1680070543400052,229.0004224505902
2025-08-01 10:00:00,20.33,520.0,17.3,0.2931,0.0,2.500008377985962,19.305962933333333,0.08,471.0359177456207,373.88402847729424,-403.7245335796803,-47.722582972014266,6.434316476150374,399.90714614737067
2025-08-01 11:00:00,23.03,862.0,17.7,0.2931,0.0,2.699972625787158,19.4438896,0.08,780.832617493702,388.5890670264077,-404.48642227843425,-44.203811673288016,21.767161252731903,742.4986118211193
2025-08-01 12:00:00,23.63,592.0,13.7,0.2931,0.0,4.400009402262682,19.5818896,0.08,536.256275587322,377.56022931184077,-405.24979476098247,-111.7696482287368,33.27107312376657,430.06813503321007
2025-08-01 13:00:00,24.53,717.0,14.4,0.2931,0.0,4.299958977711299,19.7198896,0.08,649.4860635069423,384.7232952865008,-406.0142472478652,-102.01625453451621,38.219789430448714,564.3986464415103
2025-08-01 14:00:00,25.03,655.0,14.3,0.2931,0.0,4.699952680612859,19.7829496,0.08,593.3240886988107,386.83564172366204,-406.36392858983373,-110.12317103458345,44.02453561967036,507.6971664177259
2025-08-01 15:00:00,25.73,792.0,12.3,0.2931,0.0,6.000034470734315,19.845949599999997,0.08,717.4239362587145,382.03732020632935,-406.713502721282,-162.41970155133083,58.72910046235407,589.057152654785
2025-08-01 16:00:00,25.03,523.0,13.7,0.2931,0.0,3.6000297804323784,19.9089496,0.08,473.75343265569154,384.4741352236638,-407.0633023448174,-99.64074034562647,35.68220618343321,387.2057313723447
2025-08-01 17:00:00,23.03,132.0,14.2,0.2931,0.0,3.1000382078290585,19.838722933333333,0.08,119.5706560431191,376.54883039480694,-406.6733919764606,-89.3379958488161,21.283271338376135,21.391369951025492
2025-08-01 18:00:00,20.93,78.0,14.6,0.2941,0.0,2.599970532525321,19.7683896,0.08,70.65720921507707,367.8511137275963,-406.2831701925375,-80.77064470654413,7.421672501871993,-41.12381945453622
2025-08-01 19:00:00,19.13,23.0,16.5,0.2995,0.0002,2.0999781641721897,19.69805626666667,0.08,20.837729491326083,365.7751964577685,-405.8932293027871,-58.29160142017003,-3.4386555321211945,-81.01056030598376
2025-08-01 20:00:00,18.53,0.0,16.8,0.3166,0.0,1.0999983499987624,19.648039999999998,0.08,0.0,364.46556650392944,-405.61610078159066,-43.91252322694588,-5.412427113705986,-90.47548461831309
2025-08-01 21:00:00,17.23,0.0,17.6,0.3396,0.0042,2.399964843492504,19.598039999999997,0.08,0.0,361.5404088705115,-405.33920425485974,-52.6285894706432,-16.0609558536032,-112.48834070859463
2025-08-01 22:00:00,16.73,0.0,17.3,0.3623,0.0015,2.2999648040785323,19.548039999999997,0.08,0.0,359.2166927733044,-405.06244952127037,-54.58535675914554,-18.97831073998366,-119.40942424709519
2025-08-01 23:00:00,16.63,0.0,17.2,0.4036,0.001,1.300003461533853,19.5050344,0.08,0.0,360.3275582089462,-404.8245228446827,-44.33923639891042,-15.613091146217094,-104.44929218086403
2025-08-02 00:00:00,16.23,0.0,16.4,0.4679,0.0001,2.4000581659618168,19.4620344,0.08,0.0,359.28300494577815,-404.58673196029207,-64.42351907406542,-22.440440123664626,-132.16768621224398
2025-08-02 01:00:00,15.83,0.0,16.1,0.5266,0.0,1.6999895911446046,19.4190344,0.08,0.0,359.84091951483094,-404.34904584872277,-58.69887472107183,-21.854192902103115,-125.06119395706676
2025-08-02 02:00:00,15.73,0.0,16.3,0.5271,0.0,1.0999983499987624,19.384361066666667,0.08,0.0,360.02617964656696,-404.1574623698852,-49.224372052786,-19.413878867289533,-112.76953364339377
2025-08-02 03:00:00,15.73,0.0,16.5,0.5399,0.0001,0.8000412801849665,19.3496944,0.08,0.0,361.4535544489469,-403.96598379559134,-43.6737015818388,-17.77899842774235,-103.96512935622562
2025-08-02 04:00:00,15.43,0.0,15.8,0.6053,0.0043,1.6000036281208865,19.315027733333334,0.08,0.0,362.12610860277897,-403.77457326727824,-59.36557684126762,-23.35965523664211,-124.37369674240901
2025-08-02 05:00:00,14.53,1.0,15.1,0.6411,0.0063,2.1000146404251567,19.284690933333334,0.08,0.9160404739127235,358.0205539165029,-403.6071257295987,-74.22085461435024,-32.482891363454684,-151.374277316988
2025-08-02 06:00:00,14.33,11.0,15.0,0.6383,0.0066,1.300003461533853,19.254357600000002,0.08,10.075313358302122,356.5199654890921,-403.4397494041287,-63.64441715325184,-28.618224953226083,-129.10711266321238
2025-08-02 07:00:00,14.33,23.0,15.1,0.6405,0.0023,0.6000332324130057,19.224024266666667,0.08,21.06842294961383,357.01816168151987,-403.2724251424184,-52.4601479705541,-23.910785290156916,-101.55677377199572
2025-08-02 08:00:00,14.53,57.0,15.1,0.6415,0.0017,0.6999586059189501,19.2060144,0.08,52.21514685314685,358.0497400431819,-403.1731040241631,-53.24882630114721,-23.270405541805268,-69.42744897078683
2025-08-02 09:00:00,15.13,138.0,15.8,0.6415,0.0002,1.4999516158863258,19.1880144,0.08,126.41561869709238,363.2818577291697,-403.07385565101606,-56.81695348996049,-23.996520251407283,5.810147033878252
2025-08-02 10:00:00,15.33,189.0,15.6,0.6415,0.0001,1.3000089230462997,19.170014400000003,0.08,173.13443430253955,363.5923252459124,-402.97462560283765,-55.381916630110446,-21.542411862127093,56.827805453376726
2025-08-02 11:00:00,16.43,346.0,16.4,0.6415,0.0,1.5999968031218064,19.203306666666666,0.08,316.9551019506809,371.61270021252636,-403.15817295708973,-50.72386139060669,-16.10195520358671,218.58381261192415
2025-08-02 12:00:00,14.43,119.0,13.9,0.6415,0.0012,2.5999854557285507,19.23664,0.08,109.01056974604343,353.36515585368153,-403.342009531309,-94.26684253697846,-36.043555402899365,-71.27668187146185
2025-08-02 13:00:00,16.23,713.0,13.8,0.6415,0.0,2.900027456766573,19.269973333333333,0.08,653.1473632683105,361.59661360767586,-403.52590896925534,-96.76226922610628,-22.996516214949356,491.4592824656754
2025-08-02 14:00:00,17.23,552.0,12.7,0.6415,0.0,1.799943699119503,19.2979776,0.08,505.66247478836954,362.1157925588311,-403.68045663861596,-86.13664499632473,-12.279199387082025,365.68196632517794
2025-08-02 15:00:00,16.93,265.0,13.0,0.6415,0.0006,1.7000446494136559,19.325977599999998,0.08,242.75463010673536,361.88039423089936,-403.8350251400759,-82.80896572740475,-14.058225769341686,103.93280770081236
2025-08-02 16:00:00,15.93,234.0,14.9,0.6415,0.0001,0.9999904099540154,19.3539776,0.08,214.35691866028708,364.1209031613573,-403.98963802528306,-58.11556283398153,-17.59314154070678,98.77947942167303
2025-08-02 17:00:00,15.83,153.0,14.1,0.6415,0.0,0.6,19.322691733333333,0.08,140.15644681634154,360.7799223125974,-403.8168838599212,-57.581820299828216,-16.15420556207701,23.38345940711256
2025-08-02 18:00:00,15.73,59.0,15.2,0.6402,0.0,1.3000184037158857,19.2913584,0.08,54.04443388733638,364.0897395206625,-403.64392313029595,-59.625074649367306,-19.794705124274063,-64.92952949593847
2025-08-02 19:00:00,15.23,15.0,14.2,0.6339,0.0,1.8000060472120643,19.260025066666667,0.08,13.736651050435547,357.709948948773,-403.4710179678456,-76.69071628112926,-25.399748306216424,-134.11488255598275
2025-08-02 20:00:00,14.73,0.0,14.5,0.6163,0.0,1.3000089230462997,19.2160352,0.08,0.0,355.13943406369236,-403.22836463764713,-66.60926931814593,-25.70535758743003,-140.40355747953072
2025-08-02 21:00:00,14.03,0.0,14.3,0.5602,0.0,0.6999830355087185,19.1720352,0.08,0.0,347.42318781217534,-402.985764916491,-59.91895271378137,-26.035240427728848,-141.51677024582588
2025-08-02 22:00:00,13.63,0.0,13.3,0.4959,0.0,1.2000340828493163,19.1280352,0.08,0.0,338.2525315704619,-402.74327468071147,-76.6689406797405,-31.81599086841366,-172.97567465840373
2025-08-02 23:00:00,13.23,0.0,13.1,0.4507,0.0,1.000036104348238,19.087365866666666,0.08,0.0,333.36571018364634,-402.5192375598885,-75.28373032259864,-32.746592653245045,-177.18385035208584
2025-08-03 00:00:00,13.33,0.0,13.2,0.41,0.0,0.9000584092157575,19.0466992,0.08,0.0,332.25395796034354,-402.2953086030166,-71.88690914126323,-31.059294645708707,-172.98755442964503
2025-08-03 01:00:00,13.33,0.0,13.3,0.3782,0.0004,0.49997049912969865,19.006032533333332,0.08,0.0,331.23448965288316,-402.07147309103254,-63.67885807832337,-27.80998342641121,-162.32582494288397
2025-08-03 02:00:00,13.03,0.0,13.8,0.363,0.0014,0.7999639054357391,18.967364266666667,0.08,0.0,331.0227838771934,-401.8587237223077,-64.98795611869346,-31.72046662941683,-167.54436259322458
2025-08-03 03:00:00,13.03,0.0,13.9,0.3868,0.0,0.6999716065670093,18.9286976,0.08,0.0,332.34763012298237,-401.646067592138,-62.10467616732896,-30.696074192474928,-162.09918782895954
2025-08-03 04:00:00,13.03,0.0,13.8,0.3723,0.0,0.4999630086316386,18.890030933333335,0.08,0.0,331.3991696264183,-401.4334958733748,-59.233180475059875,-28.911889310324177,-158.17939603234052
2025-08-03 05:00:00,13.03,11.0,13.8,0.3717,0.0,0.699981921195112,18.863687733333332,0.08,9.98537480808205,331.374599361271,-401.2887212932861,-62.05170219832815,-30.287344330915307,-152.26779365317648
2025-08-03 06:00:00,13.53,60.0,14.0,0.3511,0.0,0.6000260411015508,18.8373544,0.08,54.43437685729881,333.4722167697962,-401.144040078128,-57.55001435053084,-26.337975306934453,-97.12543610849829
2025-08-03 07:00:00,14.23,164.0,14.0,0.3488,0.0,0.3,18.811021066666665,0.08,148.77787596899225,336.5325531937515,-400.9993979891776,-51.17191083544549,-20.308039552027033,12.831080786093587
2025-08-03 08:00:00,15.43,507.0,13.6,0.3501,0.0,0.9999779997579946,18.904258666666667,0.08,459.9578118673859,340.62157579339754,-401.51170365564946,-63.500532576666814,-17.88391642913635,317.6832349993308
2025-08-03 09:00:00,17.33,654.0,13.8,0.3501,0.0,1.8000057361019712,18.997592,0.08,593.3183608703558,350.0797429551,-402.025026820941,-71.68896298399537,-9.777804764189531,459.90630925632996
2025-08-03 10:00:00,17.83,553.0,13.9,0.3501,0.0,1.600016440540534,19.090925333333335,0.08,501.68968434450574,352.7726146826218,-402.53884203258156,-67.78200737999542,-6.966496792840658,377.1749528217099
2025-08-03 11:00:00,18.83,674.0,14.0,0.3501,0.0,2.099950308935904,19.20823946666667,0.08,611.4626532517123,357.83650844041205,-403.1853738661684,-74.39088430095843,-2.2762624674679284,489.44664105752946
2025-08-03 12:00:00,18.93,373.0,14.0,0.3501,0.0,1.9000118420683594,19.3255728,0.08,338.39105291229777,358.3092904687236,-403.8327902049966,-72.59282349940031,-2.277874061355449,217.99685561526903
2025-08-03 13:00:00,20.23,833.0,14.0,0.3501,0.0,1.4999977499983126,19.442906133333334,0.08,755.709777683496,364.4976556274353,-404.4809859243097,-64.42802893420868,3.9454429604566332,655.2438614128695
2025-08-03 14:00:00,19.93,358.0,13.8,0.3501,0.0,1.6000336027721418,19.4569888,0.08,324.7828336262804,362.3170783149991,-404.5588365573945,-68.5905545188922,2.4608760781051697,216.411396943098
2025-08-03 15:00:00,19.83,379.0,13.5,0.3501,0.0,1.5999647996127915,19.4709888,0.08,343.8343406267047,360.70629660193555,-404.63624133811305,-71.3834048117625,1.8753588856005565,230.3963499643652
2025-08-03 16:00:00,19.93,238.0,13.5,0.3501,0.0,1.299998315383524,19.4849888,0.08,215.91707933814172,361.1812433821622,-404.7136572257701,-65.91835981602769,2.1419897250855158,108.60829540359168
2025-08-03 17:00:00,19.83,316.0,14.3,0.3501,0.0,1.3999828177517037,19.425381066666667,0.08,286.67981962543183,363.6850729409035,-404.38412099213286,-61.23143737836279,2.0037914333111875,186.7531256291509
2025-08-03 18:00:00,18.93,75.0,14.9,0.35,0.0,1.5999732154008077,19.3657144,0.08,68.0409090909091,361.5084619480104,-404.05446053270396,-60.8857253540484,-2.3404122124726627,-37.731227060305514
2025-08-03 19:00:00,18.13,4.0,15.5,0.3493,0.0,0.9999904099540154,19.306047733333333,0.08,3.628778578784758,359.6992507891891,-403.725001672759,-48.6490244310412,-5.551303748227536,-94.59730048405389
2025-08-03 20:00:00,17.63,0.0,14.9,0.349,0.0,0.900042004575342,19.2450488,0.08,0.0,355.30234816283183,-403.3883948096647,-51.761174916751756,-7.543121553306545,-107.39034311689117
2025-08-03 21:00:00,17.03,0.0,15.1,0.3801,0.0,1.2999906615049202,19.1840488,0.08,0.0,354.489587393771,-403.0519925950475,-56.430470795152424,-11.4089628643695,-116.40183886079845
2025-08-03 22:00:00,16.73,0.0,15.1,0.4312,0.0,0.8999652937752656,19.1230488,0.08,0.0,355.50733240705586,-402.7158008290672,-50.691155181616395,-11.522672407047516,-109.42229601067524
2025-08-03 23:00:00,16.03,0.0,15.1,0.4599,0.0,1.0999757997337942,19.084364266666668,0.08,0.0,353.6929764588698,-402.50270620568364,-54.33713550072653,-15.885590911745473,-119.03245615928584
2025-08-04 00:00:00,15.23,0.0,14.3,0.4643,0.0,1.300046499168395,19.0456976,0.08,0.0,347.4560601906166,-402.2897945221378,-64.87005005134431,-21.388933779397227,-141.09271816226274
2025-08-04 01:00:00,14.23,0.0,14.0,0.4182,0.0,1.1000205907163738,19.007030933333336,0.08,0.0,339.5161503943436,-402.07696731761587,-65.94973598205742,-26.375269305661206,-154.8858222109909
2025-08-04 02:00:00,14.23,0.0,13.7,0.4267,0.0,1.2000340828493163,18.9700296,0.08,0.0,338.86843851244544,-401.87338543973954,-69.55931345966466,-26.761600535677836,-159.32586092263662
2025-08-04 03:00:00,14.23,0.0,14.1,0.3795,0.0,0.3999395954391113,18.9330296,0.08,0.0,338.1294214807433,-401.6698882125352,-53.40350594505668,-21.573500345049684,-138.5174730218983
2025-08-04 04:00:00,14.03,0.0,13.9,0.3404,0.0,0.6999716065670093,18.896029600000002,0.08,0.0,334.96356497474335,-401.46646827901264,-59.47806754414109,-24.38800433239031,-150.3689751808007
2025-08-04 05:00:00,14.23,10.0,13.6,0.3118,0.0,0.9999752496937112,18.870353866666665,0.08,9.062795877265726,333.77747319487446,-401.3253527255422,-65.80272327647985,-24.892408395928307,-149.18021532581017
2025-08-04 06:00:00,14.63,64.0,14.2,0.3079,0.0,0.4999992499994375,18.8446872,0.08,57.99595201229242,337.5119159032641,-401.18432418825756,-52.34448636426837,-19.5051728997029,-77.52611553667231
2025-08-04 07:00:00,15.83,164.0,14.1,0.2955,0.0,0.2999546965793335,18.819020533333333,0.08,148.5666811381637,342.19589119968856,-401.04333282304975,-47.19915160470069,-12.365736512768587,30.154351397333222
2025-08-04 08:00:00,16.83,256.0,14.4,0.293,0.0,0.5000659156551265,18.8259944,0.08,231.89400820152312,347.74320698555823,-401.0816377812228,-46.24955014171586,-8.414145612124914,123.89188165201773
2025-08-04 09:00:00,17.53,244.0,14.4,0.293,0.0,0.4999864098153069,18.8329944,0.08,221.02397656707674,350.99109795625964,-401.1200890398109,-44.8932507599076,-5.324784958683157,120.67694976493468
2025-08-04 10:00:00,18.23,322.0,14.7,0.293,0.0,0.8,18.8399944,0.08,291.67918219097834,355.3064602987181,-401.1585430630428,-45.90647209776359,-2.654788668300631,197.26583866058934
2025-08-04 11:00:00,20.03,635.0,15.5,0.293,0.0,1.500018749882814,19.0308472,0.08,575.2058406561218,366.60945556115644,-402.2080456747454,-48.4127960539662,4.969061826546817,496.16351631511355
2025-08-04 12:00:00,20.83,738.0,15.3,0.293,0.0,1.8000110221884753,19.2218472,0.08,668.5069455184533,369.795031635573,-403.260418043273,-54.81279229870359,8.449943446807524,588.6787102588574
2025-08-04 13:00:00,22.23,760.0,16.4,0.293,0.0,1.9999774448728165,19.4128472,0.08,688.4353368482718,380.38580814771547,-404.3148542016461,-48.55946970294737,14.909953549509149,630.8567746409029
2025-08-04 14:00:00,22.73,729.0,16.1,0.293,0.0,3.1000054354791056,19.514585333333333,0.08,660.3544217926186,381.8660829138592,-404.8773539258216,-65.5915028716557,21.42968241318822,593.1813303221887
2025-08-04 15:00:00,23.23,684.0,16.7,0.293,0.0,2.4999815699320664,19.616252,0.08,619.5918031634446,386.3746248830713,-405.44004462574304,-53.108757888777916,20.966229730483303,568.3838552624782
2025-08-04 16:00:00,23.33,461.0,15.8,0.293,0.0,1.799997299997975,19.717918666666666,0.08,417.59038195664914,383.82782436957245,-406.00332163445654,-52.36481365174421,17.633719512154606,360.6837905521754
2025-08-04 17:00:00,22.93,344.0,15.8,0.293,0.0,2.3000046804300203,19.651386666666667,0.08,311.6075735207967,381.8349338789731,-405.63463945327,-59.284302816796995,18.364174500835777,246.88773963053856
2025-08-04 18:00:00,21.63,170.0,15.7,0.2909,0.0,2.200018129470755,19.58472,0.08,153.9837938096074,374.99353082439575,-405.26546294043834,-60.36929261186258,11.656139566273279,74.99870864797549
2025-08-04 19:00:00,20.23,24.0,16.5,0.2844,0.0,1.2999980499985375,19.518053333333334,0.08,21.735270692469108,370.56382486239147,-404.89653848137266,-44.04801037614388,3.391509295741552,-53.253944006914416
2025-08-04 20:00:00,18.23,0.0,16.8,0.283,0.0,0.9999625993005938,19.433734133333335,0.08,0.0,361.79979919098315,-404.43028807485257,-40.71701804766259,-5.688143819976804,-89.03565075150881
2025-08-04 21:00:00,17.73,0.0,16.8,0.2833,0.0,1.19999819999865,19.3494008,0.08,0.0,359.42205910144514,-403.9643624099702,-42.75043798377361,-8.203347934551678,-95.49608922685033
2025-08-04 22:00:00,17.03,0.0,15.8,0.2595,0.0,1.5999976406232606,19.265067466666668,0.08,0.0,352.22537210910235,-403.4988394398433,-55.7407293841452,-12.75326441334366,-119.76746112822983
2025-08-04 23:00:00,16.33,0.0,15.1,0.2396,0.0,1.4999573993950628,19.207712533333332,0.08,0.0,346.12995461124615,-403.18246813522757,-60.94505668725812,-16.385530105648193,-134.38310031688775
2025-08-05 00:00:00,15.73,0.0,14.8,0.2253,0.0,1.7000260821528592,19.1503792,0.08,0.0,342.0057209137068,-402.86640195107566,-66.85528472086747,-20.72014410971993,-148.43610986795628
2025-08-05 01:00:00,15.43,0.0,14.4,0.203,0.0,1.2000340828493163,19.093045866666667,0.08,0.0,338.7613654864928,-402.55052163329526,-62.732662036465264,-19.947665583778097,-146.4694837670458
2025-08-05 02:00:00,15.13,0.0,14.5,0.2132,0.0,0.6000332324130057,19.050700533333334,0.08,0.0,337.9812747911708,-402.3173375987145,-53.07747239049778,-18.445954147369928,-135.85948934541142
2025-08-05 03:00:00,14.73,0.0,14.4,0.2459,0.0,0.7,19.008367200000002,0.08,0.0,336.69498358430263,-402.084320923201,-55.620754927953286,-20.97544323982279,-141.98553550667444
2025-08-05 04:00:00,14.43,0.0,14.7,0.3221,0.0,0.7999987999991001,18.966033866666667,0.08,0.0,338.78287773155284,-401.85140548239013,-54.91688425553343,-23.052310192280768,-141.0377221986515
2025-08-05 05:00:00,14.33,24.0,14.5,0.3665,0.0,0.39998981237026526,18.9480144,0.08,21.783081726354453,339.3920434273703,-401.75229417558046,-50.60681233973725,-21.11083923753387,-112.29482059912681
2025-08-05 06:00:00,15.53,113.0,15.4,0.3992,0.0,0.6000039416537195,18.9300144,0.08,102.65809995002499,349.3145764640456,-401.6533082448148,-44.594811828160395,-15.666996038832858,-9.942439697737429
2025-08-05 07:00:00,18.03,171.0,15.8,0.4166,0.0,1.1999938208174241,18.9120144,0.08,155.42969079196664,363.30068103683556,-401.55434060669745,-44.547055918977264,-4.347074488357926,68.28190081476953
2025-08-05 08:00:00,19.13,250.0,16.0,0.4179,0.0,0.4999992499994375,18.9979312,0.08,227.2452120599204,369.3503752753836,-402.026893281165,-34.048653919230624,0.5044763661751999,161.0245165010836
2025-08-05 09:00:00,20.73,427.0,16.7,0.4179,0.0,0.9000256551898951,19.083931200000002,0.08,388.134822198344,379.5221187813099,-402.50032112696175,-32.66370103424709,6.689996340601456,339.1829151590465
2025-08-05 10:00:00,21.93,473.0,17.1,0.4179,0.0,1.0999637130378437,19.1699312,0.08,429.94794121736936,386.8382843430149,-402.9741669820471,-31.364107135487533,11.371403777976255,393.8193552208259
2025-08-05 11:00:00,24.03,742.0,17.8,0.4179,0.0,1.1999735997095935,19.486413333333335,0.08,674.4637893938436,399.84696888377783,-404.7215350992814,-28.30814006937954,17.810292829654816,659.0913759386153
2025-08-05 12:00:00,26.23,906.0,18.6,0.4179,0.0,2.100022823685495,19.80308,0.08,823.5366485051514,413.97341533226256,-406.4756035590026,-31.807100645042194,30.547111482407402,829.7744711157767
2025-08-05 13:00:00,26.73,675.0,18.0,0.4179,0.0,1.999999832499993,20.119746666666668,0.08,613.562072561785,414.6985459736993,-408.23536746731196,-37.99574448864485,30.323976729069237,612.3534833085968
2025-08-05 14:00:00,26.03,467.0,17.6,0.4179,0.0,1.4999972833308732,20.140650133333335,0.08,424.4940561279313,409.6611420832761,-408.35173183815584,-36.29578726772725,23.934967631454253,413.4426467367785
2025-08-05 15:00:00,24.63,81.0,18.2,0.4179,0.0,1.5000237631451043,20.161316799999998,0.08,73.6274487074142,404.25006244239603,-408.46680245633354,-34.93962368482954,19.341628602091458,53.81271361073861
2025-08-05 16:00:00,24.33,107.0,19.5,0.4179,0.0,1.0999983499987624,20.181983466666665,0.08,97.26095076164592,406.6704799728116,-408.5818973923604,-23.78922591240744,16.019570482722447,87.57987791241213
2025-08-05 17:00:00,22.53,83.0,20.4,0.4179,0.0002,1.6999948029332324,20.0341184,0.08,75.44541040389356,399.83305328655456,-407.75895589832817,-22.216610286752484,12.374373085163496,57.677270590530966
2025-08-05 18:00:00,21.33,30.0,20.9,0.4172,0.0,1.0,19.8861184,0.08,27.26885519332828,394.93817364283746,-406.93650890333004,-14.422509030138338,6.112306415448294,6.960317318145681
2025-08-05 19:00:00,21.03,14.0,20.3,0.4114,0.0,1.300015465292625,19.7381184,0.08,12.723269797305804,391.4446403013671,-406.1153066885696,-18.587235420655293,6.0148970752846385,-14.519734935267353
2025-08-05 20:00:00,21.43,0.0,17.0,0.405,0.0,2.4999962499971877,19.6190952,0.08,0.0,383.32210967675405,-405.45578920421536,-53.44126607990503,11.113490526923018,-64.46145508044333
2025-08-05 21:00:00,20.83,0.0,15.7,0.4082,0.0,2.1999805317320424,19.5000952,0.08,0.0,376.1845010178938,-404.79720363992845,-60.731114573394954,7.75599073583798,-81.58782645959162
2025-08-05 22:00:00,20.13,0.0,14.3,0.4138,0.0,1.9000141946838187,19.3810952,0.08,0.0,368.08182759276895,-404.1394207115673,-68.05108193825679,4.153165834857999,-99.95550922219715
2025-08-05 23:00:00,19.23,0.0,13.9,0.3902,0.0,1.5000446393357767,19.318716533333333,0.08,0.0,361.13876106452943,-403.79493758528383,-65.95016497182287,-0.4591573003610811,-109.06549879293836
2025-08-06 00:00:00,19.03,0.0,13.4,0.3792,0.0,1.200055740372088,19.2563832,0.08,0.0,357.80455803089757,-403.4509248416767,-64.24406858878955,-1.0881716140908282,-110.97860701365948
2025-08-06 01:00:00,18.63,0.0,13.0,0.4179,0.0,1.7000271791944974,19.194049866666667,0.08,0.0,356.19601899509087,-403.10713195591705,-76.47960045588245,-3.1174083964181016,-126.50812181312673
2025-08-06 02:00:00,17.83,0.0,12.7,0.4137,0.0,1.9000244735265912,19.1520336,0.08,0.0,351.068960962098,-402.8755196934511,-84.22977818788459,-7.840550682497058,-143.87688760173475
2025-08-06 03:00:00,17.23,0.0,11.7,0.4111,0.0,1.700024382178091,19.1100336,0.08,0.0,344.1072219798548,-402.64409686409596,-90.15875669820058,-10.850580224789589,-159.54621180723134
2025-08-06 04:00:00,16.53,0.0,11.7,0.3697,0.0,1.19999819999865,19.0680336,0.08,0.0,339.0986292979646,-402.4127737508115,-81.34588860714574,-13.290290449473181,-157.95032350946585
2025-08-06 05:00:00,15.93,28.0,11.9,0.3488,0.0,1.000036104348238,19.0460176,0.08,25.401100775193797,336.37269607115064,-402.29155620315777,-77.16990042137668,-15.832562385220667,-133.52022216341066
2025-08-06 06:00:00,15.83,158.0,12.7,0.3369,0.0,0.8999867221242767,19.0240176,0.08,143.28822488124587,338.6003558444945,-402.1704541073551,-69.18620981367368,-15.855090004723033,-5.323173200011448
2025-08-06 07:00:00,16.53,223.0,12.3,0.3298,0.0,1.300046499168395,19.0020176,0.08,202.19715219734167,339.94627872359433,-402.0493793551942,-77.6295158532907,-13.239402307448566,49.225133405002516
2025-08-06 08:00:00,17.03,227.0,12.7,0.3284,0.0,0.7999892811781918,19.054291466666665,0.08,205.81626657094998,343.7295515206496,-402.3371079428566,-64.61124501003697,-9.342247688526882,73.25521745017912
2025-08-06 09:00:00,17.73,386.0,13.2,0.3284,0.0,0.7999527986075179,19.1066248,0.08,349.9783211294568,348.85687336957676,-402.6253185218459,-60.026505267219754,-6.1873981241670055,229.99597258580096
2025-08-06 10:00:00,19.23,661.0,13.8,0.3284,0.0,2.10001344043318,19.158958133333332,0.08,599.3152079444843,358.111523784988,-402.91368391590936,-74.53894086328789,0.4216052738560863,480.3957122241311
2025-08-06 11:00:00,20.63,832.0,14.8,0.3284,0.0,1.7,19.34751573333333,0.08,754.3574175640105,368.43241709781483,-403.9539523764141,-59.338206791623605,6.647765227775265,666.1454407215629
2025-08-06 12:00:00,21.63,605.0,15.2,0.3284,0.0,2.100041773394044,19.5361824,0.08,548.5411509930605,374.7164681958955,-404.99683737795635,-62.49471592932092,11.63866510221399,467.4047309838926
2025-08-06 13:00:00,22.63,711.0,15.0,0.3284,0.0,2.400050503635288,19.724849066666668,0.08,644.6491873653983,378.9240283757484,-406.0417403838893,-69.31316313606729,16.856142588848662,565.0744548100388
2025-08-06 14:00:00,22.53,489.0,14.8,0.3284,0.0,2.1000162523180625,19.74531706666667,0.08,443.3663187365398,377.70532200495086,-406.1552208869092,-66.74250387647326,15.121144710158072,363.2950606882663
2025-08-06 15:00:00,23.13,408.0,15.6,0.3284,0.0,2.0,19.765650400000002,0.08,369.925272074659,383.5428223421839,-406.2679783097882,-57.77383528256411,17.463872692903244,306.8901535173938
2025-08-06 16:00:00,22.63,272.0,15.8,0.3284,0.0,1.7999874221782775,19.785983733333335,0.08,246.61684804977267,381.7471780774526,-406.38075920895153,-54.62978977529674,14.29018697270225,181.64366411567931
2025-08-06 17:00:00,22.33,177.0,15.5,0.3284,0.0,2.100002976188367,19.717388266666667,0.08,160.4822871500359,379.216452438714,-406.00038146847555,-61.05014662684585,14.270309768054119,86.91852126148257
2025-08-06 18:00:00,21.33,84.0,15.8,0.3293,0.0,1.5999968031218064,19.6487216,0.08,76.1629261985994,375.35528323809393,-405.6198764149045,-52.65882257493179,8.369231194055795,1.6087416409128057
2025-08-06 19:00:00,19.93,25.0,15.6,0.3326,0.0,1.1999602076735711,19.580054933333333,0.08,22.66955139738515,367.98522764517696,-405.2396388820737,-50.4424289139778,1.6445660070449537,-63.382722746444436
2025-08-06 20:00:00,19.13,0.0,15.8,0.3263,0.0,2.399963476805428,19.5120544,0.08,0.0,364.5378518002907,-404.86335353978535,-65.97959052536065,-2.450178770585452,-108.75527103544076
2025-08-06 21:00:00,18.23,0.0,15.3,0.293,0.0,2.5000212179099597,19.4440544,0.08,0.0,357.3428672424648,-404.48733325636823,-73.00666910886976,-8.133418141352937,-128.28455326412612
2025-08-06 22:00:00,17.63,0.0,14.9,0.2628,0.0,2.60003570167796,19.3760544,0.08,0.0,352.1815692875708,-404.1115749578144,-78.70013452691455,-12.099761275652982,-142.72990147281112
2025-08-06 23:00:00,16.63,0.0,15.0,0.2607,0.0,0.899977699723721,19.320710933333334,0.08,0.0,347.80243257911417,-403.8059481522073,-54.013326519802185,-13.104876745704205,-123.1217188385995
2025-08-07 00:00:00,15.73,0.0,14.9,0.2588,0.0,0.9999752496937112,19.2653776,0.08,0.0,343.27061572383263,-403.50055064932286,-57.392633782552,-18.2386875060837,-135.86125621412592
2025-08-07 01:00:00,15.53,0.0,14.8,0.2242,0.0,0.4,19.210044266666667,0.08,0.0,341.0652172605004,-403.1953264077678,-49.0718056438386,-16.181323136540474,-127.3832379276465
2025-08-07 02:00:00,15.23,0.0,14.8,0.2053,0.0,0.39998981237026526,19.167034400000002,0.08,0.0,339.2357848477689,-402.9581992849578,-49.207257958663064,-17.49936764331002,-130.42904003916198
2025-08-07 03:00:00,15.03,0.0,14.8,0.1678,0.0,0.2,19.1240344,0.08,0.0,337.5305315016821,-402.7212311339735,-46.24399248769049,-17.24030971791075,-128.67500183789264
2025-08-07 04:00:00,14.73,0.0,14.7,0.1359,0.0,0.19999969999977502,19.0810344,0.08,0.0,335.301770731573,-402.4843675139838,-47.03100962994824,-18.530443300581734,-132.74404971294075
2025-08-07 05:00:00,14.33,18.0,14.7,0.1059,0.0,0.2,19.059350666666667,0.08,16.234217200781373,333.09895861267415,-402.3649632539453,-47.6137269011368,-20.474269316915333,-121.1197836585419
2025-08-07 06:00:00,15.23,129.0,15.1,0.0858,0.0,0.2999995499996625,19.037684,0.08,116.29659325044405,338.2121156740218,-402.2456795118822,-44.399211599364186,-16.33233613477314,-8.468518321553677
2025-08-07 07:00:00,16.93,268.0,15.4,0.076,0.0,0.6000215412799776,19.01601733333333,0.08,241.5599334719335,346.84488378773256,-402.1264222936225,-43.00225919355925,-9.102667084231895,134.17346868825243
2025-08-07 08:00:00,18.53,482.0,16.3,0.0768,0.0,0.7999987999991001,19.1568872,0.08,434.4544292845259,357.17345476626747,-402.9022697852408,-38.28515874875081,-2.7302764863316935,347.71017903047004
2025-08-07 09:00:00,20.43,615.0,16.8,0.0768,0.0,0.9000256551898951,19.297887199999998,0.08,554.3350083194675,367.8124393877709,-403.6799576750384,-34.65641239954246,4.7093356673649405,488.5204133000225
2025-08-07 10:00:00,22.53,669.0,17.7,0.0768,0.0,1.3,19.4388872,0.08,603.0083261231281,380.8901972442478,-404.45877085039103,-31.425121018250547,13.357948223547632,561.3725797222819
2025-08-07 11:00:00,24.43,839.0,18.4,0.0768,0.0,1.799964277423305,19.675477333333333,0.08,756.2391414309485,392.58373799778883,-405.7681070979652,-31.377485199012103,22.200946502581854,733.878233634342
2025-08-07 12:00:00,25.23,867.0,18.8,0.0768,0.0,2.2999594018156055,19.912144,0.08,781.4771580698836,397.88942808510006,-407.0810448598365,-34.6013931514136,27.769984990808396,765.454133134542
2025-08-07 13:00:00,26.03,848.0,19.5,0.0768,0.0,2.800049722772794,20.148810666666666,0.08,764.3513610648919,404.1236622601947,-408.39716623700946,-35.15134933126925,33.96234310856522,758.8888508653731
2025-08-07 14:00:00,27.03,772.0,19.0,0.0768,0.0,2.900006141372807,20.25924506666667,0.08,695.8481730449251,407.8407307302003,-409.0123911749874,-40.661119960426156,38.86934096990952,692.8847336096214
2025-08-07 15:00:00,27.53,651.0,17.2,0.0768,0.0,1.3999828177517037,20.3695784,0.08,586.7838868552413,404.6714302513304,-409.62774695846986,-37.103011806371235,26.467219586997544,571.1917779287282
2025-08-07 16:00:00,27.53,500.0,18.0,0.0768,0.0,2.0000191649081764,20.479911733333335,0.08,450.67886855241267,407.3081724431829,-410.24379682922273,-40.904102103366476,31.765377623447495,438.6045196864539
2025-08-07 17:00:00,26.83,328.0,17.6,0.0768,0.0,2.30004384523426,20.371087199999998,0.08,295.6453377703827,402.3701953689929,-409.636166711837,-47.28804694574551,32.35917655948863,273.4504960412816
2025-08-07 18:00:00,25.23,155.0,17.9,0.076,0.0,1.3999685460752322,20.2620872,0.08,139.70817047817047,395.1025554203005,-409.0282337374294,-35.89220379966441,20.38787691301084,110.27816527438804
2025-08-07 19:00:00,23.23,19.0,19.4,0.073,0.0,1.4999920833124418,20.153087199999998,0.08,17.12447223663726,389.4101989856515,-408.42097768023416,-28.655084510315543,14.113687398922409,-16.427703569338544
2025-08-07 20:00:00,21.73,0.0,19.2,0.0657,0.0,1.300010599956785,20.036426666666667,0.08,0.0,381.2352659928269,-407.7717929728041,-28.83150037040216,7.758657176532706,-47.60937017384668
2025-08-07 21:00:00,20.73,0.0,17.2,0.0642,0.0,1.6000320809283792,19.91976,0.08,0.0,370.3953708008182,-407.1233484125623,-46.527695790982456,4.164535103986083,-79.09113829874042
2025-08-07 22:00:00,19.33,0.0,16.2,0.0602,0.0,1.1,19.803093333333333,0.08,0.0,360.50907059337067,-406.47567753433935,-48.65889412263375,-2.233519078213967,-96.8590201418164
2025-08-07 23:00:00,18.23,0.0,16.9,0.0476,0.0,1.0999637130378437,19.72806,0.08,0.0,357.380365948039,-406.05954115275125,-44.65321939898183,-7.3578714089470765,-100.69026601264115
2025-08-08 00:00:00,18.03,0.0,16.1,0.0475,0.0,1.0999883863023283,19.65306,0.08,0.0,353.9741135486998,-405.6439090274116,-50.019603490775914,-8.00959193799813,-109.69899090748586
2025-08-08 01:00:00,17.43,0.0,16.3,0.0475,0.0,0.7,19.57806,0.08,0.0,351.78987608202704,-405.2285960565333,-43.60194184460235,-9.680510325005015,-106.72117214411365
2025-08-08 02:00:00,16.73,0.0,16.0,0.049,0.0,0.9,19.523377066666665,0.08,0.0,347.618326847479,-404.9259900553427,-48.948593315676746,-13.658301479617892,-119.91455800315833
2025-08-08 03:00:00,16.23,0.0,15.8,0.0503,0.0,0.9000326771845564,19.4687104,0.08,0.0,344.6997119407226,-404.62364350626814,-50.70072061347748,-16.10405046735457,-126.7287026463776
2025-08-08 04:00:00,15.53,0.0,15.3,0.0507,0.0,0.7999803310082068,19.414043733333333,0.08,0.0,339.9329068371694,-404.3214663038886,-53.74673552030734,-19.267984520687175,-137.4032795077137
2025-08-08 05:00:00,15.53,21.0,14.6,0.0521,0.0,0.7000172926435461,19.390352266666667,0.08,18.919097181580163,337.67454096623675,-404.19056118359356,-57.12153415771756,-18.62613951153671,-123.3445967050309
2025-08-08 06:00:00,17.13,149.0,16.0,0.0537,0.0,0.3999395954391113,19.3666856,0.08,134.23977506037096,349.5001651333677,-404.0598248330668,-39.96687064516352,-9.234450706778405,30.47879400872997
2025-08-08 07:00:00,19.63,321.0,15.9,0.0548,0.0,0.6999681207026504,19.343018933333333,0.08,289.207468229488,360.9336831544172,-403.9291202003313,-39.652528294517126,1.1633893737399608,207.7228922627968
2025-08-08 08:00:00,21.83,492.0,15.8,0.0552,0.0,0.6000508145149043,19.515195466666665,0.08,443.2747972027972,371.1719664442522,-404.8807290600304,-36.50060433408136,8.207232100258544,381.27266235319615
2025-08-08 09:00:00,24.13,643.0,17.3,0.0552,0.0,1.1000061681645246,19.6875288,0.08,579.3205174825176,387.44350745650144,-405.8348872585826,-31.989364446530658,16.913605058987994,545.8533782928937
2025-08-08 10:00:00,25.93,763.0,18.4,0.0552,0.0,1.499961856181683,19.859862133333333,0.08,687.4363216783217,400.07528367424754,-406.79073092004035,-28.678858855916506,24.465408138653984,676.5074237152666
2025-08-08 11:00:00,27.43,839.0,17.6,0.0552,0.0,1.2000034874949324,20.136112266666665,0.08,755.9096643356644,405.285899330266,-408.3264685556311,-30.407727420665687,24.8619894604983,747.323357150132
2025-08-08 12:00:00,28.53,867.0,17.8,0.0552,0.0,1.799978472093486,20.412445599999998,0.08,781.1366853146853,411.6988306031902,-409.86701493184864,-37.32560559515249,32.82929663538047,778.4721920262548
2025-08-08 13:00:00,29.73,836.0,18.4,0.0552,0.0,1.1999702996324533,20.68877893333333,0.08,753.2067692307693,420.03383724179605,-411.4119163667163,-27.582431039573553,27.880554361237554,762.1268134275131
2025-08-08 14:00:00,30.23,759.0,19.3,0.0552,0.0,2.000005812491554,20.8139,0.08,683.8324615384616,425.60744480205483,-412.1128674320017,-32.00718488467573,38.28386703493967,703.6037210587788
2025-08-08 15:00:00,30.33,641.0,19.4,0.0552,0.0,2.1000282855237926,20.9389,0.08,577.5185874125874,426.463368016107,-412.8140342734205,-33.64325999981427,39.46074769804713,596.9854088535068
2025-08-08 16:00:00,30.33,485.0,19.3,0.0552,0.0,2.0000191649081764,21.0639,0.08,436.96804195804197,426.1486342172404,-413.51609545590685,-34.56740661171628,37.93256060472203,452.9657347123812
2025-08-08 17:00:00,29.33,311.0,19.0,0.0552,0.0,2.4000031354146185,20.947426666666665,0.08,280.20012587412594,419.81900567201495,-412.86189577599976,-41.27722843785958,40.10044771269595,285.98045504497753
2025-08-08 18:00:00,27.43,142.0,19.2,0.0548,0.0,1.300010599956785,20.830759999999998,0.08,127.93601398313798,410.3520553716472,-412.2073886639767,-29.57850836583707,24.21407832546004,120.71625065043146
2025-08-08 19:00:00,25.63,16.0,19.4,0.0558,0.0,2.4999476014508786,20.71409333333333,0.08,14.415613208517641,401.55910887306425,-411.55366004974474,-41.67302132656738,27.33080548176197,-9.921153812968257
2025-08-08 20:00:00,24.33,0.0,18.9,0.0572,0.0,2.5999849941874666,20.565119199999998,0.08,0.0,393.4043434685062,-410.72003090114566,-46.72998218098886,22.23225599595136,-41.81341361767693
2025-08-08 21:00:00,22.83,0.0,18.6,0.058,0.0,1.999999832499993,20.4161192,0.08,0.0,384.9356295156053,-409.887524407843,-43.115591305253545,12.956657070984543,-55.11082912650671
2025-08-08 22:00:00,21.03,0.0,18.6,0.0589,0.0,1.3000089230462997,20.2671192,0.08,0.0,375.9939938153561,-409.0562841393351,-36.6204984516701,3.6269319277688297,-66.0558568478803
2025-08-08 23:00:00,20.33,0.0,18.3,0.06,0.0,1.0000196498069427,20.188396266666665,0.08,0.0,371.6998202971638,-408.6176159238577,-35.719131484941045,0.6337303205522602,-72.00319679108271
2025-08-09 00:00:00,19.53,0.0,17.8,0.0604,0.0,0.899977699723721,20.109729599999998,0.08,0.0,366.3584671786416,-408.17961377765624,-38.339924162127126,-2.596006899480264,-82.75707766062202
2025-08-09 01:00:00,18.73,0.0,17.2,0.0602,0.0,0.9999715995967086,20.03106293333333,0.08,0.0,360.739448622922,-407.741963850686,-44.085908719363665,-6.1716201775850195,-97.26004412471266
2025-08-09 02:00:00,18.43,0.0,16.9,0.0594,0.0,1.1999702996324533,19.971714133333332,0.08,0.0,358.4040158495138,-407.41201889488366,-48.5759268419558,-7.787489909910295,-105.37141979723593
2025-08-09 03:00:00,18.23,0.0,17.1,0.0592,0.0,0.6,19.9123808,0.08,0.0,358.0568824948832,-407.0823601307224,-39.39900939975253,-7.215041503408589,-95.63952853900031
2025-08-09 04:00:00,17.43,0.0,17.3,0.0584,0.0,0.7999803310082068,19.85304746666667,0.08,0.0,354.86452822770093,-406.7529014653905,-41.06586777909277,-11.362133340252088,-104.31637435703442
2025-08-09 05:00:00,17.33,20.0,17.0,0.0575,0.0,0.4,19.828686133333335,0.08,18.0201287001287,353.5030788168281,-406.617688846046,-38.252169297219524,-10.438060108577751,-83.78471073488649
2025-08-09 06:00:00,18.63,137.0,17.5,0.0572,0.0,0.2999546965793335,19.8043528,0.08,123.43714103355981,361.1325507887395,-406.4826652901914,-31.732968780287916,-4.462174400652808,41.8918833511672
2025-08-09 07:00:00,21.13,305.0,18.4,0.0573,0.0,0.6999989499992125,19.78001946666667,0.08,274.80586348895866,375.89417222567886,-406.3476753645898,-26.77692817877041,5.205939681925603,222.78137185320296
2025-08-09 08:00:00,23.03,478.0,19.2,0.0573,0.0,1.0000297595571843,19.95918986666667,0.08,430.67935327122046,387.68863620579066,-407.34241682086036,-24.07831743535321,12.070811376388248,399.01806659718585
2025-08-09 09:00:00,25.13,630.0,19.5,0.0573,0.0,0.7999527986075179,20.1385232,0.08,567.6317836001442,399.27882739910024,-408.33989059556484,-20.07803068650891,16.525386311700778,555.0180760288715
2025-08-09 10:00:00,26.93,749.0,20.3,0.0573,0.0,1.3000102499595916,20.317856533333334,0.08,674.8511205023937,411.0037613992617,-409.33919516174194,-19.266770514095672,24.245559206735326,681.494475432553
2025-08-09 11:00:00,29.13,826.0,21.2,0.0573,0.0,1.5999517648979296,20.6107656,0.08,744.2283384979668,425.3724839185285,-410.9753242333872,-16.871659526629376,31.57733924501523,773.3311779014938
2025-08-09 12:00:00,29.93,857.0,22.3,0.0573,0.0,2.200041120070259,20.9037656,0.08,772.1594262624183,432.84642933784056,-412.61686333541104,-15.66244637911343,39.726662637520164,816.4532085232545
2025-08-09 13:00:00,31.43,834.0,21.4,0.0573,0.0,1.6000336027721418,21.1967656,0.08,751.4363611468575,438.57650539111404,-414.26331507480006,-18.933286815294558,34.67072372721002,791.486988375087
2025-08-09 14:00:00,31.73,753.0,22.2,0.0573,0.0,2.0999520970726926,21.300250666666667,0.08,678.455131826839,442.5588043513124,-414.8460033905822,-18.536433302188026,41.810099387276594,729.4415988726579
2025-08-09 15:00:00,32.13,640.0,21.9,0.0573,0.0,1.8999953815733341,21.403584000000002,0.08,576.6418119112576,443.9381484120647,-415.4284504736274,-19.625231423747604,39.58807512962659,625.1143535555741
2025-08-09 16:00:00,31.83,487.0,20.9,0.0573,0.0,2.200023056697361,21.506917333333334,0.08,438.7883787512226,439.31531485015677,-416.0115106617499,-29.39770316109542,42.94529836672338,475.6397781452573
2025-08-09 17:00:00,30.83,308.0,20.9,0.0573,0.0,1.999960424608447,21.381766933333335,0.08,277.50887198229265,433.78698352069534,-415.30542568636224,-27.494474931125048,38.35750709318524,306.85346197868586
2025-08-09 18:00:00,28.53,137.0,22.8,0.0571,0.0,1.1000205907163738,21.2564336,0.08,123.43689423027433,426.5349685182573,-414.5992097887609,-11.871408120632637,23.864145690124474,147.36539052926258
2025-08-09 19:00:00,26.43,16.0,23.3,0.0584,0.0,1.8000390273546847,21.131100266666667,0.08,14.416362587556653,416.49908724240476,-413.89389495038324,-11.761847479782881,24.207125972994135,29.466833372789417
2025-08-09 20:00:00,24.83,0.0,22.1,0.0599,0.0,1.8000148054946659,20.997773333333335,0.08,0.0,404.9291745392266,-413.1445842669116,-19.726905962487187,18.55168669574335,-9.390628994428809
2025-08-09 21:00:00,24.03,0.0,21.3,0.0611,0.0,1.3999752926391238,20.864440000000002,0.08,0.0,398.65793366218685,-412.3962555590628,-22.08433576112137,14.051909146060552,-21.770748511936773
2025-08-09 22:00:00,22.53,0.0,21.5,0.0619,0.0,0.9000016055541235,20.73110666666667,0.08,0.0,391.48380295780424,-411.6489438975809,-17.641351919882904,7.259943514999298,-30.546549344660285
2025-08-09 23:00:00,21.73,0.0,21.5,0.0627,0.0,0.6000039416537195,20.6630544,0.08,0.0,387.4219770844684,-411.26791372313085,-15.931909697184588,4.030352726187852,-35.7474936096592
2025-08-10 00:00:00,20.93,0.0,21.3,0.0634,0.0,0.7999987999991001,20.595054400000002,0.08,0.0,382.87914200291607,-410.8874404671681,-18.234082536217507,1.3988926393230408,-44.84348836114651
2025-08-10 01:00:00,20.43,0.0,20.9,0.0645,0.0,0.6000508145149043,20.5270544,0.08,0.0,379.3554695809483,-410.5072312605968,-19.234624952172382,-0.3876283592034984,-50.77401499102441
2025-08-10 02:00:00,20.33,0.0,20.3,0.0652,0.0,0.9000055110942377,20.472377066666667,0.08,0.0,377.29007257146924,-410.2017046730785,-24.610524625397204,-0.6259878202923406,-58.1481445472988
2025-08-10 03:00:00,20.03,0.0,19.8,0.0652,0.0,0.7999987999991001,20.4177104,0.08,0.0,374.46865529562103,-409.8964082155024,-26.851410132079334,-1.6713521211471676,-63.95051517310786
2025-08-10 04:00:00,19.73,0.0,19.2,0.0659,0.0,0.6000332324130057,20.36304373333333,0.08,0.0,371.36306589547405,-409.59128220445234,-28.700385366973077,-2.5913970803783655,-69.51999875632974
2025-08-10 05:00:00,19.93,17.0,19.7,0.0666,0.0,1.1000101908618847,20.341350666666667,0.08,15.319910416882177,373.71770760966655,-409.4702479858619,-29.24682792432459,-1.9373098064088201,-51.61676769004656
2025-08-10 06:00:00,20.43,123.0,19.7,0.0673,0.0,0.6999716065670093,20.319684,0.08,110.84562456666839,376.1880505739099,-409.3493878405776,-25.182698429592413,0.4508325157700572,52.95242138617832
2025-08-10 07:00:00,22.23,290.0,19.5,0.0672,0.0,0.8999829553941563,20.29801733333333,0.08,261.3428145695364,384.59770550345263,-409.2285544522789,-25.73220038933369,7.749213490219486,218.728978721596
2025-08-10 08:00:00,23.93,467.0,18.5,0.0672,0.0,1.700021661626698,20.451210666666665,0.08,420.8520496688742,390.25689782578326,-410.0834766378986,-39.44963838060959,16.61198308261715,378.18781555876643
2025-08-10 09:00:00,25.13,623.0,18.8,0.0672,0.0,1.7999889027435698,20.604543999999997,0.08,561.4364602649006,397.28220396459966,-410.94052077303894,-38.414900551515146,21.324200633913183,530.6874435388594
2025-08-10 10:00:00,26.03,742.0,19.4,0.0672,0.0,1.7000352055178152,20.757877333333333,0.08,668.6771324503312,403.7321407118555,-411.7989075759528,-33.73416485651068,23.41791897154173,650.294119701265
2025-08-10 11:00:00,27.43,822.0,19.4,0.0672,0.0,1.9000182235968157,21.005801599999998,0.08,740.771701986755,411.06562479360434,-413.18967511812497,-36.64254379147278,28.8482736044179,730.8533814751796
2025-08-10 12:00:00,28.33,851.0,20.0,0.0672,0.0,1.7000234174857711,21.2538016,0.08,766.9059834437086,417.6451727995719,-414.58438891739974,-32.150307084894244,29.057895976388874,766.8743562173753
2025-08-10 13:00:00,29.23,829.0,19.9,0.0672,0.0,2.5999417012694725,21.5018016,0.08,747.079976821192,422.1707229897604,-415.98263061283245,-44.24362401085238,39.94158025447369,748.9660254417413
2025-08-10 14:00:00,29.73,753.0,20.3,0.0672,0.0,2.499996729997861,21.6229032,0.08,678.5901357615894,426.0784190239348,-416.66669383705437,-40.946150700072884,40.26355294436377,687.3192631927609
2025-08-10 15:00:00,29.73,634.0,20.3,0.0672,0.0,1.9999976999986775,21.7439032,0.08,571.3494635761589,426.0784190239348,-417.35102542991046,-36.95984206819156,34.5928111082834,577.7098262102751
2025-08-10 16:00:00,29.53,480.0,19.6,0.0672,0.0,2.499996729997861,21.864903199999997,0.08,432.5674172185431,422.86940162740416,-418.0361996343079,-49.8638290099035,38.69823674987617,426.2350269516121
2025-08-10 17:00:00,28.33,300.0,19.3,0.0672,0.0,2.099941761097198,21.768077599999998,0.08,270.35463576158935,415.52492743589704,-417.4878479307919,-47.733742465234634,31.023384678220268,251.68135747968017
2025-08-10 18:00:00,27.63,134.0,19.4,0.0672,0.0,1.8000362357463806,21.6710776,0.08,120.75840397350994,412.1212627348918,-416.9390496527925,-43.18689321043888,26.49111732761005,99.24484117278038
2025-08-10 19:00:00,26.03,16.0,19.1,0.0672,0.0,1.3000136614666786,21.574077600000003,0.08,14.418913907284768,402.83427532266313,-416.39079260954026,-40.4172816201714,18.12531323884469,-21.42957176091906
2025-08-10 20:00:00,24.43,0.0,19.3,0.0677,0.0,2.60003570167796,21.4710824,0.08,0.0,395.18285379262306,-415.8092419380494,-56.86863816452951,17.91645889455488,-59.57856741540097
2025-08-10 21:00:00,23.33,0.0,18.2,0.0688,0.0,2.0,21.368082400000002,0.08,0.0,386.3374639086498,-415.22827358475826,-58.914721314650336,10.695565711189268,-77.10996527956954
2025-08-10 22:00:00,22.63,0.0,17.6,0.0702,0.0,1.8,21.2650824,0.08,0.0,381.01578380694883,-414.64791424062736,-60.78780818410395,7.2335801298471445,-87.18635848793534
2025-08-10 23:00:00,21.93,0.0,17.7,0.0715,0.0,2.000042344551735,21.1690768,0.08,0.0,377.8681590031979,-414.10751324500353,-62.97277614604238,4.31817842840795,-94.89395195944007
2025-08-11 00:00:00,20.83,0.0,17.7,0.0727,0.0,1.6,21.0730768,0.08,0.0,372.4765544555901,-413.5676721159415,-58.025114027430334,-1.296974771732851,-100.4132064595146
2025-08-11 01:00:00,19.83,0.0,17.8,0.0741,0.0,1.4999516158863258,20.9770768,0.08,0.0,367.9236769532299,-413.0283589719873,-56.42836633713453,-6.162317399431129,-107.69536575532304
2025-08-11 02:00:00,19.53,0.0,17.4,0.0758,0.0,1.7000419906578779,20.899728533333334,0.08,0.0,365.30099833363545,-412.5942122231296,-62.041870690795534,-7.77544811088478,-117.11053269117447
2025-08-11 03:00:00,18.83,0.0,17.0,0.0771,0.0,1.4999516158863258,20.822395200000003,0.08,0.0,360.755351510864,-412.1604915428687,-62.78938973562366,-11.016641783759818,-125.21117155138822
2025-08-11 04:00:00,18.13,0.0,16.8,0.0791,0.0,1.5,20.745061866666667,0.08,0.0,356.8470685214289,-411.7271128991859,-64.81500239145895,-14.76246685336152,-134.45751362257744
2025-08-11 05:00:00,17.83,15.0,16.7,0.0808,0.0,0.9000326771845564,20.703366666666668,0.08,13.521471446436015,355.1454040755309,-411.49359343070415,-56.58674217471982,-14.092265936999974,-113.50572602045703
2025-08-11 06:00:00,18.73,122.0,16.9,0.0812,0.0,0.7999892811781918,20.6617,0.08,109.97553554304776,360.01533526128105,-411.2603330130703,-51.23229613250295,-8.881679880304485,-1.3834382215489534
2025-08-11 07:00:00,19.83,287.0,16.0,0.0818,0.0,1.4000131606524275,20.620033333333335,0.08,258.7161215723074,362.4365472596423,-411.0271717794864,-64.18555405728165,-4.087972595319882,141.8519703998617
2025-08-11 08:00:00,21.13,460.0,16.0,0.0819,0.0,1.7000419906578779,20.745233066666668,0.08,414.6678045983004,368.67787512095265,-411.7280719322099,-67.8800056870026,2.058678590447495,305.79628069048795
2025-08-11 09:00:00,22.53,614.0,16.7,0.0819,0.0,1.4000257461918335,20.870566399999998,0.08,553.4913739638184,377.7907966574712,-412.4306174674645,-56.23765484612259,7.830977715910738,470.44487602361323
2025-08-11 10:00:00,24.03,733.0,17.8,0.0819,0.0,1.4000153213447344,20.99589973333333,0.08,660.7641321099005,388.7610361176269,-413.1340617023243,-47.076168947040145,13.542671985636765,602.8576095637998
2025-08-11 11:00:00,25.73,810.0,19.7,0.0819,0.0,1.9,21.2517952,0.08,730.1759167926595,403.20606089366464,-414.5730910854145,-40.15988030619871,21.729681281084435,700.3786875757953
2025-08-11 12:00:00,26.53,837.0,20.3,0.0819,0.0,1.4000125035155935,21.5077952,0.08,754.5151140190815,409.1332125070659,-416.0164666678444,-32.637523440493815,20.56028547263076,735.5546218904398
2025-08-11 13:00:00,27.63,812.0,20.7,0.0819,0.0,1.7999856943875971,21.7637952,0.08,731.978820290913,416.11251137957925,-417.46360791069566,-35.60253001798437,26.179656677367333,721.2048504191797
2025-08-11 14:00:00,28.33,739.0,21.0,0.0819,0.0,1.7999743609285106,21.911881599999997,0.08,666.1728426046609,420.72292110570663,-418.3024465965839,-34.36343627867176,27.98409792425377,662.2139787593658
2025-08-11 15:00:00,28.73,615.0,21.0,0.0819,0.0,1.5999517648979296,22.059881599999997,0.08,554.3928257129451,422.8793847528808,-419.142058280079,-33.371888370019335,27.016399028879814,551.7746628446074
2025-08-11 16:00:00,28.93,462.0,21.5,0.0819,0.0,1.6000320809283792,22.207881599999997,0.08,416.4707080965539,425.3882232510483,-419.98293327370226,-31.70834392330058,27.162742785831508,417.33039693643093
2025-08-11 17:00:00,28.03,292.0,21.2,0.0819,0.0,1.3000227767235464,22.119071199999997,0.08,263.2239107450081,419.678832387322,-419.478197529774,-30.688954997954344,22.44499196082791,255.1805825654297
2025-08-11 18:00:00,27.33,125.0,21.4,0.0815,0.0,1.1000118408453612,22.0300712,0.08,112.6805446963774,416.4839129824105,-418.97284077172196,-27.593975774684466,19.333339866502893,101.9309809988844
2025-08-11 19:00:00,25.83,15.0,22.4,0.0808,0.0,1.4000125035155935,21.9410712,0.08,13.521471446436015,411.19030895327023,-418.4679407639933,-25.151792860164953,16.7401418109732,-2.1678114134787947
2025-08-11 20:00:00,24.03,0.0,21.9,0.0791,0.0,1.7000052764623996,21.814434666666667,0.08,0.0,400.414754935528,-417.7503142073894,-31.520828855717514,11.100079980948642,-37.756308146630296
2025-08-11 21:00:00,22.93,0.0,21.5,0.0768,0.0,1.199970970482203,21.687768,0.08,0.0,393.66798950277024,-417.03344060411587,-29.882835312517447,5.631816144460154,-47.61647026940292
2025-08-11 22:00:00,21.53,0.0,21.7,0.0745,0.0,0.7999639054357391,21.561101333333333,0.08,0.0,387.027660652448,-416.31749003132927,-25.422779377588167,-0.13200908222542646,-54.84461783869487
2025-08-11 23:00:00,21.23,0.0,21.1,0.0726,0.0,1.199970970482203,21.462412266666668,0.08,0.0,383.9512717607461,-415.76031483098427,-32.02226926102965,-1.1173865431530552,-64.94869887442086
2025-08-12 00:00:00,20.93,0.0,21.3,0.0725,0.0,0.6,21.3637456,0.08,0.0,382.95958251292944,-415.20382536078546,-24.857228172376004,-1.7594700378597548,-58.860941058091775
2025-08-12 01:00:00,20.43,0.0,21.0,0.0726,0.0,0.39997639930375894,21.265078933333335,0.08,0.0,379.685854611223,-414.6478947177416,-24.56015584607085,-3.230174832909317,-62.75237078549877
2025-08-12 02:00:00,20.33,0.0,20.6,0.0736,0.0,0.9999752496937112,21.1980536,0.08,0.0,378.1564882032402,-414.2705635789531,-31.690497951933118,-4.047756214110534,-71.85232954175655
2025-08-12 03:00:00,19.63,0.0,20.5,0.076,0.0,0.5,21.1310536,0.08,0.0,374.4529329150558,-413.8936325008735,-28.004726097478088,-6.189466225785155,-73.63489190908093
2025-08-12 04:00:00,19.13,0.0,20.5,0.0778,0.0,0.3,21.0640536,0.08,0.0,372.01071279399514,-413.51695869915835,-26.156678175408967,-7.6220736818446255,-75.28499776241681
2025-08-12 05:00:00,18.73,14.0,20.2,0.0775,0.0,0.39997639930375894,21.033690933333332,0.08,12.61918855656697,369.27004150755215,-413.34634455899294,-29.066947868319474,-9.539899493714232,-70.0639618569075
2025-08-12 06:00:00,19.63,122.0,20.7,0.0783,0.0,0.3,21.0033576,0.08,109.96901097986158,374.9952499189338,-413.17594797351853,-23.773822319887906,-5.269222464999797,42.745268140389136
2025-08-12 07:00:00,21.73,292.0,21.1,0.0794,0.0,1.099958917414646,20.973024266666666,0.08,263.2104359054462,386.5397497661996,-413.0056040762849,-24.81738946720529,3.4006074291151367,215.32779955727074
2025-08-12 08:00:00,23.33,466.0,22.2,0.0799,0.0,1.300008557664141,21.140865599999998,0.08,420.05930711942085,397.57082971163544,-413.9488171307081,-19.096352088519254,9.827248484190438,394.4122160960193
2025-08-12 09:00:00,25.43,618.0,23.1,0.0799,0.0,1.3999683210701592,21.3088656,0.08,557.0743600854122,410.86529335341373,-414.8945387756217,-14.013872172926698,17.561539554000348,556.5927820442779
2025-08-12 10:00:00,27.53,735.0,23.0,0.0799,0.0,1.6999344840316641,21.4768656,0.08,662.5398942763399,421.8585499507029,-415.8418799667826,-16.468194418531624,26.007343223426908,678.0957130651555
2025-08-12 11:00:00,28.93,802.0,23.2,0.0799,0.0,1.7999626051671185,21.727133066666667,0.08,722.9346873600333,430.0143595277972,-417.25612942755816,-17.38306425279549,30.354779821455516,748.6646330289324
2025-08-12 12:00:00,30.03,826.0,24.6,0.0799,0.0,2.299983532549744,21.9774664,0.08,744.5686430915057,439.74918506923666,-418.67435678129937,-12.338175031746049,37.95685933216219,791.2621556798592
2025-08-12 13:00:00,30.73,794.0,25.1,0.0799,0.0,1.8999976973670256,22.227799733333335,0.08,715.7233687828759,444.9542297999293,-420.0961964158627,-10.15321257193355,34.8948627584328,765.3230523534419
2025-08-12 14:00:00,31.13,712.0,25.2,0.0799,0.0,2.0000413620722948,22.329585333333334,0.08,641.8073533670121,447.4709543486218,-420.67535117075886,-10.757333090528503,36.788345944308766,694.6339693986553
2025-08-12 15:00:00,31.73,592.0,25.5,0.0799,0.0,2.0999712021834966,22.431252,0.08,533.6375747096505,451.6457166437069,-421.2544267734871,-10.010386290094834,39.23164492206187,593.2501232118373
2025-08-12 16:00:00,31.73,459.0,23.9,0.0799,0.0,2.600019778770923,22.532918666666667,0.08,413.74940336440807,447.4840604013627,-421.83410001025374,-24.647787780987883,45.02259963259411,459.7741756071232
2025-08-12 17:00:00,31.03,280.0,24.5,0.0799,0.0,1.8999826130783408,22.43141466666667,0.08,252.39615020051036,445.1092674892912,-421.2553537732143,-15.851427195827569,35.13619971781217,295.53483643857186
2025-08-12 18:00:00,28.73,112.0,26.3,0.0796,0.0,1.4999516158863258,22.329748000000002,0.08,100.95784044990627,436.6681042075989,-420.67627721459957,-3.6397439084432963,25.40303839895363,138.71296193341598
2025-08-12 19:00:00,26.73,11.0,24.8,0.0808,0.0,1.899972052426035,22.228081333333336,0.08,9.915745727386412,422.0763092740806,-420.09779787977135,-14.186680062421946,21.82473577369047,19.532312832964184
2025-08-12 20:00:00,25.53,0.0,20.2,0.0834,0.0,1.90001243416984,22.094773333333332,0.08,0.0,403.6262611110263,-419.34018487116197,-48.085265881739495,17.334964857849226,-46.46422478402596
2025-08-12 21:00:00,24.03,0.0,17.8,0.0874,0.0,1.5999976406232606,21.96144,0.08,0.0,388.82250514747216,-418.5834533643756,-62.89518315374124,10.148146151658104,-82.50798521898659
2025-08-12 22:00:00,22.53,0.0,16.9,0.0921,0.0,1.500003533329172,21.828106666666667,0.08,0.0,378.54790176631633,-417.82774650494645,-69.66930066275847,3.5294837480143033,-105.41966165337429
2025-08-12 23:00:00,21.83,0.0,16.4,0.0975,0.0,1.4000345852870921,21.746398666666664,0.08,0.0,373.5630717021317,-417.36514773924006,-72.2351342840476,0.4190133313919228,-115.61819698976403
2025-08-13 00:00:00,20.93,0.0,16.4,0.1015,0.0,1.3,21.664731999999997,0.08,0.0,369.2373300082598,-416.9031669269198,-71.55295276566042,-3.6976616431798055,-122.91645132750025
2025-08-13 01:00:00,20.13,0.0,17.0,0.1048,0.0,1.199970970482203,21.58306533333333,0.08,0.0,367.302141960221,-416.4415697451364,-66.05673715184831,-7.3157617886886115,-122.51192672545235
2025-08-13 02:00:00,20.03,0.0,16.7,0.1062,0.0,0.9999833698617192,21.5200504,0.08,0.0,365.9059890090798,-416.08565816076054,-64.14489193937992,-7.1204617915513255,-121.44502288261198
2025-08-13 03:00:00,19.73,0.0,16.4,0.1069,0.0,0.6999586987815781,21.4570504,0.08,0.0,363.5310022668174,-415.73005902302583,-60.78555722005512,-7.647906248160095,-120.63252022442367
2025-08-13 04:00:00,18.73,0.0,16.7,0.1076,0.0,0.899977699723721,21.394050399999998,0.08,0.0,359.7077714556896,-415.3746878631774,-63.86821517988838,-12.961824645500105,-132.4969562328763
2025-08-13 05:00:00,18.83,14.0,16.7,0.1104,0.0,0.7000172926435461,21.3600272,0.08,12.62781033022862,360.2204907604033,-415.18286415719353,-59.72570196995896,-11.581613552947355,-113.64187858946792
2025-08-13 06:00:00,19.93,112.0,17.6,0.1116,0.0,0.4,21.326027200000002,0.08,101.02504384664267,368.2489399445309,-414.99123763256637,-46.128751190978065,-5.545612132696694,2.608382834932452
2025-08-13 07:00:00,22.33,272.0,18.9,0.1114,0.0,0.5000659156551265,21.292027200000003,0.08,245.34549782907976,383.8985987583465,-414.79967744912136,-34.962779349044276,3.790127306254652,183.2717670955153
2025-08-13 08:00:00,24.83,440.0,17.7,0.1113,0.0,1.3000136614666786,21.438216266666668,0.08,396.8815841584159,392.87439412078373,-415.6237953310981,-50.010684448677445,14.467736769315989,338.58923526873997
2025-08-13 09:00:00,26.63,589.0,17.8,0.1113,0.0,1.3000089230462997,21.584549600000003,0.08,531.2801206120612,402.42818778290615,-416.44995571103897,-47.176013194054754,19.97032212024733,490.05266161012105
2025-08-13 10:00:00,28.03,699.0,19.4,0.1113,0.0,1.3000184037158857,21.730882933333334,0.08,630.5005166516653,414.7924761972555,-417.27734713580486,-36.71746621164405,23.46438985806081,614.7625693595327
2025-08-13 11:00:00,29.63,775.0,20.3,0.1113,0.0,1.2999980499985375,22.017104266666667,0.08,699.0527902790279,426.10526967070655,-418.8992505017175,-31.98723652375143,26.49864016291404,700.7702130871796
2025-08-13 12:00:00,30.93,809.0,19.3,0.1113,0.0,0.9999988499993387,22.3034376,0.08,729.7209126912691,430.0879888509865,-420.52651481073366,-33.02166182675331,24.99902249321595,731.2597473979846
2025-08-13 13:00:00,32.33,791.0,19.3,0.1113,0.0,1.299994161525351,22.589770933333334,0.08,713.4848478847885,437.7735338933913,-422.15851549917716,-37.346664769263135,30.051132429587394,721.8043339393267
2025-08-13 14:00:00,33.23,717.0,16.6,0.1113,0.0,1.8,22.796168266666665,0.08,646.7365814581459,433.3372314014015,-423.3378514341606,-60.311014212419195,37.704153599994655,634.1291008129623
2025-08-13 15:00:00,33.43,596.0,16.0,0.1113,0.0,1.9999806124060302,23.0025016,0.08,537.5941458145815,432.1502593839245,-424.5192897380363,-70.25456109718138,40.43498002213072,515.405534385419
2025-08-13 16:00:00,32.83,442.0,16.4,0.1113,0.0,1.9999689222585437,23.208834933333332,0.08,398.68559135913597,430.41386356724394,-425.7031991596953,-72.67743520743208,38.75035759608312,369.46917815533556
2025-08-13 17:00:00,30.53,270.0,19.7,0.1113,0.0,1.600004649993243,23.090428266666667,0.08,243.5409720972097,429.1664315658095,-425.0234972873781,-49.89696491985153,29.06925745243264,226.85619890822224
2025-08-13 18:00:00,28.93,111.0,20.3,0.1111,0.0,1.5999765623283362,22.9717616,0.08,100.12197649425592,422.31612424915465,-424.3431198569764,-48.36412818033982,24.92176782554365,74.65262053163804
2025-08-13 19:00:00,25.83,12.0,19.2,0.1111,0.0,2.19998794769426,22.853094933333335,0.08,10.823997458838479,402.63140448529504,-423.66355961459,-71.38196065778718,16.449797873895033,-65.14032045434858
2025-08-13 20:00:00,23.63,0.0,17.7,0.1108,0.0,1.1999938208174241,22.638838133333334,0.08,0.0,386.8015704017277,-422.43865755315124,-67.04406056117523,4.539851583563356,-98.14129612903541
2025-08-13 21:00:00,22.13,0.0,17.5,0.1093,0.0,1.300015465292625,22.4245048,0.08,0.0,378.68117579273536,-421.2159773883794,-71.31596221956858,-1.4580475847700227,-115.30881139998262
2025-08-13 22:00:00,21.53,0.0,17.3,0.1071,0.0,1.0999883863023283,22.21017146666667,0.08,0.0,375.0760806294802,-419.9959532831124,-67.48269007255836,-3.237329628536306,-115.63989235472684
2025-08-13 23:00:00,20.63,0.0,17.2,0.1048,0.0,0.6,22.088763733333334,0.08,0.0,370.3408069352506,-419.3060554050322,-59.596830790563885,-6.195394904747606,-114.7574741650931
2025-08-14 00:00:00,20.13,0.0,16.9,0.1036,0.0,0.9000105443826755,21.9674304,0.08,0.0,366.97713062083585,-418.61742980705594,-66.8621344321295,-8.65764862250913,-127.16008224085871
2025-08-14 01:00:00,21.53,0.0,16.8,0.1,0.0,2.0999712021834966,21.846097066666665,0.08,0.0,373.41474299047877,-417.92965275398734,-84.38333308975247,-1.898643498776246,-130.79688635203726
2025-08-14 02:00:00,21.73,0.0,17.5,0.0966,0.0,1.4999974966645777,21.7850488,0.08,0.0,376.53991400834946,-417.58392178804706,-66.41434970925799,-0.284560122299898,-107.74291761125549
2025-08-14 03:00:00,22.03,0.0,17.5,0.0931,0.0,1.9999806124060302,21.7240488,0.08,0.0,377.9765461741824,-417.2386784614562,-73.15766853660298,1.7621023427940106,-110.65769848108278
2025-08-14 04:00:00,22.43,0.0,17.2,0.0899,0.0,2.699972625787158,21.6630488,0.08,0.0,378.9802341790199,-416.89364925517475,-85.77963006231096,5.057247424688353,-118.63579771377748
2025-08-14 05:00:00,20.43,12.0,17.7,0.0867,0.0,1.5000377728577372,21.63369013333333,0.08,10.818488266346105,370.66663375253734,-416.7276665806764,-65.59523610882611,-6.479260284168095,-107.31704095478716
2025-08-14 06:00:00,20.83,108.0,18.6,0.0892,0.0,0.6999830355087185,21.604356799999998,0.08,97.37141637010677,375.2952280440007,-416.56187663540095,-45.74712790109082,-3.2919625844171776,7.065677293198505
2025-08-14 07:00:00,23.53,272.0,18.5,0.0873,0.0,1.9999898399741936,21.575023466666664,0.08,245.2220998588383,388.43951193641874,-416.3961361631549,-59.120370704334036,10.660222494447149,168.80532742221524
2025-08-14 08:00:00,25.23,448.0,18.3,0.0869,0.0,2.199990004522748,21.727211466666667,0.08,403.89189315770216,396.4714643931429,-417.25657302660267,-62.4491660167761,19.013279859971348,339.6708983674377
2025-08-14 09:00:00,26.43,602.0,18.5,0.0869,0.0,1.5000344062720696,21.8795448,0.08,542.7297314306622,403.2807349003242,-418.11916629267847,-49.89632579223427,19.62644577039704,497.62142001647067
2025-08-14 10:00:00,27.83,714.0,19.4,0.0869,0.0,2.3,22.031878133333333,0.08,643.7027047200879,413.39197760912145,-418.98309629540535,-54.31030904100639,29.76056305416617,613.5618400469637
2025-08-14 11:00:00,28.83,783.0,19.5,0.0869,0.0,2.2000129567800277,22.285130666666667,0.08,705.909268621609,419.0207837325812,-420.42233283027804,-53.724702598402374,31.824544265599002,682.6075611911087
2025-08-14 12:00:00,29.73,832.0,20.2,0.0869,0.0,1.799964277423305,22.538464,0.08,750.0849444357327,425.9975072944781,-421.865735055178,-44.78368280610341,30.322193307219024,739.7552271761483
2025-08-14 13:00:00,30.43,810.0,20.9,0.0869,0.0,2.500024039884417,22.791797333333335,0.08,730.2509675395955,431.9031382757955,-423.3128507316313,-51.56010211042114,38.60092262297154,725.8820755963104
2025-08-14 14:00:00,30.93,736.0,19.2,0.0869,0.0,2.4999962499971877,22.902578133333336,0.08,663.536681616225,429.4163468090393,-423.94683236311226,-64.97294343694813,39.98675082674482,644.0200034519487
2025-08-14 15:00:00,30.93,610.0,20.4,0.0869,0.0,1.7999626051671185,23.0132448,0.08,549.9420866656212,433.1515271154068,-424.5808715805004,-47.01140729657691,32.31258945720498,543.8139243611556
2025-08-14 16:00:00,30.63,458.0,20.5,0.0869,0.0,1.800030338633213,23.123911466666666,0.08,412.9073372014009,431.8076211163506,-425.2156217163431,-48.444667543556044,31.21017122864526,402.2648402864977
2025-08-14 17:00:00,29.53,247.0,19.9,0.0869,0.0,1.700024382178091,23.039401066666667,0.08,222.6814678793581,424.00657573139716,-424.73083174578755,-52.00821316014247,27.359806204027926,197.30880490885315
2025-08-14 18:00:00,28.83,121.0,20.6,0.0863,0.0,1.7,22.9547344,0.08,109.08552448137115,422.3111622856386,-424.2455611608189,-47.91881257071933,25.437915343946166,84.67022837941771
2025-08-14 19:00:00,26.53,15.0,21.1,0.0845,0.0,2.800009151770758,22.870067733333336,0.08,13.52249804228661,411.4288102906218,-423.76070652428166,-62.49113429735863,22.646347894764382,-38.65418459396749
2025-08-14 20:00:00,25.43,0.0,19.9,0.0811,0.0,1.999984484939821,22.746432266666666,0.08,0.0,402.21886244145816,-423.05343868628,-61.65109388866339,14.269617122748615,-68.21605301073662
2025-08-14 21:00:00,23.83,0.0,19.5,0.0801,0.0,1.1000118408453612,22.6227656,0.08,0.0,392.8195569903603,-422.3468784072891,-52.40272071529159,5.322360710306122,-76.6076814219143
2025-08-14 22:00:00,22.83,0.0,19.5,0.0794,0.0,1.200019333177595,22.499098933333332,0.08,0.0,387.7365007446893,-421.64120354125885,-54.45117554796869,1.5562660405677018,-86.79961230397053
2025-08-14 23:00:00,22.53,0.0,19.4,0.0781,0.0,1.1000118408453612,22.399746133333334,0.08,0.0,385.9263465415436,-421.074910965851,-52.919599261045086,0.600332692546076,-87.46783099280644
2025-08-15 00:00:00,21.73,0.0,19.5,0.0753,0.0,0.7999882811641681,22.3004128,0.08,0.0,382.16845046951914,-420.50929979763595,-48.16760490058967,-2.4783172712569854,-88.98677149996347
2025-08-15 01:00:00,20.93,0.0,19.3,0.0745,0.0,0.5,22.201079466666666,0.08,0.0,377.62188561293425,-419.94425864107797,-45.47417011321653,-5.186843181082137,-92.98338632244239
2025-08-15 02:00:00,20.43,0.0,19.3,0.0764,0.0,0.8999679383178046,22.124727733333334,0.08,0.0,375.17056230302774,-419.51033170765805,-51.337905604229285,-7.940202968321706,-103.61787797718131
2025-08-15 03:00:00,20.53,0.0,19.2,0.078,0.0,0.3999395954391113,22.0483944,0.08,0.0,375.4006112045712,-419.076845592986,-43.63574959290503,-6.066128365910306,-93.37811234723013
2025-08-15 04:00:00,20.13,0.0,19.0,0.081,0.0,0.4999992499994375,21.97206106666667,0.08,0.0,372.90493955486005,-418.6436955107506,-46.21676992793603,-7.71236015459619,-99.66788603842278
2025-08-15 05:00:00,19.43,13.0,19.2,0.0906,0.0,0.4999992499994375,21.939359466666666,0.08,11.720972661569078,370.1413854350417,-418.4582345179369,-45.94720180590549,-10.8175166940998,-93.36059492133141
2025-08-15 06:00:00,20.13,118.0,19.3,0.1029,0.0,0.39997639930375894,21.9066928,0.08,106.41761362078961,373.9960415439846,-418.2730331711149,-42.166504756994776,-7.183457970706242,12.790659265958276
2025-08-15 07:00:00,22.63,293.0,19.9,0.1043,0.0,0.49997049912969865,21.87402613333333,0.08,264.24810180935805,388.1519372012709,-418.08789330593885,-34.98881241176397,2.7999546331356924,202.12328792606178
2025-08-15 08:00:00,24.63,450.0,20.4,0.1042,0.0,1.000036104348238,22.046195466666664,0.08,405.84094313746175,399.7834249841651,-419.06436314446097,-36.63336301994558,10.390435720168956,360.31707767738925
2025-08-15 09:00:00,26.63,600.0,21.1,0.1042,0.0,0.7999618615909136,22.218528799999998,0.08,541.1212575166156,412.2184548073065,-420.04347501969596,-28.974212969384375,15.08088611804127,519.4029104528831
2025-08-15 10:00:00,28.23,718.0,21.1,0.1042,0.0,1.3999886606683642,22.390862133333332,0.08,647.5417714948834,420.7666450963819,-421.0243016086822,-35.081922351723684,23.017700256931878,635.2198928877913
2025-08-15 11:00:00,29.53,798.0,21.4,0.1042,0.0,1.999960424608447,22.712076266666667,0.08,719.6912724970989,428.67185075099434,-422.85705937818256,-42.06954558596729,31.013067406722335,714.4495856906657
2025-08-15 12:00:00,30.83,834.0,20.6,0.1042,0.0,1.8000156943760242,23.0334096,0.08,752.1585479480958,433.4490447980457,-424.696477719979,-46.24487242719455,31.99685020410949,746.6630928030776
2025-08-15 13:00:00,31.53,795.0,20.0,0.1042,0.0,2.000024999843752,23.354742933333334,0.08,716.9856662095158,435.46768758053315,-426.541890615834,-55.85843303600048,35.124979134817266,705.1780092730315
2025-08-15 14:00:00,32.03,723.0,18.2,0.1042,0.0,1.9999689222585437,23.420281066666668,0.08,652.0511153075219,432.36502974945125,-426.91901238081493,-66.95597385034583,36.29559512408664,626.836753949899
2025-08-15 15:00:00,31.83,588.0,17.5,0.1042,0.0,1.999957784554464,23.4856144,0.08,530.2988323662834,428.8638344853927,-427.2952045232583,-72.96430943761243,35.58853234327144,494.4916852340768
2025-08-15 16:00:00,30.83,387.0,17.7,0.1042,0.0,4.79994940077497,23.55094773333333,0.08,349.02321109821713,424.15503645737056,-427.6716452304603,-138.2696892944381,59.28082649682257,266.5177395275118
2025-08-15 17:00:00,28.63,154.0,16.7,0.1042,0.0,2.299949025522088,23.349494666666665,0.08,138.8877894292647,409.02792188401196,-426.5117016694459,-93.8985460300035,27.611533893641184,55.11699750746844
2025-08-15 18:00:00,27.53,107.0,17.2,0.1043,0.0,1.600004649993243,23.147828,0.08,96.50016004642085,405.01369908947913,-425.35289310576377,-74.66797913966205,19.613657183846005,21.106644074320148
2025-08-15 19:00:00,26.43,16.0,18.3,0.1062,0.0,1.9000486967443755,22.946161333333336,0.08,14.430506283662478,402.9097818282332,-424.1964474613125,-73.08930754289183,17.548953526033383,-62.39651336627533
2025-08-15 20:00:00,24.33,0.0,19.0,0.1101,0.0,1.3999685460752322,22.844414666666665,0.08,0.0,394.29303446386064,-423.61388298464624,-62.70384260803316,7.058478768020127,-84.96621236079865
2025-08-15 21:00:00,22.93,0.0,18.9,0.1129,0.0,1.3999752926391238,22.742748,0.08,0.0,386.93519835609084,-423.03237610022035,-65.35950902509994,0.9348918630145382,-100.52179490621491
2025-08-15 22:00:00,22.13,0.0,18.7,0.1152,0.0,0.6,22.641081333333332,0.08,0.0,382.37200942391075,-422.45146810969374,-53.47809568933508,-2.080527120114291,-95.63808149523236
2025-08-15 23:00:00,21.33,0.0,18.9,0.1157,0.0,1.0000401791928162,22.55473573333333,0.08,0.0,378.97588331531665,-421.95857239046336,-59.68469013730717,-5.792291883275796,-108.45967109572968
2025-08-16 00:00:00,21.13,0.0,18.5,0.1181,0.0,0.7000172926435461,22.4684024,0.08,0.0,376.86695693418534,-421.46617804325246,-56.66248403411498,-5.830253056020347,-107.09195819920245
2025-08-16 01:00:00,20.53,0.0,18.7,0.1391,0.0,0.2,22.382069066666666,0.08,0.0,374.8306673038794,-420.97421476256545,-47.40006364887467,-7.027263053277128,-100.57087416083783
2025-08-16 02:00:00,19.83,0.0,19.0,0.1406,0.0,0.4999992499994375,22.312722133333335,0.08,0.0,372.26932201774144,-420.57935908091514,-51.109767959650355,-10.690391868602335,-110.11019689142638
2025-08-16 03:00:00,19.63,0.0,18.7,0.1452,0.0,0.7000034428486763,22.2433888,0.08,0.0,370.5297061802557,-420.1848585881905,-55.81191758430505,-12.003668999495453,-117.47073899173529
2025-08-16 04:00:00,19.03,0.0,18.6,0.1549,0.0,0.4999857997983543,22.174055466666665,0.08,0.0,367.5100543414346,-419.79063568959197,-53.730854314415765,-13.924538647835035,-119.93597431040814
2025-08-16 05:00:00,18.93,9.0,18.7,0.1573,0.0,0.6000508145149043,22.1360304,0.08,8.126121343680468,367.3531405749556,-419.57454651228505,-54.35366706816868,-14.657709849927091,-113.10666151174472
2025-08-16 06:00:00,19.63,101.0,19.5,0.1501,0.0,0.19996979771955564,22.0980304,0.08,91.17863311530354,372.8451241892375,-419.358683136986,-41.39811045709939,-9.64691548844785,-6.379951777992165
2025-08-16 07:00:00,22.13,262.0,19.5,0.152,0.0,0.7999553050014732,22.0600304,0.08,236.53269264069263,385.30870830981763,-419.1429030657,-44.364389076161636,0.29566925450736875,158.62977806315592
2025-08-16 08:00:00,23.63,427.0,20.3,0.1532,0.0,1.9999704497816961,22.1739088,0.08,385.5043305176522,395.1986047793474,-419.7898020506752,-53.078385489367676,8.074880391411169,315.9096281483679
2025-08-16 09:00:00,25.13,581.0,21.2,0.1532,0.0,2.4999805139240587,22.2879088,0.08,524.5386792289365,405.4611033722439,-420.4381415196025,-50.506071622554096,16.896953024475206,475.952522483499
2025-08-16 10:00:00,26.43,712.0,20.9,0.1532,0.0,2.6999857499623956,22.4019088,0.08,642.8081576781459,411.4787890579922,-421.08723168897785,-55.25527656256091,24.119006171799775,602.0634446563992
2025-08-16 11:00:00,27.33,780.0,20.4,0.1532,0.0,1.8999581995401897,22.603505333333334,0.08,704.1999480181936,414.82830791448384,-422.23691601544806,-50.37989380309211,22.716030371973773,669.1274764861109
2025-08-16 12:00:00,28.03,678.0,20.2,0.1532,0.0,2.1999506176275867,22.805172000000002,0.08,612.1122625081221,417.97826689789713,-423.38935414451015,-57.6704972046525,26.687610808907255,575.7182888657637
2025-08-16 13:00:00,28.93,779.0,21.1,0.1532,0.0,2.0000368421606636,23.006838666666667,0.08,703.2971275720165,425.45608486732607,-424.54414973257127,-49.26161786397072,27.92889718423462,682.8763420270353
2025-08-16 14:00:00,29.43,681.0,21.7,0.1532,0.0,1.6000010406246616,23.137562133333336,0.08,614.8207238466538,429.8964032957795,-425.2939670432868,-40.706902291650714,25.928884475007774,604.6451422825036
2025-08-16 15:00:00,29.13,509.0,21.5,0.1532,0.0,2.200022727155335,23.268228800000003,0.08,459.5356071041802,427.68913418759297,-426.04445069811504,-52.47588739320114,29.24745704755251,437.9518602480095
2025-08-16 16:00:00,28.63,362.0,21.7,0.1532,0.0,1.4000163606186893,23.39889546666667,0.08,326.821001516136,425.53028418603793,-426.79592715576587,-42.803182476700414,21.212363605201006,303.96453967490874
2025-08-16 17:00:00,28.53,201.0,20.5,0.1532,0.0,2.3999549079097298,23.280428266666668,0.08,181.4669096816114,421.54706497841045,-426.11456896183046,-64.68885883848561,28.170148265668765,140.38069512537456
2025-08-16 18:00:00,27.43,88.0,20.8,0.1535,0.0,4.499966520986573,23.1617616,0.08,79.44872569726509,416.52118738959905,-425.43288174864483,-93.8675162121874,35.46649603470484,12.136011160736764
2025-08-16 19:00:00,24.33,7.0,17.7,0.1638,0.0,5.300021732974309,23.043094933333332,0.08,6.321231020585993,391.2949613256765,-424.7520127721181,-155.2844079407783,12.760243999308187,-169.65998436732573
2025-08-16 20:00:00,20.93,0.0,17.9,0.1944,0.0,5.199960763313508,22.899448266666667,0.08,0.0,375.62695411723314,-423.92891084397183,-155.77124631371805,-20.46117807440475,-224.5343811148615
2025-08-16 21:00:00,19.93,0.0,18.8,0.231,0.0019,2.3000122825758997,22.7557816,0.08,0.0,374.3148090844586,-423.10689142537103,-89.4179506482476,-19.034690509759056,-157.2447234989191
2025-08-16 22:00:00,18.73,0.0,19.9,0.2597,0.0,1.4999573993950628,22.61211493333333,0.08,0.0,372.3262053108485,-422.2860680393378,-66.19906615405515,-22.829441143573725,-138.9883700261182
2025-08-16 23:00:00,18.03,0.0,19.7,0.2578,0.0,0.9,22.53706,0.08,0.0,368.3021900139131,-421.85772534084543,-59.221192006138395,-23.473313884483815,-136.25004121755455
2025-08-17 00:00:00,17.83,0.0,19.4,0.2721,0.0,0.5999645989556384,22.46206,0.08,0.0,366.99022446625133,-421.43002173954955,-56.28382397408889,-22.40489622399826,-133.12851747138535
2025-08-17 01:00:00,17.73,0.0,19.5,0.3108,0.0,0.2999995499996625,22.38706,0.08,0.0,368.16250577904395,-421.0026434435804,-50.25339598788373,-20.71095764360508,-123.80449129602523
2025-08-17 02:00:00,17.73,0.0,19.6,0.3258,0.0,0.6999586987815781,22.329379466666666,0.08,0.0,369.0200543599053,-420.6741791961553,-54.620146444153235,-22.823500465713117,-129.09777174611634
2025-08-17 03:00:00,17.53,0.0,19.3,0.3574,0.0,0.5000659156551265,22.2717128,0.08,0.0,368.55651252193,-420.3459860809166,-53.48379492373224,-22.409202888450473,-127.68247137116927
2025-08-17 04:00:00,18.03,0.0,19.8,0.3805,0.0,0.4999992499994375,22.214046133333333,0.08,0.0,373.42109979483007,-420.01798503546706,-48.175040679533865,-19.339534606668447,-114.11146052683931
2025-08-17 05:00:00,18.43,4.0,20.1,0.3788,0.0,0.4999857997983543,22.171367466666666,0.08,3.6317769553417225,376.12968839947814,-419.77535755895366,-44.79192170858658,-16.985406693211875,-101.79122060593227
2025-08-17 06:00:00,18.83,23.0,20.2,0.3777,0.0,0.5,22.128700799999997,0.08,20.88206336682488,378.33906610646795,-419.532903390174,-42.844649098400374,-14.704338686402004,-77.86076170168356
2025-08-17 07:00:00,19.03,37.0,18.9,0.3746,0.0,1.5000534023827288,22.08603413333333,0.08,33.589926664205734,375.6060822559962,-419.2905542642097,-65.66610326643394,-17.50258171826877,-93.26323032871042
2025-08-17 08:00:00,19.43,161.0,17.7,0.3747,0.0,1.999960952118816,22.133628533333333,0.08,146.16198720236264,374.0754175564045,-419.56089996543164,-84.60284095304445,-17.08398014727799,-1.010316306987015
2025-08-17 09:00:00,20.43,374.0,18.0,0.3747,0.0,1.0999753088137934,22.181295199999997,0.08,339.53157275579895,379.9405092015866,-419.83178716553766,-64.72770359511402,-8.68413725851438,226.2284539382196
2025-08-17 10:00:00,21.53,727.0,18.5,0.3747,0.0,1.6,22.228961866666666,0.08,659.9985384852027,386.97072627346665,-420.10280551710485,-67.30520302039017,-3.7886612965555004,555.7725949246189
2025-08-17 11:00:00,23.13,676.0,19.2,0.3747,0.0,1.300015465292625,22.408856,0.08,613.6987785639574,397.2372838806304,-421.126811752436,-56.219012230007635,3.4341061917617655,537.024344653906
2025-08-17 12:00:00,23.13,395.0,19.5,0.3747,0.0,1.2999595147542096,22.588856,0.08,358.5961797821941,398.1180933870861,-422.15329314378175,-56.59244810922457,2.595010515638521,280.5635424319124
2025-08-17 13:00:00,24.13,670.0,19.1,0.3747,0.0,1.2999980499985375,22.768856,0.08,608.2517479849873,402.1318730378078,-423.1816499011171,-59.688859139699126,6.31981921734169,533.8329311993205
2025-08-17 14:00:00,24.73,451.0,19.0,0.3747,0.0,1.5000192865426762,22.792647733333332,0.08,409.4351318525811,404.9665939607691,-423.31771473127793,-62.70310063291879,9.297073017082074,337.6779834662355
2025-08-17 15:00:00,25.23,341.0,18.9,0.3747,0.0,1.899983002555549,22.8163144,0.08,309.5729045714637,407.28673295785336,-423.4530968562747,-69.51815337699321,12.638328471536298,236.52671576758542
2025-08-17 16:00:00,25.33,374.0,18.3,0.3747,0.0,1.7999874221782775,22.839981066666667,0.08,339.53157275579895,405.9381433427099,-423.58851145130626,-72.4892621755405,12.67534645005508,262.06728892171714
2025-08-17 17:00:00,24.53,207.0,17.9,0.3747,0.0,1.6000010406246616,22.766725333333333,0.08,187.92255497446627,400.49252329334377,-423.1694662272422,-72.740485141576,8.750530779431735,101.25565767842357
2025-08-17 18:00:00,23.83,108.0,17.8,0.3741,0.0,1.3000227767235464,22.693392,0.08,98.04488295713142,396.5263143269486,-422.7502885916089,-68.50860728212939,5.324776947137827,8.637078357479488
2025-08-17 19:00:00,22.53,6.0,18.3,0.3703,0.0,1.5000066033187989,22.62005866666667,0.08,5.446352825673436,391.23738329492244,-422.33142245071815,-70.83900066560803,-0.46612155307102787,-96.95280854880133
2025-08-17 20:00:00,21.43,0.0,18.1,0.3527,0.0,2.0999777189294178,22.53939786666667,0.08,0.0,384.23604536751435,-421.87106275739075,-84.8424329565089,-6.827247336418155,-129.30469768280346
2025-08-17 21:00:00,20.43,0.0,17.6,0.3349,0.0,1.7,22.4587312,0.08,0.0,376.9467828195234,-421.41104608371944,-83.1533772083061,-11.764803732546634,-139.38244420504878
2025-08-17 22:00:00,19.73,0.0,17.3,0.3101,0.0,1.7000419906578779,22.378064533333333,0.08,0.0,371.5826435033713,-420.9514057212042,-86.2964046566108,-15.661421247646386,-151.3265881220901
2025-08-17 23:00:00,19.03,0.0,17.2,0.3166,0.0,1.5999968031218064,22.312385866666666,0.08,0.0,368.115813278688,-420.57744508341534,-86.0310566768527,-19.36834872822898,-157.861037209809
2025-08-18 00:00:00,19.13,0.0,16.6,0.2984,0.0,1.9000018736832867,22.2467192,0.08,0.0,366.0507485848103,-420.2038019197736,-95.98231869040264,-19.52404730139859,-169.65941932676446
2025-08-18 01:00:00,18.33,0.0,16.3,0.2369,0.0,1.7999666358018975,22.181052533333336,0.08,0.0,359.2684946023835,-419.8304077713234,-97.88364834833367,-24.143416246440918,-182.5889777637145
2025-08-18 02:00:00,17.23,0.0,16.3,0.2177,0.0,1.5999968031218064,22.120714933333335,0.08,0.0,353.5483858513284,-419.4875352176882,-95.88395302525299,-30.320949248762197,-192.14405164037498
2025-08-18 03:00:00,16.93,0.0,16.2,0.1791,0.0,1.4999516158863258,22.0603816,0.08,0.0,350.92386235620995,-419.14489694650325,-94.56240181775782,-31.36063131001956,-194.14406771807066
2025-08-18 04:00:00,16.13,0.0,16.2,0.1419,0.0,0.7999639054357391,22.000048266666667,0.08,0.0,346.5058734724615,-418.80246861891936,-81.6740490700912,-31.287367783937892,-185.25801200048699
2025-08-18 05:00:00,15.83,7.0,16.2,0.1309,0.0,0.7000092856526976,21.948374666666666,0.08,6.316668022042695,344.94689355440113,-418.50935638094626,-79.7126972856351,-32.08942430696872,-179.0479163971063
2025-08-18 06:00:00,16.73,50.0,16.4,0.1213,0.0,0.7000357133746821,21.896708,0.08,45.10976206951616,349.57661454464517,-418.2164373253736,-74.8664155564185,-26.184221259718484,-124.58069752734927
2025-08-18 07:00:00,17.83,165.0,16.1,0.1209,0.0,1.3000417608677037,21.84504133333333,0.08,148.86094353679954,353.7791161958885,-417.9236720595351,-85.2047564033479,-22.65512962342911,-23.14349835362406
2025-08-18 08:00:00,18.53,290.0,16.2,0.1208,0.0,1.999960952118816,21.902287466666667,0.08,261.6338271604938,357.3865203731037,-418.2480621516156,-97.21144109303307,-21.728384863757526,81.83245942519127
2025-08-18 09:00:00,19.83,554.0,17.0,0.1208,0.0,1.5999975999982001,21.9596208,0.08,499.81082843763306,366.0796342629145,-418.5731356073191,-79.72767457798258,-12.10983884390559,355.4798136713403
2025-08-18 10:00:00,21.33,679.0,17.5,0.1208,0.0,1.3999300053931267,22.016954133333332,0.08,612.5840297999148,374.90876206561,-418.8983985179791,-69.1124452147269,-3.5413569231761737,495.94059120964266
2025-08-18 11:00:00,22.93,809.0,17.5,0.1208,0.0,1.399997899998425,22.252478133333334,0.08,729.868159216688,382.82422064306564,-420.236560272313,-68.52778172308831,3.320925765023601,627.2489636293759
2025-08-18 12:00:00,24.53,843.0,17.9,0.1208,0.0,1.699967858519684,22.4881448,0.08,760.5424699872285,392.12675719953484,-421.5787390079181,-70.39148579168287,10.295624713566173,670.9946271007285
2025-08-18 13:00:00,25.63,810.0,17.6,0.1208,0.0,1.9999561995203796,22.723811466666668,0.08,730.7703448275862,396.78423562722804,-422.9241302323242,-79.14656449880519,15.332994367139756,640.8168800908246
2025-08-18 14:00:00,26.73,731.0,17.7,0.1208,0.0,2.200018081743875,22.8179248,0.08,659.4976815666241,402.77247832191705,-423.4623101223287,-80.75117047751505,20.937377350793522,578.994056639491
2025-08-18 15:00:00,27.03,610.0,17.3,0.1208,0.0,2.199956001832764,22.9119248,0.08,550.3332226479353,403.010193944033,-424.000354467718,-84.63938772598924,21.881838837346447,466.5855132356074
2025-08-18 16:00:00,26.73,452.0,16.3,0.1208,0.0,1.6999974499980874,23.0059248,0.08,407.78789612601105,398.0590937076532,-424.53891137313246,-83.5924891145568,17.613336502414835,315.3289258483898
2025-08-18 17:00:00,25.83,274.0,15.7,0.1208,0.0,1.399966071017437,22.907745333333335,0.08,247.19885738612174,391.36988326736605,-423.9764208329304,-82.18648306187839,13.104024294373954,145.50986105305296
2025-08-18 18:00:00,24.83,107.0,17.1,0.1199,0.0,0.999998499998875,22.809412,0.08,96.53200691452582,391.0754873242881,-423.4136092104093,-65.89356305460976,8.337004305443044,6.637326279237909
2025-08-18 19:00:00,22.83,7.0,17.6,0.1128,0.0,1.9000079262992562,22.711078666666666,0.08,6.314225519287834,382.515989915627,-422.8513581062506,-84.76747597881356,0.673423513753225,-118.11519513639607
2025-08-18 20:00:00,21.83,0.0,16.7,0.0966,0.0,2.000027892305505,22.584434666666667,0.08,0.0,374.52060951841014,-422.1280572621887,-95.35010766178054,-4.493881679236261,-147.45143708479537
2025-08-18 21:00:00,20.43,0.0,16.4,0.0726,0.0,1.5999976406232606,22.457767999999998,0.08,0.0,366.50935816278576,-421.4055555304342,-91.49506786125457,-11.492268241911672,-157.88353347081465
2025-08-18 22:00:00,18.73,0.0,16.6,0.0728,0.0,1.5000192865426762,22.331101333333333,0.08,0.0,359.0164591980486,-420.6839816550064,-90.51429865066581,-20.989052353581194,-173.1708734612048
2025-08-18 23:00:00,18.33,0.0,16.6,0.0705,0.0,1.2000340828493163,22.251064,0.08,0.0,357.1030913114236,-420.22851612641347,-84.23247122554343,-21.540828232542964,-168.89872427307625
2025-08-19 00:00:00,18.03,0.0,16.6,0.0709,0.0,0.6,22.171064,0.08,0.0,355.69141714556724,-419.77363273270555,-71.83504273201706,-19.652180586063704,-155.56943890521907
2025-08-19 01:00:00,17.53,0.0,16.7,0.074,0.0,0.7000092856526976,22.091064,0.08,0.0,353.67242623854577,-419.3191187360836,-73.2943885787365,-22.601181452522493,-161.54226252879687
2025-08-19 02:00:00,17.13,0.0,16.5,0.0816,0.0,0.39998981237026526,22.03837546666667,0.08,0.0,351.26509444740924,-419.01997445002615,-69.21669828586934,-22.703158020492953,-159.67473630897922
2025-08-19 03:00:00,16.83,0.0,16.4,0.0915,0.0,0.4,21.9857088,0.08,0.0,349.66541062569684,-418.7211143012532,-70.01256622589668,-24.08430904920922,-163.15257895066225
2025-08-19 04:00:00,16.43,0.0,16.3,0.0994,0.0,0.4,21.933042133333334,0.08,0.0,347.5944971171803,-418.422414049366,-71.0911100719393,-26.06218387842311,-167.98121088254808
2025-08-19 05:00:00,16.13,10.0,16.4,0.1237,0.0,0.19996979771955564,21.900359466666668,0.08,9.022415391994885,346.82951262814316,-418.23713390342766,-66.85227599878687,-26.097528222716512,-155.33501010479296
2025-08-19 06:00:00,17.03,98.0,16.8,0.1429,0.0,0.3,21.8676928,0.08,88.45639050131926,352.5247635536846,-418.0520059565872,-63.18152982724774,-21.676730539145424,-61.92911226797652
2025-08-19 07:00:00,18.93,279.0,17.3,0.1513,0.0,1.1999450154069562,21.835026133333333,0.08,251.87634651376644,363.1781194775227,-417.86693947514595,-70.38683552512045,-15.41002895035593,111.3906620406668
2025-08-19 08:00:00,20.73,459.0,17.8,0.1518,0.0,0.9999904099540154,21.9409152,0.08,414.3817827074992,373.41063358950936,-418.4670561715597,-60.364657713581344,-5.723738226469854,303.2369641853977
2025-08-19 09:00:00,22.63,546.0,19.0,0.1518,0.0,1.5999704247266573,22.0469152,0.08,492.9247349853912,386.39006109614405,-419.06844874662306,-58.14216807662772,3.0215616477118483,405.1257409059962
2025-08-19 10:00:00,24.53,690.0,19.4,0.1518,0.0,2.10001344043318,22.1529152,0.08,622.9268628936263,397.22911072333517,-419.67048929949084,-59.87932162736954,13.08795909919105,553.6941217892922
2025-08-19 11:00:00,25.73,801.0,18.5,0.1518,0.0,1.5000049933250221,22.416455733333333,0.08,723.1368364895575,400.7106238722207,-421.1701126690773,-58.508121787748806,15.053393618877813,659.2226195238301
2025-08-19 12:00:00,27.13,815.0,19.2,0.1518,0.0,1.900042444262759,22.6801224,0.08,735.7759322584137,410.16701623034913,-422.67447206592976,-60.631804870868066,21.61591138753188,684.2525829394968
2025-08-19 13:00:00,28.03,747.0,20.3,0.1518,0.0,1.7999874221782775,22.943789066666668,0.08,674.3860385239693,418.24299977052664,-424.18285788609944,-52.950693933440114,23.436261910225397,638.9317483851819
2025-08-19 14:00:00,28.53,654.0,19.0,0.1518,0.0,1.5999994312498989,23.04258773333333,0.08,590.4263309165674,416.96571416436865,-424.7491043861801,-58.51004935432343,23.43290935436442,547.5658006947968
2025-08-19 15:00:00,29.03,553.0,14.8,0.1518,0.0,1.9000417784880417,23.141254399999998,0.08,499.24428286981924,404.92504004883085,-425.31515994450194,-93.08988164910019,27.03017223797585,412.7944535630238
2025-08-19 16:00:00,28.03,275.0,14.7,0.1518,0.0,1.7000419906578779,23.239921066666664,0.08,248.2679526025322,399.3954856815296,-425.88178109352464,-93.73548009266436,21.706072500229727,149.75224959810257
2025-08-19 17:00:00,26.73,131.0,15.7,0.1518,0.0,2.000042344551735,23.042158399999998,0.08,118.26582469429717,396.4994766993075,-424.7466425149082,-95.79501490237715,18.92149186122862,13.145135837547915
2025-08-19 18:00:00,25.83,43.0,14.4,0.1525,0.0,1.4,22.8441584,0.08,38.82067929634641,387.1350876785857,-423.612416452737,-90.00606559179356,13.353998118306084,-74.30871695129241
2025-08-19 19:00:00,25.33,3.0,14.4,0.162,0.0,1.9999898399741936,22.6461584,0.08,2.7089902067464635,384.8392608247134,-422.48046350165885,-104.3577960584929,14.270955630414926,-125.01905289827695
2025-08-19 20:00:00,24.03,0.0,15.6,0.1911,0.0024,3.2999950499962876,22.531425066666667,0.08,0.0,383.4339934033647,-421.8255796177669,-127.0497636336306,10.859821002102066,-154.58152884593073
2025-08-19 21:00:00,18.83,0.0,20.2,0.2329,0.0055,2.0000000899999977,22.4167584,0.08,0.0,372.787075015063,-421.1718372387382,-66.90048183841024,-23.253464779720694,-138.5387088418061
2025-08-19 22:00:00,19.03,0.0,19.9,0.2612,0.0,1.9999806124060302,22.302091733333334,0.08,0.0,373.85302394639865,-420.5188550283617,-67.38143615734057,-21.021935905309657,-135.06920314461328
2025-08-19 23:00:00,18.53,0.0,20.4,0.3116,0.0,0.7999618615909136,22.249708533333333,0.08,0.0,374.5193577759974,-420.22080580795824,-47.36107387756752,-18.339016381629115,-111.4015382911575
2025-08-20 00:00:00,18.53,0.0,20.6,0.378,0.0,0.2999546965793335,22.1973752,0.08,0.0,377.91370008795997,-419.92319855536664,-39.122337782836965,-15.634629185599728,-96.76646543584337
2025-08-20 01:00:00,18.63,0.0,20.3,0.4499,0.0001,0.4,22.145041866666666,0.08,0.0,381.35198539898425,-419.62574940851545,-41.48402099028236,-15.347974012449654,-95.1057590122632
2025-08-20 02:00:00,18.53,0.0,19.7,0.5126,0.0,1.6,22.1080296,0.08,0.0,382.98054871354134,-419.41547666686256,-61.42819493006763,-21.30952615587299,-119.17264903926184
2025-08-20 03:00:00,18.33,0.0,19.9,0.5779,0.0,0.599999099999325,22.0710296,0.08,0.0,386.95322748853124,-419.20535260987265,-46.35358351151899,-17.47551748439383,-96.08122611725423
2025-08-20 04:00:00,18.33,0.0,19.9,0.6457,0.0,0.4999864098153069,22.0340296,0.08,0.0,392.1173219577837,-418.99530751572433,-44.57345934541587,-16.790188296456122,-88.24163319981263
2025-08-20 05:00:00,18.33,2.0,19.6,0.6795,0.0001,0.6000508145149043,22.00668853333333,0.08,1.834991291177584,394.04949178092005,-418.84014588816297,-47.61356280896211,-17.131230977378173,-87.70045660240564
2025-08-20 06:00:00,18.43,25.0,19.6,0.6945,0.0001,1.0000401791928162,21.9793552,0.08,22.95218307162007,395.85285589748145,-418.6850712276714,-52.40373891220848,-18.320322897597734,-70.6040940683761
2025-08-20 07:00:00,19.03,65.0,20.0,0.6995,0.0,0.4,21.95202186666667,0.08,59.68869281045751,400.59436442419695,-418.5300396332102,-40.365652739485554,-12.436481045474508,-11.049116183515821
2025-08-20 08:00:00,19.83,154.0,19.9,0.6999,0.0,0.8999821387116524,21.975647733333336,0.08,141.41876501807553,404.58590804653016,-418.6640403690722,-46.22120841518207,-10.232781415996017,70.88664286435534
2025-08-20 09:00:00,20.43,340.0,20.0,0.6999,0.0,1.4000345852870921,21.9993144,0.08,312.22324744250443,408.08216150061634,-418.7983047716644,-51.0575336536395,-8.347708776867089,242.10186174094974
2025-08-20 10:00:00,21.43,325.0,20.1,0.6999,0.0,2.4999873299678943,22.022981066666667,0.08,298.4486924082763,413.7626726519472,-418.9326014653354,-62.5810599124333,-3.9041143733713426,226.79358930908342
2025-08-20 11:00:00,22.03,322.0,19.7,0.6999,0.0,1.8999581995401897,22.0599704,0.08,295.69378140143067,415.82584420598204,-419.1425624261831,-58.02700126062272,-0.17054295480313875,234.17951896580385
2025-08-20 12:00:00,22.33,298.0,19.7,0.6999,0.0,2.0999889166374186,22.0969704,0.08,273.6544933466656,417.4577485614767,-419.3526628793196,-60.74111629112751,1.3759129267630226,212.3943756644582
2025-08-20 13:00:00,22.63,298.0,18.8,0.6999,0.0,2.40003488516313,22.1339704,0.08,273.6544933466656,416.3040662431104,-419.56284230917043,-73.33117408695878,3.1001931971654484,200.16473639081232
2025-08-20 14:00:00,22.43,185.0,19.4,0.6999,0.0001,2.3999549079097298,22.114016,0.08,169.88617875548036,417.08741728066803,-419.44948102622277,-67.73905849604581,1.9854487038714206,101.77050521775121
2025-08-20 15:00:00,20.73,63.0,21.1,0.6999,0.0002,0.900042004575342,22.094016,0.08,57.853131143758176,412.8380349706045,-419.3358837409962,-37.7842753101653,-6.307009282403107,7.26399778079803
2025-08-20 16:00:00,19.03,30.0,20.5,0.6999,0.003,3.099978225729981,22.074016,0.08,27.549110068456272,402.0452800161279,-419.22230953104616,-70.66338671532036,-23.82955137754509,-84.12085753932743
2025-08-20 17:00:00,17.53,22.0,18.5,0.6999,0.0056,3.60002732350742,22.033698933333334,0.08,20.202680716867935,388.40700128442415,-418.99343071190054,-104.56794581764298,-39.43927675028192,-154.39097127853336
2025-08-20 18:00:00,17.33,6.0,18.4,0.6995,0.0006,1.5000641319623638,21.9933656,0.08,5.509725490196078,387.0437529536989,-418.76455333598,-72.27558584986477,-28.101691786383146,-126.58835252833289
2025-08-20 19:00:00,16.93,0.0,18.4,0.6991,0.0036,0.5999725077034781,21.953032266666668,0.08,0.0,384.9589489153414,-418.5357697419746,-58.40647812613847,-24.66115182343687,-116.64445077620853
2025-08-20 20:00:00,16.63,0.0,18.5,0.698,0.0028,1.1,21.916029599999998,0.08,0.0,383.6305642438162,-418.32596122002565,-65.46121005476756,-29.685650558246007,-129.842257589223
2025-08-20 21:00:00,16.53,0.0,18.5,0.7082,0.0009,0.6000260411015508,21.8790296,0.08,0.0,383.9830837399212,-418.1162467011405,-57.4932744502174,-26.586233696734336,-118.21267110817102
2025-08-20 22:00:00,16.53,0.0,18.5,0.7371,0.0008,0.2999995499996625,21.8420296,0.08,0.0,386.495443621291,-417.9066110424558,-52.44496718924936,-24.270571227338802,-108.12670583775297
2025-08-20 23:00:00,16.53,0.0,18.3,0.7593,0.0008,0.6,21.8060288,0.08,0.0,387.8907984165418,-417.70271235539343,-57.96030774748282,-26.151613804946418,-113.92383549128085
2025-08-21 00:00:00,16.13,0.0,17.6,0.7829,0.0011,0.7000092856526976,21.770028800000002,0.08,0.0,385.8479563562909,-417.49889281830536,-65.28040055399785,-29.07904990956956,-126.01038692558186
2025-08-21 01:00:00,16.03,0.0,17.6,0.7911,0.0008,0.5999933082960176,21.7340288,0.08,0.0,386.0996119899278,-417.295147881174,-63.333105345166004,-28.72689153986132,-123.25553277627353
2025-08-21 02:00:00,15.93,0.0,17.7,0.8022,0.0007,0.4999857997983543,21.698694933333336,0.08,0.0,386.94592513101065,-417.09524550456115,-60.67616146730654,-28.36347972006171,-119.18896156091876
2025-08-21 03:00:00,15.83,0.0,17.7,0.7882,0.0,0.2999995499996625,21.6633616,0.08,0.0,385.11160531327533,-416.89541797366985,-57.18767025599824,-27.21790242571785,-116.18938534211061
2025-08-21 04:00:00,16.13,0.0,17.2,0.7798,0.0,0.7999554300084474,21.628028266666668,0.08,0.0,384.2959937027432,-416.69566225340066,-67.99949447020265,-28.924183275492904,-129.323346296353
2025-08-21 05:00:00,15.73,4.0,17.2,0.7772,0.0,1.0999883863023283,21.59835706666667,0.08,3.6864403009486426,382.01270869374486,-416.52797265756027,-73.58500690713953,-33.59114715028242,-138.00497772028874
2025-08-21 06:00:00,15.93,27.0,17.3,0.7755,0.0,0.9999752496937112,21.5686904,0.08,24.88138750510413,383.194838094028,-416.3603592878945,-70.12019083390321,-31.294364336915283,-109.69868885958081
2025-08-21 07:00:00,16.43,73.0,17.8,0.7747,0.0,0.5000659156551265,21.539023733333334,0.08,67.2692527544275,387.25597540375077,-416.19279650979246,-56.62613662828501,-24.49398294399453,-42.787687923893735
2025-08-21 08:00:00,16.83,81.0,18.1,0.7745,0.0002,0.4999630086316386,21.5260104,0.08,74.64049204406365,390.2346217654758,-416.11931077548996,-53.44124626310239,-22.152679496399788,-26.838122725452674
2025-08-21 09:00:00,16.83,135.0,17.3,0.7745,0.0005,0.5000659156551265,21.5130104,0.08,124.4008200734394,387.72263780234334,-416.04591005076924,-58.95187404771439,-22.080669579023162,15.04500419827593
2025-08-21 10:00:00,17.23,168.0,17.6,0.7745,0.0017,0.7999527986075179,21.5000104,0.08,154.8099094247246,390.7474159738125,-415.9725190370329,-60.49300142459849,-21.488930327860214,47.60287460904556
2025-08-21 11:00:00,16.93,154.0,18.1,0.7745,0.0052,1.1000045681723327,21.5,0.08,141.90908363933087,390.7537654882113,-415.97246032810915,-61.77605912901913,-25.056204419448576,29.858125250965273
2025-08-21 12:00:00,17.53,240.0,18.3,0.7745,0.0006,1.4000121213760972,21.5,0.08,221.1570134638923,394.4982056235362,-415.97246032810915,-63.226397912103465,-22.889498793210365,113.56686205400548
2025-08-21 13:00:00,18.03,218.0,18.1,0.7745,0.0,1.9999853624464354,21.5,0.08,200.88428722970215,396.49817130514236,-415.97246032810915,-72.80292677086753,-22.421114532724722,86.18595690314314
2025-08-21 14:00:00,18.63,285.0,17.3,0.7745,0.0,2.5999771710536232,21.494337866666665,0.08,262.6239534883721,397.08507980869103,-415.94049800523646,-88.92640928036907,-20.444487988381887,134.3976380230757
2025-08-21 15:00:00,18.13,123.0,17.0,0.7745,0.0001,2.1999506176275867,21.4886712,0.08,113.3429694002448,393.4832358104662,-415.9085119362121,-86.45874861848851,-22.515199543073404,-18.056254887063016
2025-08-21 16:00:00,17.03,48.0,17.9,0.7745,0.0012,2.4000154707834693,21.483004533333332,0.08,44.23140269277846,390.6528379669984,-415.8765277120339,-82.66020610931214,-31.928336565965676,-95.58082972753486
2025-08-21 17:00:00,16.03,33.0,17.4,0.7745,0.0052,2.1000346901896645,21.453690133333332,0.08,30.40908935128519,383.93046843380404,-415.7110986355418,-84.95269002520887,-37.7280382145453,-124.05226909020672
2025-08-21 18:00:00,15.83,11.0,17.0,0.7747,0.0018,1.899960320638302,21.424356799999998,0.08,10.136462743817841,381.6558213848261,-415.5456121196661,-85.71584081392261,-37.62125308413047,-147.09042188907523
2025-08-21 19:00:00,15.63,1.0,17.4,0.7757,0.0011,0.8000206122344599,21.395023466666665,0.08,0.9215419423343951,381.9964327688398,-415.38017501643446,-64.12423525482077,-30.615452170712054,-127.20188773079312
2025-08-21 20:00:00,15.93,0.0,17.6,0.7766,0.0003,1.0000401791928162,21.361693333333335,0.08,0.0,384.2382947198485,-415.19225631379015,-64.4607657739251,-29.936980825810622,-125.35170819367737
2025-08-21 21:00:00,15.83,0.0,17.6,0.7549,0.0014,0.8,21.32836,0.08,0.0,381.7597092757123,-415.00438334667126,-61.120069930434546,-28.926589735953137,-123.29133373734666
2025-08-21 22:00:00,15.73,0.0,17.5,0.7379,0.0034,0.6000508145149043,21.29502666666667,0.08,0.0,379.4420759043133,-414.81657414563585,-58.57513289139212,-27.88345253403564,-121.83308366675031
2025-08-21 23:00:00,15.33,0.0,17.3,0.6783,0.0046,0.7999892811781918,21.260694133333335,0.08,0.0,371.85238266750594,-414.62320182266404,-63.62452390760163,-31.677674855765314,-138.07301791852504
2025-08-22 00:00:00,15.43,0.0,17.4,0.6452,0.0036,0.6000260411015508,21.226360800000002,0.08,0.0,370.08238613381945,-414.4298926113989,-59.03119898143637,-29.29164473082353,-132.67035018983933
2025-08-22 01:00:00,15.53,0.0,17.4,0.6252,0.0062,0.6999989499992125,21.192027466666666,0.08,0.0,369.08224240017586,-414.2366510027316,-59.86365506222791,-29.215550844284323,-134.233614509068
2025-08-22 02:00:00,15.53,0.0,17.4,0.5894,0.0005,0.5999645989556384,21.1560288,0.08,0.0,366.52396058926047,-414.0341088214802,-57.84158118334376,-28.252269079803423,-133.60399849536688
2025-08-22 03:00:00,15.63,0.0,17.3,0.5718,0.0,0.9999988499993387,21.1200288,0.08,0.0,365.5086638697477,-413.8316334267753,-63.98005319630021,-30.31774081239857,-142.62076356572638
2025-08-22 04:00:00,15.53,0.0,17.5,0.5351,0.0,0.6000215412799776,21.0840288,0.08,0.0,363.2287473199225,-413.62923230366584,-56.10117670285886,-27.816778363207497,-134.3184400498097
2025-08-22 05:00:00,15.63,2.0,17.4,0.5009,0.0,0.39998981237026526,21.053357866666666,0.08,1.8227210993262628,361.3291386001176,-413.45685112397194,-53.260976865233125,-25.604387608946595,-129.17035589870784
2025-08-22 06:00:00,15.83,19.0,17.7,0.4918,0.0,0.39997639930375894,21.0226912,0.08,17.310650311629757,362.6458957825166,-413.2845477990482,-50.333365327302005,-24.292608848008154,-107.95397588021201
2025-08-22 07:00:00,16.43,66.0,18.0,0.4874,0.0001,0.3,20.992024533333336,0.08,60.12307655692185,366.1787181582901,-413.11229833378826,-45.344571634890045,-20.207714917134783,-52.362790170601144
2025-08-22 08:00:00,17.33,234.0,17.8,0.4872,0.0,0.7999527986075179,21.01698,0.08,213.16224431517713,369.98355845713377,-413.25246487641397,-52.17281621471434,-18.155179615761465,99.56534206542106
2025-08-22 09:00:00,17.83,255.0,17.5,0.4872,0.0,1.6999344840316641,21.04198,0.08,232.29218931782125,371.5418880539089,-413.39291730869513,-66.83852803106454,-19.33286288760839,104.26976914436207
2025-08-22 10:00:00,19.53,589.0,17.4,0.4872,0.0,2.200035738346084,21.06698,0.08,536.5494098360655,379.670723725586,-413.5334055396913,-72.00620581705932,-9.782946275605845,420.897575929295
2025-08-22 11:00:00,19.43,388.0,16.9,0.4872,0.0,1.19999819999865,21.1259528,0.08,353.44850766790057,377.59473430399987,-413.86494677203353,-61.98407029499355,-8.615271438025726,246.57895346684762
2025-08-22 12:00:00,20.03,382.0,16.9,0.4872,0.0,1.400021060555876,21.1849528,0.08,347.98280909571656,380.58921476646753,-414.196840373353,-64.6810742571574,-6.054589539370849,243.63951969230285
2025-08-22 13:00:00,20.93,471.0,16.7,0.4872,0.0,1.3000181114122988,21.2439528,0.08,429.0573379164463,384.4594646062069,-414.52893355297493,-63.30074881319275,-1.5554678292426383,334.1316523272429
2025-08-22 14:00:00,21.13,409.0,16.2,0.4872,0.0,1.0999841680678863,21.288297866666667,0.08,372.57845267054466,383.79834569062973,-414.77866996303584,-63.56352801089995,-0.7380719759657437,277.2965284112729
2025-08-22 15:00:00,21.53,381.0,15.9,0.4872,0.0,1.7999626051671185,21.332631199999998,0.08,347.0718593336859,384.78488977203995,-415.02845307499985,-78.27055767320107,1.0888157514517387,239.64655410897666
2025-08-22 16:00:00,21.13,289.0,15.7,0.4872,0.0,1.4999972833308732,21.376964533333332,0.08,263.26448122686406,382.08329176005554,-415.27834898605954,-75.95501549971526,-1.2854288267481795,152.8289796743966
2025-08-22 17:00:00,20.23,95.0,16.3,0.4872,0.0,1.9000079262992562,21.310719733333332,0.08,86.54022739291379,379.6257866252304,-414.90498527236525,-79.66092383024005,-6.360889259613329,-34.76078434407448
2025-08-22 18:00:00,19.33,40.0,15.9,0.487,0.0,1.9000018736832867,21.2443864,0.08,36.43775280898876,373.8138899467342,-414.5313748953637,-84.46444774623073,-11.564365828322773,-100.30854571419422
2025-08-22 19:00:00,18.83,2.0,15.3,0.485,0.0,2.000042344551735,21.178053066666667,0.08,1.8217689768976897,369.2034714767385,-414.1580168944816,-92.11863131904528,-14.682164563598725,-149.93357232348936
2025-08-22 20:00:00,18.23,0.0,15.7,0.4815,0.0,1.2,21.13836506666667,0.08,0.0,367.43631917136645,-413.9347531124446,-74.47497018200072,-15.42975626195053,-136.40316038502937
2025-08-22 21:00:00,17.83,0.0,15.6,0.4894,0.0,1.4000345852870921,21.0986984,0.08,0.0,365.6198253408848,-413.71169954746574,-79.43951639893116,-18.419989410492768,-145.95138001600486
2025-08-22 22:00:00,17.63,0.0,15.6,0.4501,0.0,1.1,21.059031733333335,0.08,0.0,362.45250266694495,-413.4887361408927,-73.8175942974554,-18.07317343511773,-142.92700120652086
2025-08-22 23:00:00,17.43,0.0,15.1,0.4499,0.0,1.1999938208174241,21.020031200000002,0.08,0.0,359.8031783834442,-413.269604897116,-79.68137614111758,-19.50113159382775,-152.6489342486171
2025-08-23 00:00:00,16.53,0.0,14.8,0.4436,0.0,1.0999883863023283,20.9810312,0.08,0.0,354.1795046124515,-413.05056375731965,-82.07947033095247,-24.305386934332486,-165.25591641015308
2025-08-23 01:00:00,16.33,0.0,15.1,0.4371,0.0,1.7000312614772706,20.9420312,0.08,0.0,353.91808984402684,-412.83160970119485,-90.98866756172718,-28.96077418088025,-178.86296159977547
2025-08-23 02:00:00,16.53,0.0,14.9,0.4508,0.0,1.3999845320574082,20.904696533333333,0.08,0.0,354.8959374325648,-412.62208673433196,-85.89472722458127,-25.55180492117194,-169.1726814475204
2025-08-23 03:00:00,16.23,0.0,14.4,0.473,0.0,1.1000205907163738,20.8673632,0.08,0.0,352.9468763687498,-412.41265100985123,-84.4839984595481,-25.483714219534995,-169.4334873201845
2025-08-23 04:00:00,15.73,0.0,14.0,0.4868,0.0,1.099958917414646,20.830029866666663,0.08,0.0,349.9506095577184,-412.20329502338814,-88.69327883861418,-28.464469920512997,-179.41043422479692
2025-08-23 05:00:00,15.63,2.0,14.2,0.5034,0.0,1.1000376948086825,20.796693333333334,0.08,1.8228726446612322,351.1333132677925,-412.01641946435814,-86.78333383698306,-28.901102472812898,-174.74466986170034
2025-08-23 06:00:00,15.53,33.0,13.2,0.5007,0.0,2.000042344551735,20.76336,0.08,30.074698459281002,346.8722016785441,-411.82962538282567,-115.04436742607294,-35.530942611207905,-185.45803528228137
2025-08-23 07:00:00,15.43,92.0,12.6,0.5016,0.0,2.000042344551735,20.730026666666667,0.08,83.84712012813668,344.1652340698978,-411.64289482300507,-120.88767162142281,-36.04925231515648,-140.56746456154988
2025-08-23 08:00:00,15.73,181.0,12.8,0.5016,0.0,1.4000345852870921,20.762640533333332,0.08,164.96009503470367,346.3251073343296,-411.8255943197446,-104.62867732061764,-30.010651486572268,-35.179720757901265
2025-08-23 09:00:00,16.83,536.0,12.9,0.5016,0.0,1.4999933633186515,20.7953072,0.08,488.5006129204485,351.82855397546973,-412.0086505532628,-103.00149444684224,-23.380183517863443,301.93883837794976
2025-08-23 10:00:00,18.13,594.0,13.3,0.5016,0.0,2.19998794769426,20.827973866666667,0.08,541.3607538707955,359.5141861641716,-412.19176780629107,-111.48526270305159,-17.754886268305672,359.4430232573187
2025-08-23 11:00:00,18.53,436.0,12.8,0.5016,0.0,2.1000104047361288,20.852646933333332,0.08,397.362438868126,359.448489356922,-412.3301163510582,-113.23878905700208,-14.817580963316193,216.42444185367148
2025-08-23 12:00:00,18.83,432.0,12.8,0.5016,0.0,1.6999996294117243,20.8773136,0.08,393.71691190603315,360.8760874470669,-412.4684638194317,-103.32192042356252,-11.879636587651817,226.922978522454
2025-08-23 13:00:00,19.03,377.0,12.4,0.5016,0.0,2.199965301999102,20.90198026666667,0.08,343.59091617725574,360.1927749966232,-412.60684609926346,-118.67886573049881,-12.031651331495892,160.46632801262072
2025-08-23 14:00:00,18.83,254.0,12.3,0.5016,0.0,1.7999856943875971,20.894006400000002,0.08,231.4909620928991,358.8277178346886,-412.5621081621582,-110.41470953902106,-12.254209393786638,55.0876528326218
2025-08-23 15:00:00,19.03,284.0,12.2,0.5016,0.0,1.5999994312498989,20.8860064,0.08,258.83241430859584,359.35704288442895,-412.51722725827796,-105.55201250689254,-10.459556425649954,89.6606610022043
2025-08-23 16:00:00,18.83,170.0,12.6,0.5016,0.0,1.899983002555549,20.8780064,0.08,154.9348958889482,360.0651135472467,-412.47235001630173,-109.84229340318358,-12.422357694919103,-19.736991678209524
2025-08-23 17:00:00,18.33,113.0,13.0,0.5016,0.0,1.4000204855644076,20.853686133333333,0.08,102.9861366791244,359.29399804503464,-412.3359441901814,-95.9250847703626,-13.872055553108424,-59.852949789493394
2025-08-23 18:00:00,17.83,31.0,12.4,0.5011,0.0,1.5000192865426762,20.8293528,0.08,28.252364667422782,354.4931251233783,-412.19949893907375,-104.61197187748027,-17.146214631409958,-151.21219565716285
2025-08-23 19:00:00,17.13,2.0,12.3,0.4926,0.0,1.0999958045374536,20.805019466666668,0.08,1.8222215735703862,350.32706023933355,-412.0630875538842,-97.79385083007693,-19.537729096546567,-177.24538566760376
2025-08-23 20:00:00,16.93,0.0,12.4,0.468,0.0,1.4999516158863258,20.766364266666667,0.08,0.0,348.4521254400515,-411.8464581550442,-106.61842110813018,-22.527737126284233,-192.54049094940714
2025-08-23 21:00:00,16.53,0.0,12.1,0.4312,0.0,1.4000185713053952,20.7276976,0.08,0.0,343.51931755938506,-411.6298499592119,-107.568648882838,-24.38004535157464,-200.0592266342395
2025-08-23 22:00:00,16.23,0.0,12.3,0.4224,0.0,0.9000326771845564,20.689030933333335,0.08,0.0,342.52732978805744,-411.4133272174607,-94.27436311234912,-23.183549183863658,-186.34390972561602
2025-08-23 23:00:00,15.53,0.0,12.4,0.4044,0.0,1.1,20.637707733333333,0.08,0.0,338.9021023157201,-411.12606330609503,-99.74138065140022,-28.514888471908854,-200.48023011368403
2025-08-24 00:00:00,15.23,0.0,12.2,0.3574,0.0,1.1999676328968212,20.5863744,0.08,0.0,334.7685912641538,-410.8388931813856,-103.98603571791539,-30.854694892697747,-210.9110325278449
2025-08-24 01:00:00,15.13,0.0,12.1,0.3279,0.0,0.7999639054357391,20.53504106666667,0.08,0.0,332.8051021345137,-410.55187352345274,-94.84305207173179,-28.341615488493353,-200.9314389491642
2025-08-24 02:00:00,14.53,0.0,12.2,0.2998,0.0,1.299967972682404,20.506689333333334,0.08,0.0,329.5573189671196,-410.39341518470707,-107.36924915916953,-35.902914128225326,-224.1082595049823
2025-08-24 03:00:00,13.93,0.0,12.2,0.2868,0.0,0.7000092856526976,20.478355999999998,0.08,0.0,326.49751971574636,-410.2351055131058,-94.83450560767876,-34.868035863664026,-213.4401272687022
2025-08-24 04:00:00,12.63,0.0,12.2,0.2608,0.0,0.9999752496937112,20.450022666666666,0.08,0.0,320.06766205820713,-410.07684164700777,-105.69249120480181,-46.57188201311375,-242.27355280671617
2025-08-24 05:00:00,11.83,4.0,11.9,0.2156,0.0,1.1999676328968212,20.4140288,0.08,3.616432190091908,314.36080172110877,-409.8758537427396,-115.24370499550751,-54.59805110929968,-261.7403759363461
2025-08-24 06:00:00,12.33,92.0,11.9,0.1936,0.0,0.6999681207026504,20.3780288,0.08,83.13524180690877,316.01222697843673,-409.6749054997206,-101.08021254269677,-45.09673338451786,-156.70438264158972
2025-08-24 07:00:00,14.23,265.0,12.4,0.1869,0.0,1.5999975999982001,20.342028799999998,0.08,239.42877888698914,325.97052514605133,-409.4740311543455,-110.57916178319236,-39.28049475780552,6.065616337697129
2025-08-24 08:00:00,15.23,440.0,12.5,0.1865,0.0,1.6,20.4039504,0.08,397.5384835952578,330.7368274227101,-409.8195897165203,-107.49561058445728,-32.34938612529697,178.61072459169333
2025-08-24 09:00:00,17.03,596.0,13.2,0.1865,0.0,1.3000227767235464,20.465950399999997,0.08,538.4839459608492,341.41517543334396,-410.1658048805153,-90.0886373864451,-19.01757561732107,360.62710350991165
2025-08-24 10:00:00,18.53,719.0,14.0,0.1865,0.0,1.799964277423305,20.527950399999998,0.08,649.6140220567963,351.2103107203644,-410.51223935985337,-90.11661283321648,-11.837436383927965,488.35804420016285
2025-08-24 11:00:00,19.33,765.0,13.9,0.1865,0.0,1.6000133905689664,20.6389112,0.08,691.1748635235732,354.57580553636154,-411.13279757281157,-86.38107426728453,-7.243285922562671,540.9935112972761
2025-08-24 12:00:00,20.53,635.0,14.3,0.1865,0.0,2.0999834404108997,20.7499112,0.08,573.720311552247,361.681001899706,-411.75427868082085,-91.37331919587052,-1.3169722269843334,430.95674334827737
2025-08-24 13:00:00,20.63,571.0,13.6,0.1865,0.0,2.3,20.8609112,0.08,515.8965321202096,359.5687375285793,-412.3764641103146,-103.58576172339511,-1.4440381260064323,358.05900568907276
2025-08-24 14:00:00,20.63,341.0,13.7,0.1865,0.0,2.0000236823597866,20.881317066666668,0.08,308.0923247863248,359.945250946096,-412.49092127080866,-96.50591888124653,-1.4734923841075522,157.56724319625806
2025-08-24 15:00:00,21.33,462.0,13.2,0.1865,0.0,1.699950922821009,20.9016504,0.08,417.41540777502064,361.33920814724877,-412.6049952870962,-92.20357904750497,2.2883437696214273,276.2343853572896
2025-08-24 16:00:00,21.73,484.0,13.3,0.1865,0.0,1.4999933633186515,20.921983733333334,0.08,437.29233195478355,363.6272310686845,-412.71909296205286,-85.92650896363246,4.0471724902068615,306.3211335879896
2025-08-24 17:00:00,20.63,264.0,13.1,0.1865,0.0,1.0000353643746804,20.8660448,0.08,238.52309015715468,357.6497951048386,-412.4052563946233,-78.76988639465877,-1.0729671134534677,103.9247753592578
2025-08-24 18:00:00,19.93,73.0,14.0,0.1861,0.0,0.6000260411015508,20.8100448,0.08,65.95464479850048,357.74586779024116,-412.0912565333732,-65.59358130940151,-3.6429119639146053,-57.627237217947716
2025-08-24 19:00:00,19.13,5.0,14.6,0.1855,0.0,1.8999882631216436,20.754044800000003,0.08,4.51737944337283,356.11036726152435,-411.777436012742,-88.69563408529982,-9.72278852503522,-149.56811191817985
2025-08-24 20:00:00,18.73,0.0,14.0,0.1849,0.0,1.6000270653960826,20.691716533333334,0.08,0.0,352.1044106486341,-411.42836308078995,-88.09700163578735,-11.093911770032397,-158.51486583797563
2025-08-24 21:00:00,17.83,0.0,13.9,0.1847,0.0,1.2,20.6293832,0.08,0.0,347.5760740381754,-411.0794837844966,-82.38436282089505,-14.794856697723722,-160.68262926493992
2025-08-24 22:00:00,16.73,0.0,13.8,0.1856,0.0,0.6999989499992125,20.567049866666668,0.08,0.0,342.2031454504626,-410.73082641488287,-75.19633342603521,-18.496990593360575,-162.22100498381604
2025-08-24 23:00:00,15.93,0.0,13.6,0.2002,0.0,0.9000326771845564,20.531361866666668,0.08,0.0,338.19231229015946,-410.53130781904804,-82.67138144372389,-24.045316608331078,-179.0556935809435
2025-08-25 00:00:00,14.73,0.0,13.5,0.2013,0.0,1.0,20.4956952,0.08,0.0,332.4853579417036,-410.3319811231012,-88.57007819947964,-32.13555681592491,-198.5522581968021
2025-08-25 01:00:00,13.83,0.0,13.3,0.1767,0.0,0.9,20.460028533333332,0.08,0.0,327.280986649678,-410.1327270208052,-90.27636590955852,-37.14673801145749,-210.2748442921432
2025-08-25 02:00:00,13.03,0.0,13.5,0.1449,0.0,0.39997639930375894,20.4070424,0.08,0.0,323.90712089709024,-409.8368506072186,-79.79123658290244,-37.507271926059566,-203.22823821909037
2025-08-25 03:00:00,12.63,0.0,13.3,0.091,0.0,0.4,20.3540424,0.08,0.0,320.78633888764335,-409.54105694095665,-81.74951493579218,-39.77005589673643,-210.2742888858419
2025-08-25 04:00:00,12.23,0.0,13.2,0.0718,0.0,0.3,20.3010424,0.08,0.0,318.5456192628534,-409.2454234171094,-80.85588659628489,-41.01632233544835,-212.57201308598928
2025-08-25 05:00:00,12.23,4.0,13.0,0.0832,0.0,0.39997639930375894,20.274021599999998,0.08,3.6059031719532557,317.94700274138006,-409.0947632536123,-84.12527258911823,-41.895853643954645,-213.5629835733519
2025-08-25 06:00:00,12.83,92.0,13.1,0.0957,0.0,0.2999546965793335,20.2470216,0.08,82.95719666019009,321.00515780810986,-408.94426061888214,-79.07626526285749,-36.79037644874165,-120.8485478621813
2025-08-25 07:00:00,14.73,266.0,13.1,0.0963,0.0,1.7000455199788034,20.2200216,0.08,239.85749708462467,329.3131957583504,-408.7937995144928,-102.32534525631132,-35.37024816514006,22.681299907030926
2025-08-25 08:00:00,16.23,437.0,13.6,0.0963,0.0,2.2000411814327476,20.281284266666667,0.08,394.051602353312,337.78137945192344,-409.1352536933091,-104.29415462980572,-27.680343557265534,190.72322992485513
2025-08-25 09:00:00,18.43,585.0,14.8,0.0963,0.0,2.000024442350643,20.3426176,0.08,527.506149603404,352.0176528918864,-409.47731597152284,-83.89340479293777,-11.804550885879987,374.34853084494983
2025-08-25 10:00:00,19.63,613.0,14.6,0.0963,0.0,1.300008557664141,20.403950933333334,0.08,552.7543071912592,356.9421661206571,-409.81959269377245,-70.71074470267118,-3.9006892154848285,425.2654466999877
2025-08-25 11:00:00,21.03,753.0,14.7,0.0963,0.0,1.4999920833124418,20.613165866666666,0.08,678.9950951305353,363.9230940612091,-410.98875185045205,-72.90361587897124,2.11814223295415,561.1439636952754
2025-08-25 12:00:00,22.63,801.0,15.9,0.0963,0.0,1.2999681111473467,20.8224992,0.08,722.2776509954299,375.8038277101876,-412.1610745926829,-59.33750999558272,8.242201361524412,634.8250954788762
2025-08-25 13:00:00,23.53,784.0,16.5,0.0963,0.0,1.7000143293513734,21.031832533333333,0.08,706.9484124599464,382.2495358488394,-413.3359035377062,-62.402210299713474,12.384708715615648,625.8445431869817
2025-08-25 14:00:00,24.03,708.0,16.6,0.0963,0.0,2.1999746293991667,21.0879552,0.08,638.4176990071966,385.0717461299221,-413.651303911522,-69.51832345450951,16.276182333056653,556.5960001041439
2025-08-25 15:00:00,24.13,587.0,16.1,0.0963,0.0,1.899960320638302,21.1439552,0.08,529.3095894311078,383.89069742214724,-413.96619479487424,-68.98550742650083,15.317439391213979,445.566024023094
2025-08-25 16:00:00,24.13,397.0,16.5,0.0963,0.0,1.7,21.199955199999998,0.08,357.98280579923306,385.23893132618326,-414.2812654263658,-63.28452724478971,14.29043867405042,279.94638312831125
2025-08-25 17:00:00,23.13,170.0,16.8,0.0963,0.0,1.7999799609995661,21.085092,0.08,153.29238535483532,381.24626844427826,-413.6352088193192,-63.413888419057855,10.578723483394874,68.06828004413143
2025-08-25 18:00:00,21.33,64.0,17.5,0.0958,0.0,0.9999752496937112,20.970092,0.08,57.7094742148934,374.56449384765904,-412.9891400423776,-48.51429534352398,1.596096711634605,-27.633370611714508
2025-08-25 19:00:00,20.03,5.0,17.6,0.0955,0.0,1.1999938208174241,20.855092,0.08,4.50852454712523,368.525084062512,-412.3438283962391,-51.76863731104711,-4.057796656788748,-95.13665375443773
2025-08-25 20:00:00,18.73,0.0,16.3,0.0952,0.0,1.4000185713053952,20.773731733333335,0.08,0.0,358.3111808437974,-411.8877399266994,-66.50963122513895,-11.051505368914468,-131.13769567695542
2025-08-25 21:00:00,17.73,0.0,15.0,0.0947,0.0,2.0999834404108997,20.692398400000002,0.08,0.0,349.4215882104701,-411.4321807119311,-91.45658416049196,-19.251177060594767,-172.71835372254773
2025-08-25 22:00:00,16.53,0.0,15.1,0.0928,0.0,1.0,20.61106506666667,0.08,0.0,344.201830969342,-410.9769994974985,-72.27621992108185,-21.46799071243453,-160.51937916167293
2025-08-25 23:00:00,15.43,0.0,15.1,0.0767,0.0,1.1999938208174241,20.553379466666666,0.08,0.0,339.0322864244236,-410.6543916015684,-77.8112679283195,-29.290809628721117,-178.72418273418543
2025-08-26 00:00:00,14.93,0.0,15.2,0.0695,0.0,1.0999637130378437,20.4957128,0.08,0.0,337.03037670836085,-410.33207946453905,-75.55609358387062,-31.545443600534647,-180.40323994058346
2025-08-26 01:00:00,14.33,0.0,14.9,0.0671,0.0,0.9000326771845564,20.438046133333334,0.08,0.0,333.36252599872154,-410.00995709566837,-75.17617170417068,-33.62970076587089,-185.4533035669884
2025-08-26 02:00:00,14.13,0.0,14.5,0.0697,0.0,0.9,20.40369413333333,0.08,0.0,331.1992163235328,-409.81815914883924,-78.50855266647598,-34.73465888388946,-191.86215437567185
2025-08-26 03:00:00,13.43,0.0,14.3,0.0772,0.0,0.899977699723721,20.3693608,0.08,0.0,327.5092621334491,-409.6265326675271,-81.53658555321994,-39.278730591364905,-202.93258667866283
2025-08-26 04:00:00,13.13,0.0,14.0,0.0891,0.0,0.9000256551898951,20.335027466666666,0.08,0.0,325.3120926343538,-409.4349733959044,-84.39445225884131,-41.13878975113822,-209.65612277153014
2025-08-26 05:00:00,12.83,4.0,13.8,0.1009,0.0,0.7999639054357391,20.3070224,0.08,3.607225738507714,323.45736852223007,-409.2787717901142,-84.54433457167113,-42.08632262618173,-208.84483472722926
2025-08-26 06:00:00,13.53,90.0,13.9,0.1038,0.0,0.39998981237026526,20.279022400000002,0.08,81.1675076468727,326.89071708045105,-409.1226431302009,-73.55816924655099,-33.52635039694883,-108.14893804637697
2025-08-26 07:00:00,16.33,264.0,14.2,0.1059,0.0,0.3,20.2510224,0.08,238.10185227812684,340.4362754229782,-408.96655914365857,-61.61280415863768,-16.901100819442053,91.05766357936675
2025-08-26 08:00:00,18.93,437.0,14.1,0.1064,0.0,1.200019333177595,20.365574933333335,0.08,394.13486016054077,352.02889674266027,-409.6054065205529,-73.95263950269118,-7.223126006325879,255.3825848736311
2025-08-26 09:00:00,20.93,596.0,14.3,0.1064,0.0,0.7999618615909136,20.4802416,0.08,537.5386193493874,362.1425535053056,-410.24563969202075,-60.87897424251199,1.8687838068430203,430.42534272700334
2025-08-26 10:00:00,23.03,720.0,15.2,0.1064,0.0,0.9999625993005938,20.594908266666664,0.08,649.3755133079846,375.47567668482174,-410.886623107058,-54.874269438342,9.859494586814197,568.9497920342205
2025-08-26 11:00:00,24.53,801.0,14.3,0.1064,0.0,1.199996204160663,20.85345973333333,0.08,722.430258555133,379.5372979047288,-412.3346745325149,-63.227649329620036,15.004319512787122,641.4095521105141
2025-08-26 12:00:00,25.63,815.0,15.4,0.1064,0.0,1.4999977499983126,21.112126399999998,0.08,735.0570046472328,389.0709701046291,-413.78719776965704,-62.32027989545281,19.513067103283188,667.5335641900353
2025-08-26 13:00:00,26.73,766.0,14.8,0.1064,0.0,1.999960424608447,21.370793066666664,0.08,690.8633933248836,392.38926705254363,-415.2435552126171,-76.80098066156152,25.831085183822566,617.0392096870711
2025-08-26 14:00:00,27.03,656.0,14.5,0.1064,0.0,2.3999876416348482,21.370666933333332,0.08,591.6532454583862,392.7543462425092,-415.24284411521495,-86.68018353985842,29.93812413962668,512.4226881854488
2025-08-26 15:00:00,27.03,502.0,15.0,0.1064,0.0,1.7000271791944974,21.3703336,0.08,452.7590384452894,394.6611000471516,-415.2409648981469,-68.30707754974105,24.731496905468205,388.6035929500212
2025-08-26 16:00:00,26.33,312.0,15.5,0.1064,0.0,1.7000271791944974,21.37000026666667,0.08,281.3960557667934,392.9606886136332,-415.23908568745765,-66.94823349188268,22.319279698838702,214.48870489992495
2025-08-26 17:00:00,24.63,145.0,17.9,0.1064,0.0,0.9999715995967086,21.2510952,0.08,130.77701309674694,392.41708502424746,-414.56914951176265,-42.55311450675191,13.088082132390008,79.1599162348698
2025-08-26 18:00:00,22.83,44.0,18.1,0.1062,0.0,1.299967972682404,21.132095200000002,0.08,39.68389228007181,383.95566903516277,-413.8994904036214,-47.67570536416168,7.777038232122413,-30.15859622042612
2025-08-26 19:00:00,21.03,2.0,17.5,0.1111,0.0,1.1000028409054223,21.013095200000002,0.08,1.8039995764730796,373.29576957890913,-413.23064290529175,-51.107103409001176,0.07826929576384602,-89.15970786314688
2025-08-26 20:00:00,20.33,0.0,16.8,0.1171,0.0,1.300015465292625,20.922738933333335,0.08,0.0,367.81707087578087,-412.723331117642,-59.50250169569707,-2.967422760862782,-107.37618469842097
2025-08-26 21:00:00,22.73,0.0,16.6,0.1283,0.0,2.800025001674092,20.8324056,0.08,0.0,379.07899931088775,-412.21661516587284,-78.05889039425583,12.363393687908461,-98.83311256133246
2025-08-26 22:00:00,22.13,0.0,17.4,0.1465,0.0001,1.900042444262759,20.742072266666668,0.08,0.0,378.9821313671401,-411.7103659430469,-57.36802314289934,7.53212967957936,-82.5641280392268
2025-08-26 23:00:00,20.03,0.0,18.9,0.1601,0.0002,1.4000125035155935,20.694704533333333,0.08,0.0,373.33940736080285,-411.4450924747462,-42.264320387502416,-3.423979317102442,-83.79398481854821
2025-08-27 00:00:00,19.13,0.0,19.3,0.175,0.0003,1.4999804265389598,20.647371200000002,0.08,0.0,370.3578977676014,-411.18013972863025,-40.78477587144022,-8.256125692708546,-89.86314352517762
2025-08-27 01:00:00,18.23,0.0,19.6,0.212,0.0001,1.0999983499987624,20.600037866666668,0.08,0.0,367.67548176197454,-410.9153149666539,-35.19901106945323,-12.024991238972165,-90.46383551310477
2025-08-27 02:00:00,18.63,0.0,19.4,0.2834,0.0,1.6000133905689664,20.570357066666666,0.08,0.0,371.28682658464874,-410.74931944548916,-40.531053676747284,-10.965379656516848,-90.95892619410456
2025-08-27 03:00:00,18.03,0.0,19.4,0.3625,0.0005,1.19999819999865,20.5406904,0.08,0.0,371.50776017013686,-410.5834532291624,-37.172191186977166,-13.13434632192701,-89.3822305679297
2025-08-27 04:00:00,17.83,0.0,19.2,0.4261,0.0001,0.6999641705116055,20.51102373333333,0.08,0.0,373.0623204422,-410.4176372521994,-33.807906133118024,-12.347898738256914,-83.51112168137435
2025-08-27 05:00:00,18.43,1.0,18.9,0.4513,0.0005,2.4000581659618168,20.4950128,0.08,0.9099077936333699,376.5601629809515,-410.3281681709761,-52.17201288758161,-13.88962833285224,-98.91973861682511
2025-08-27 06:00:00,18.23,51.0,18.8,0.4471,0.0,2.399973801940346,20.4790128,0.08,46.399241032906176,375.0480300501926,-410.2387747989005,-53.21324279594244,-15.203927261340137,-57.20867377308433
2025-08-27 07:00:00,19.03,215.0,19.1,0.4491,0.0,1.7,20.4630128,0.08,195.61678444774,380.0041796665077,-410.1493960339322,-42.00250621900124,-8.151470301919117,115.31759155939517
2025-08-27 08:00:00,21.43,351.0,18.8,0.4493,0.0,1.1999676328968212,20.577574933333334,0.08,319.35775856065004,391.3072247331656,-410.78968210923614,-37.2722176044491,3.926347693897114,266.52943127402744
2025-08-27 09:00:00,22.43,461.0,19.0,0.4493,0.0,1.1,20.6922416,0.08,419.44138659960015,397.05381364915803,-411.4313028186476,-34.69049230641758,7.489871787325448,377.8632769110185
2025-08-27 10:00:00,23.63,616.0,19.9,0.4493,0.0,2.30004384523426,20.806908266666664,0.08,560.4683170181208,405.9807186598909,-412.0736748549969,-39.53307029769941,16.051927936783155,530.8942184620987
2025-08-27 11:00:00,24.53,688.0,19.0,0.4493,0.0,2.0000336447170084,20.89759413333333,0.08,625.9776008254337,408.0417425782965,-412.58223694093704,-43.77469014986898,18.674457732608023,596.3368740455321
2025-08-27 12:00:00,25.23,555.0,17.8,0.4493,0.0,3.0999641933415942,20.9882608,0.08,504.967396014703,407.9341893998131,-413.09116179222605,-68.16553038575195,27.46022740565396,459.1051206421921
2025-08-27 13:00:00,24.53,272.0,18.3,0.4493,0.0,1.8000211998751572,21.078927466666666,0.08,247.47951660540397,405.8594508556393,-413.60055732180297,-49.043631182335666,16.95110502615298,207.6458839830576
2025-08-27 14:00:00,22.33,108.0,21.1,0.4493,0.0001,1.7999743609285106,21.013718933333333,0.08,98.26392571096923,402.51944128166764,-413.2341465256917,-29.822403849881717,6.9876811905934515,64.71449780765688
2025-08-27 15:00:00,20.53,64.0,20.1,0.4493,0.0013,4.200008005944751,20.948385599999998,0.08,58.230474495389174,390.42913580574367,-412.8672786778707,-61.27639880233344,-3.676081941962381,-29.160149121033662
2025-08-27 16:00:00,20.23,136.0,19.6,0.4493,0.0001,4.40000147727248,20.883052266666667,0.08,123.73975830270199,387.4965926109527,-412.5006551622899,-68.9047852337526,-5.9381371869314705,23.892773330680726
2025-08-27 17:00:00,20.93,170.0,20.8,0.4491,0.0,1.8,20.843365066666667,0.08,154.6737365400735,394.3960368730593,-412.2780663334569,-31.452641882998474,0.47972288675021635,105.81878808342765
2025-08-27 18:00:00,20.33,27.0,20.3,0.449,0.0,1.3000136614666786,20.8036984,0.08,24.565752417794968,389.93882233762827,-412.05568269281895,-31.614740102768355,-2.3609869150690317,-31.526834955233113
2025-08-27 19:00:00,19.53,1.0,20.4,0.4558,0.0,1.1000394538379066,20.764031733333333,0.08,0.9100357466649398,386.5176963300838,-411.833389029962,-29.673981644731043,-6.00062000044229,-60.08025859838656
2025-08-27 20:00:00,18.63,0.0,19.3,0.4843,0.0,1.7000378819308706,20.7200352,0.08,0.0,380.60946501277743,-411.58693582965793,-44.50661956552943,-12.144235691594648,-87.62832607400458
2025-08-27 21:00:00,17.83,0.0,18.4,0.5308,0.0,1.4000345852870921,20.6760352,0.08,0.0,376.92734334961233,-411.3405738535536,-49.542337958167344,-15.814535444489504,-99.77010390659814
2025-08-27 22:00:00,16.93,0.0,18.0,0.5901,0.0,1.1999938208174241,20.6320352,0.08,0.0,375.2879786499992,-411.0943224919434,-51.36116682301793,-20.186626125727003,-107.3541367906891
2025-08-27 23:00:00,16.53,0.0,17.7,0.661,0.0,1.4,20.608352266666667,0.08,0.0,377.7031000442537,-410.96182385024906,-56.80294692762328,-23.596304853278863,-113.65797558689752
2025-08-28 00:00:00,16.93,0.0,18.0,0.7392,0.0,0.9999715995967086,20.5846856,0.08,0.0,387.22614030593127,-410.8294482140264,-48.250270053252606,-18.935231901406645,-90.78880986275439
2025-08-28 01:00:00,18.23,0.0,18.1,0.7992,0.0001,2.199953556327951,20.561018933333333,0.08,0.0,399.93318673984015,-410.6971045601912,-59.32351734878442,-15.180892203985549,-85.268327373121
2025-08-28 02:00:00,18.93,0.0,19.3,0.8282,0.0,1.999957784554464,20.53602,0.08,0.0,410.3174375335365,-410.5573456185791,-44.30691419748906,-9.820567346080967,-54.36738962861263
2025-08-28 03:00:00,18.43,0.0,19.7,0.8273,0.0,1.4999977499983126,20.511020000000002,0.08,0.0,408.7192358380696,-410.4176163886311,-36.53318569278618,-11.541092534157098,-49.772658777504745
2025-08-28 04:00:00,18.33,1.0,19.7,0.8194,0.0,0.7999618615909136,20.48602,0.08,0.9235978316110451,407.3704033939267,-410.2779228283388,-30.303568150275165,-10.002906613440034,-42.29039636651619
2025-08-28 05:00:00,18.53,0.0,19.5,0.8248,0.0001,1.2999870345507296,20.460020800000002,0.08,0.0,408.40679301751567,-410.1326838259169,-35.60092718192501,-10.1420013137704,-47.46881930409664
2025-08-28 06:00:00,17.13,3.0,18.1,0.8342,0.0044,2.799977865983944,20.434020800000003,0.08,2.7729871332990217,397.5983449109815,-409.9874789207772,-66.03470842422814,-24.721571685269613,-100.37242698599447
2025-08-28 07:00:00,16.43,22.0,18.1,0.8307,0.0034,2.1999451015877645,20.408020800000003,0.08,20.331397930385698,393.5651861720087,-409.8423125757156,-59.78446083811163,-27.12508718404346,-82.85527649547629
2025-08-28 08:00:00,16.53,37.0,17.9,0.8304,0.0021,2.199996699997525,20.400672533333335,0.08,34.19316279069768,393.43460186317424,-409.80129183251546,-61.54702778209862,-26.316122420523914,-70.03667738126609
2025-08-28 09:00:00,16.53,61.0,17.5,0.8304,0.0017,2.400001154166389,20.3933392,0.08,56.372511627906974,392.16642787716194,-409.76035752269996,-68.05342612605837,-27.276807096094377,-56.55165123978378
2025-08-28 10:00:00,16.93,139.0,17.3,0.8304,0.0001,2.4999927239894117,20.386005866666665,0.08,128.45539534883721,393.6116727915145,-409.71942627960175,-70.61823252952233,-24.593452807410173,17.13595652381744
2025-08-28 11:00:00,17.43,161.0,17.6,0.8304,0.0,2.500031601800265,20.385666933333333,0.08,148.78646511627906,397.2084795577297,-409.71753458610806,-66.51708212039276,-20.75818716773748,49.002140799770416
2025-08-28 12:00:00,18.03,150.0,18.6,0.8304,0.0,1.199975620585685,20.3853336,0.08,138.62093023255812,403.55362155575676,-409.7156741543644,-41.43355749769158,-12.253520104363648,78.77180003189518
2025-08-28 13:00:00,18.23,76.0,18.1,0.8304,0.0,1.0999841680678863,20.38500026666667,0.08,70.23460465116278,403.0513866382995,-409.7138137289563,-43.87697043075901,-10.847751149350241,8.847455980396713
2025-08-28 14:00:00,18.33,114.0,17.9,0.8304,0.0,1.4999899266328425,20.3869984,0.08,105.35190697674417,402.94489479411266,-409.72496595786504,-49.995669795536344,-11.3986641464316,37.17750187102388
2025-08-28 15:00:00,18.53,117.0,17.5,0.8304,0.0,1.4000094285396794,20.3889984,0.08,108.12432558139535,402.70973619488046,-409.7361288332314,-51.73856113501249,-9.988690144832406,39.37068166319949
2025-08-28 16:00:00,18.33,99.0,18.0,0.8304,0.0,1.1000028409054223,20.390998399999997,0.08,91.48981395348838,403.2657116062935,-409.74729193669407,-44.54715876421157,-10.338601258356404,30.122473600519818
2025-08-28 17:00:00,18.53,106.0,18.0,0.8305,0.0,1.1999938208174241,20.3840056,0.08,97.95931765711842,404.34388978234927,-409.70826225719975,-45.29347234586817,-9.472630615952236,37.828842220447505
2025-08-28 18:00:00,18.03,50.0,18.3,0.8301,0.0,0.4999992499994375,20.3770056,0.08,46.20623130182066,402.5867637528497,-409.66919518420406,-35.94739187795104,-10.046790488651054,-6.870382496135781
2025-08-28 19:00:00,16.83,3.0,18.1,0.8218,0.0,0.6000332324130057,20.370005600000002,0.08,2.7711454761500596,394.7800919312619,-409.6301309051584,-40.23815843858842,-16.404332033930643,-68.72138397026549
2025-08-28 20:00:00,16.33,0.0,17.1,0.7859,0.0,1.5000534023827288,20.352680533333334,0.08,0.0,385.56715981624376,-409.5334584565629,-59.961087055028095,-23.76169182473521,-107.68907752008246
2025-08-28 21:00:00,16.03,0.0,16.8,0.7268,0.0,1.1999676328968212,20.3353472,0.08,0.0,377.7903688926572,-409.43675700488234,-58.79069339844083,-23.959140308184367,-114.39622181885031
2025-08-28 22:00:00,16.23,0.0,16.7,0.6465,0.0,1.6000133905689664,20.318013866666668,0.08,0.0,371.96529128224785,-409.3400726794999,-64.59910129615709,-24.734480228482866,-126.70836292189199
2025-08-28 23:00:00,15.83,0.0,16.6,0.5604,0.006,2.800005032138335,20.30734186666667,0.08,0.0,363.5722711436756,-409.2805534015685,-83.19313872424843,-34.477487352470455,-163.3789083346118
2025-08-29 00:00:00,14.73,0.0,15.9,0.5117,0.0036,2.600031634422935,20.296675200000003,0.08,0.0,353.0665042749114,-409.22107035448636,-90.41548401033107,-42.529730899741104,-189.09978098964714
2025-08-29 01:00:00,14.43,0.0,15.9,0.4575,0.0017,0.6999681207026504,20.286008533333334,0.08,0.0,348.643462794504,-409.16159379139464,-61.36831918286569,-30.42742367913098,-152.31387385888732
2025-08-29 02:00:00,14.43,0.0,15.8,0.4152,0.0001,0.8000206122344599,20.2700128,0.08,0.0,346.21850658330686,-409.07241488864656,-63.500697549014525,-31.09510404951206,-157.44970990386628
2025-08-29 03:00:00,14.73,0.0,15.9,0.4016,0.0,2.0999712021834966,20.2540128,0.08,0.0,347.2883029565436,-408.9832267828973,-81.8850888896685,-38.52846564283768,-182.1084783588599
2025-08-29 04:00:00,13.53,0.0,14.3,0.4007,0.0,2.300050427708053,20.2380128,0.08,0.0,336.5606275058928,-408.89405326188574,-105.26629313630735,-50.027525535457855,-227.62724442775817
2025-08-29 05:00:00,12.63,2.0,13.4,0.409,0.0,2.19998794769426,20.229007199999998,0.08,1.8174808296668763,329.7977306788922,-408.8438683597203,-115.75437069682216,-56.931559707356264,-249.91458725533965
2025-08-29 06:00:00,12.53,59.0,13.3,0.4195,0.0,1.3000102499595916,20.220007199999998,0.08,53.632437203416636,329.47382967057933,-408.7937192796498,-98.56292732093614,-48.644955648442,-172.89533537503195
2025-08-29 07:00:00,14.23,263.0,13.8,0.425,0.0,0.7999987999991001,20.211007199999997,0.08,239.1129206349206,339.13970472145587,-408.74357481321215,-79.23501513991972,-32.002431945324844,58.27160345791977
2025-08-29 08:00:00,16.33,435.0,13.7,0.4253,0.0,0.8000006249997559,20.326241066666665,0.08,395.4945303867403,348.4478922310739,-409.3859613875254,-75.78740204856987,-19.90803628569382,238.86102289602502
2025-08-29 09:00:00,17.93,601.0,14.6,0.4253,0.0,0.9000247218826826,20.441574399999997,0.08,546.4188799136343,359.18266573066205,-410.02966032230955,-68.27027869370967,-12.148919232487529,415.15268739578966
2025-08-29 10:00:00,19.13,719.0,13.8,0.4253,0.0,1.3000089230462997,20.556907733333333,0.08,653.7024536737156,361.9998885262797,-410.67411804996857,-80.39407806634047,-7.364786415139701,517.2693596685464
2025-08-29 11:00:00,19.43,492.0,12.7,0.4253,0.0,1.09996238572053,20.760503733333334,0.08,447.31795160983046,359.1473986880386,-411.8136223264978,-86.34240009182207,-6.493454028961417,301.8158738505877
2025-08-29 12:00:00,20.03,521.0,12.2,0.4253,0.0,1.3999300053931267,20.9641704,0.08,473.6842536356131,359.9243993429547,-412.95589305852184,-98.34485478454259,-4.858730229677978,317.4491749058254
2025-08-29 13:00:00,20.33,365.0,13.1,0.4253,0.0,0.999998499998875,21.167837066666667,0.08,331.85173239347176,365.0394950432536,-414.1005384300463,-83.93586030793489,-3.902174756138857,194.95265394260528
2025-08-29 14:00:00,19.93,208.0,13.5,0.4253,0.0,1.3000136614666786,21.177325866666667,0.08,189.11002832285513,364.6884502801271,-414.15392523825574,-89.43930982594674,-6.396263973917967,43.808979564861744
2025-08-29 15:00:00,19.43,123.0,14.1,0.4253,0.0,1.19999819999865,21.1866592,0.08,111.82948790245761,364.5529679093767,-414.20644238053296,-84.30693666609436,-8.943479437664633,-31.07440267245761
2025-08-29 16:00:00,16.83,41.0,16.1,0.4253,0.0008,3.4000423365011208,21.195992533333335,0.08,37.27649596748587,358.95726372434484,-414.25896451726237,-114.90852884115519,-36.97373250957637,-169.90746617616324
2025-08-29 17:00:00,16.03,33.0,16.2,0.4253,0.0008,2.500031601800265,21.051449066666667,0.08,30.00303333968375,355.46818482541494,-413.44612479362786,-96.91869227687079,-37.19503680976989,-162.08863571516986
2025-08-29 18:00:00,16.03,9.0,16.0,0.4252,0.0,3.0000013616663574,20.9067824,0.08,8.182620777241553,354.83293678199254,-412.63379055985615,-104.92302141025225,-39.197732023835954,-193.73898643471028
2025-08-29 19:00:00,16.03,1.0,15.6,0.4316,0.0,3.2999950499962876,20.762115733333335,0.08,0.9093562866615659,353.8716373910225,-411.8226539632641,-112.01862958308332,-39.773968618748896,-208.83425848741223
2025-08-29 20:00:00,15.73,0.0,15.7,0.461,0.0,2.800040603277031,20.699716533333334,0.08,0.0,354.3056180188294,-411.4731551071346,-101.5745538824034,-38.72413452829949,-197.46622549900803
2025-08-29 21:00:00,15.53,0.0,15.6,0.4947,0.0,2.4999815699320664,20.6373832,0.08,0.0,354.90388513054614,-411.12424732145547,-96.84107022196926,-37.912830551145376,-190.97426296402398
2025-08-29 22:00:00,15.63,0.0,15.0,0.5351,0.0,2.6999879258989288,20.575049866666667,0.08,0.0,355.792147529319,-410.77556147453936,-105.72398270877086,-37.85881128254995,-198.56620793654116
2025-08-29 23:00:00,15.33,0.0,15.2,0.5841,0.0,2.2000129567800277,20.5440248,0.08,0.0,358.1966327726288,-410.6020933402149,-94.72448902605278,-36.75164892816369,-183.88159852180254
2025-08-30 00:00:00,15.03,0.0,15.3,0.5868,0.0,1.3,20.5130248,0.08,0.0,357.2782338220978,-410.42882023943906,-78.1946991656788,-32.43440781583991,-163.77969339886
2025-08-30 01:00:00,14.93,0.0,14.8,0.5431,0.0,1.9999840049360393,20.482024799999998,0.08,0.0,352.2949175230703,-410.2556019850752,-95.21180098897388,-38.022951784726544,-191.19543723570536
2025-08-30 02:00:00,14.63,0.0,15.0,0.5266,0.0,1.1999704204687716,20.458352266666665,0.08,0.0,350.5514428903251,-410.1233642361952,-79.2338355702823,-34.0848942723147,-172.89065118846705
2025-08-30 03:00:00,14.53,0.0,15.0,0.5047,0.0,0.49997049912969865,20.4346856,0.08,0.0,348.79835496750405,-409.99119121810594,-66.69746876096907,-29.181281349259404,-157.07158636083037
2025-08-30 04:00:00,14.23,0.0,15.1,0.4733,0.0001,0.8000412801849665,20.411018933333335,0.08,0.0,345.98787348585995,-409.8590501497586,-71.61967663809614,-33.302811277560174,-168.79366457955499
2025-08-30 05:00:00,14.23,1.0,14.4,0.4435,0.0,0.9999715995967086,20.39334746666667,0.08,0.9096877610022486,342.1121576461441,-409.7604036651045,-80.8020801501116,-34.80731408176385,-182.34795248983357
2025-08-30 06:00:00,14.23,13.0,14.3,0.4224,0.0,1.5999975999982001,20.3756808,0.08,11.818344827586206,340.74455572286325,-409.6618017760178,-92.75794131766958,-39.5352167026275,-189.39205924586543
2025-08-30 07:00:00,14.93,63.0,14.7,0.4187,0.0,1.0000401791928162,20.358014133333334,0.08,57.26716334661354,345.13690429749613,-409.5632176831555,-75.92547689196024,-29.91299001503823,-112.99761694604429
2025-08-30 08:00:00,15.83,206.0,14.6,0.4186,0.0,0.8999652937752656,20.392638933333334,0.08,187.25397394713542,348.9677369923098,-409.7564488286488,-73.083116058679,-23.80971180842955,29.57243424368797
2025-08-30 09:00:00,16.83,328.0,14.5,0.4186,0.0,1.4000204855644076,20.4273056,0.08,298.15195851776906,353.2999562211732,-409.9499821106386,-81.07332463939159,-20.49147649065697,139.93713149825513
2025-08-30 10:00:00,17.23,388.0,14.3,0.4186,0.0,2.7999779463417207,20.461972266666667,0.08,352.69195092955607,354.4787276948533,-410.14358394074293,-109.12730674065318,-24.139194739393993,163.76059320361935
2025-08-30 11:00:00,18.13,471.0,14.1,0.4186,0.0,2.4000031354146185,20.579572533333334,0.08,428.13894043252805,358.0126853017196,-410.80085331176855,-103.15423234475232,-16.65119401187979,255.545346065847
2025-08-30 12:00:00,19.23,810.0,14.1,0.4186,0.0,2.4000031354146185,20.697239200000002,0.08,736.2898975591247,363.2539780224466,-411.45928411873973,-102.13434417872517,-9.705737608910434,576.2445096751958
2025-08-30 13:00:00,19.03,473.0,13.4,0.4186,0.0,2.199986856778922,20.814905866666667,0.08,429.9569401795877,359.67092269443566,-412.11850610744824,-107.45357288107841,-11.443160484563794,258.6126234009329
2025-08-30 14:00:00,19.03,352.0,14.0,0.4186,0.0,1.5000049933250221,20.89027306666667,0.08,319.96795548248383,361.9286262383384,-412.5411632846312,-88.2346693110646,-10.240529809171615,170.8802193159549
2025-08-30 15:00:00,18.73,330.0,14.5,0.4186,0.0,2.1999805317320424,20.965606400000002,0.08,299.9699582648286,362.3095721707639,-412.9639553351028,-100.33025948858095,-14.519936471297925,134.46537914061082
2025-08-30 16:00:00,18.93,238.0,14.4,0.4186,0.0,2.599996099997075,21.040939733333335,0.08,216.3419699000885,362.9087911319606,-413.3870722755826,-110.35951579675434,-14.771421408704715,40.73275155100734
2025-08-30 17:00:00,18.43,171.0,14.7,0.4186,0.0,2.9000219481928062,20.990706933333335,0.08,155.438978373593,361.58273059436135,-413.1048988046554,-113.65875444201767,-19.142826335857777,-28.88477061457658
2025-08-30 18:00:00,16.93,30.0,15.4,0.4161,0.0,1.1999676328968212,20.9403736,0.08,27.26796009849107,356.7035458012029,-412.8223055213374,-77.33148497870572,-22.097697166072997,-128.27998176642214
2025-08-30 19:00:00,16.53,2.0,15.1,0.399,0.0,1.600004649993243,20.890040266666666,0.08,1.816946908182386,353.0005704834125,-412.53985724832694,-87.67987320461843,-26.600820535357443,-172.00303359670795
2025-08-30 20:00:00,15.33,0.0,14.9,0.3713,0.0,1.1000028409054223,20.81239546666667,0.08,0.0,345.5097977289108,-412.10443344486254,-81.93555705933312,-30.98857847083906,-179.5187712461239
2025-08-30 21:00:00,14.73,0.0,14.6,0.347,0.0,0.799953423644152,20.7347288,0.08,0.0,340.76185551840365,-411.6692319349337,-79.10204198170844,-32.15548168926138,-182.16490008749986
2025-08-30 22:00:00,14.03,0.0,14.4,0.3249,0.0,1.1000101908618847,20.657062133333334,0.08,0.0,336.0801139127333,-411.2343752108679,-87.37650186938468,-38.86900461604606,-201.39976778356535
2025-08-30 23:00:00,14.83,0.0,14.4,0.2951,0.0,1.1999704204687716,20.6060408,0.08,0.0,338.65620800487136,-410.9488936293889,-86.30718911280486,-33.72279731924712,-192.32267205656953
2025-08-31 00:00:00,14.43,0.0,14.0,0.2668,0.0,1.5999659902635432,20.5550408,0.08,0.0,334.59948541061135,-410.6636799850735,-98.17753643650327,-39.37868197584474,-213.62041298681015
